order_service-1  | INFO:     Started server process [1]
order_service-1  | INFO:     Waiting for application startup.
order_service-1     | INFO:     Application startup complete.
courier_service-1  | INFO:     Started server process [1]
courier_service-1   | INFO:     Waiting for application startup.
courier_service-1   | INFO:     Application startup complete.
courier_service-1   | INFO:     Uvicorn running on http://0.0.0.0:8002 (Press CTRL+C to quit)
courier_service-1   | INFO:     172.18.0.8:52036 - "GET /api/couriers/ HTTP/1.1" 200 OK
courier_service-1   | INFO:     172.18.0.8:52044 - "GET /api/couriers/ HTTP/1.1" 200 OK
courier_service-1   | INFO:     172.18.0.8:52058 - "GET /api/couriers/ HTTP/1.1" 200 OK
courier_service-1   | INFO:     172.18.0.8:52070 - "GET /api/couriers/ HTTP/1.1" 200 OK
courier_service-1   | Автоназначение запущено, ORDER_SERVICE_URL=http://order_service:8001
courier_service-1   | INFO:     172.18.0.8:52086 - "GET /api/couriers/ HTTP/1.1" 200 OK
courier_service-1   | INFO:     172.18.0.8:52088 - "GET /api/couriers/ HTTP/1.1" 200 OK
courier_service-1   | INFO:     172.18.0.8:56948 - "GET /api/graph/nodes HTTP/1.1" 200 OK
courier_service-1   | INFO:     172.18.0.8:56954 - "GET /api/couriers/ HTTP/1.1" 200 OK
courier_service-1   | INFO:     172.18.0.8:56962 - "GET /api/couriers/ HTTP/1.1" 200 OK
courier_service-1   | INFO:     172.18.0.3:41768 - "GET /metrics HTTP/1.1" 200 OK
courier_service-1   | INFO:     172.18.0.8:56976 - "GET /api/couriers/ HTTP/1.1" 200 OK
courier_service-1   | INFO:     172.18.0.8:56986 - "GET /api/couriers/ HTTP/1.1" 200 OK
courier_service-1   | INFO:     172.18.0.8:56998 - "GET /api/couriers/ HTTP/1.1" 200 OK
courier_service-1   | INFO:     172.18.0.8:57010 - "GET /api/couriers/ HTTP/1.1" 200 OK
prometheus-1       | time=2026-05-04T08:58:12.148Z level=INFO source=main.go:1678 msg="updated GOGC" old=100 new=75
prometheus-1        | time=2026-05-04T08:58:12.149Z level=INFO source=main.go:744 msg="Leaving GOMAXPROCS=12: CPU quota undefined" component=automaxprocs
prometheus-1        | time=2026-05-04T08:58:12.149Z level=INFO source=memlimit.go:198 msg="GOMEMLIMIT is updated" component=automemlimit package=github.com/KimMachineGun/automemlimit/memlimit GOMEMLIMIT=14808770150 previous=9223372036854775807
prometheus-1        | time=2026-05-04T08:58:12.149Z level=INFO source=main.go:851 msg="Starting Prometheus Server" mode=server version="(version=3.11.3, branch=HEAD, revision=eb173f5256d4022afba1e9bc3d19740a76859fae)"
prometheus-1        | time=2026-05-04T08:58:12.149Z level=INFO source=main.go:856 msg="operational information" build_context="(go=go1.26.2, platform=linux/amd64, user=root@83aad33dd38e, date=20260427-14:45:32, tags=netgo,builtinassets)" host_details="(Linux 6.17.7-arch1-1 #1 SMP PREEMPT_DYNAMIC Sun, 02 Nov 2025 17:27:22 +0000 x86_64 9bc485bb6192 (none))" fd_limits="(soft=524287, hard=524288)" vm_limits="(soft=unlimited, hard=unlimited)"
web_service-1      | INFO:     Started server process [1]
web_service-1       | INFO:     Waiting for application startup.
web_service-1       | INFO:     Application startup complete.
web_service-1       | INFO:     Uvicorn running on http://0.0.0.0:5000 (Press CTRL+C to quit)
web_service-1       | INFO:     172.18.0.1:55916 - "WebSocket /api/orders/ws/web_client" 403
web_service-1       | INFO:     connection rejected (403 Forbidden)
web_service-1       | INFO:     connection closed
postgres_courier-1  | The files belonging to this database system will be owned by user "postgres".
postgres_courier-1  | This user must also own the server process.
postgres_courier-1  | 
postgres_courier-1  | The database cluster will be initialized with locale "en_US.utf8".
postgres_courier-1  | The default database encoding has accordingly been set to "UTF8".
postgres_courier-1  | The default text search configuration will be set to "english".
postgres_courier-1  | 
postgres_courier-1  | Data page checksums are disabled.
postgres_courier-1  | 
postgres_courier-1  | fixing permissions on existing directory /var/lib/postgresql/data ... ok
postgres_courier-1  | creating subdirectories ... ok
postgres_courier-1  | selecting dynamic shared memory implementation ... posix
postgres_courier-1  | selecting default max_connections ... 100
postgres_courier-1  | selecting default shared_buffers ... 128MB
postgres_courier-1  | selecting default time zone ... UTC
postgres_courier-1  | creating configuration files ... ok
postgres_courier-1  | running bootstrap script ... ok
postgres_courier-1  | sh: locale: not found
postgres_courier-1  | 2026-05-04 08:58:12.396 UTC [35] WARNING:  no usable system locales were found
postgres_courier-1  | performing post-bootstrap initialization ... ok
postgres_courier-1  | initdb: warning: enabling "trust" authentication for local connections
postgres_courier-1  | initdb: hint: You can change this by editing pg_hba.conf or using the option -A, or --auth-local and --auth-host, the next time you run initdb.
postgres_courier-1  | syncing data to disk ... ok
postgres_courier-1  | 
postgres_courier-1  | 
postgres_courier-1  | Success. You can now start the database server using:
postgres_courier-1  | 
postgres_courier-1  |     pg_ctl -D /var/lib/postgresql/data -l logfile start
postgres_courier-1  | 
redis-1            | 1:C 04 May 2026 08:58:12.152 # WARNING Memory overcommit must be enabled! Without it, a background save or replication may fail under low memory condition. Being disabled, it can also cause failures without low memory condition, see https://github.com/jemalloc/jemalloc/issues/1328. To fix this issue add 'vm.overcommit_memory = 1' to /etc/sysctl.conf and then reboot or run the command 'sysctl vm.overcommit_memory=1' for this to take effect.
web_service-1       | INFO:web_service.main:Fetching couriers from http://courier_service:8002/api/couriers/
web_service-1       | INFO:web_service.main:Fetching orders from http://order_service:8001/api/orders/
postgres_courier-1  | waiting for server to start....2026-05-04 08:58:12.670 UTC [41] LOG:  starting PostgreSQL 15.17 on x86_64-pc-linux-musl, compiled by gcc (Alpine 15.2.0) 15.2.0, 64-bit
postgres_courier-1  | 2026-05-04 08:58:12.671 UTC [41] LOG:  listening on Unix socket "/var/run/postgresql/.s.PGSQL.5432"
postgres_courier-1  | 2026-05-04 08:58:12.672 UTC [44] LOG:  database system was shut down at 2026-05-04 08:58:12 UTC
postgres_courier-1  | 2026-05-04 08:58:12.674 UTC [41] LOG:  database system is ready to accept connections
postgres_courier-1  |  done
postgres_courier-1  | server started
postgres_courier-1  | CREATE DATABASE
order_service-1     | INFO:     Uvicorn running on http://0.0.0.0:8001 (Press CTRL+C to quit)
postgres_courier-1  | 
prometheus-1        | time=2026-05-04T08:58:12.238Z level=INFO source=web.go:710 msg="Start listening for connections" component=web address=0.0.0.0:9090
postgres_courier-1  | 
order_service-1     | INFO:     172.18.0.8:45204 - "GET /api/orders/ HTTP/1.1" 200 OK
postgres_courier-1  | /usr/local/bin/docker-entrypoint.sh: ignoring /docker-entrypoint-initdb.d/*
postgres_courier-1  | 
postgres_courier-1  | waiting for server to shut down....2026-05-04 08:58:12.790 UTC [41] LOG:  received fast shutdown request
postgres_courier-1  | 2026-05-04 08:58:12.791 UTC [41] LOG:  aborting any active transactions
postgres_courier-1  | 2026-05-04 08:58:12.792 UTC [41] LOG:  background worker "logical replication launcher" (PID 47) exited with exit code 1
postgres_courier-1  | 2026-05-04 08:58:12.793 UTC [42] LOG:  shutting down
postgres_courier-1  | 2026-05-04 08:58:12.793 UTC [42] LOG:  checkpoint starting: shutdown immediate
postgres_courier-1  | 2026-05-04 08:58:12.805 UTC [42] LOG:  checkpoint complete: wrote 921 buffers (5.6%); 0 WAL file(s) added, 0 removed, 0 recycled; write=0.007 s, sync=0.006 s, total=0.013 s; sync files=301, longest=0.001 s, average=0.001 s; distance=4239 kB, estimate=4239 kB
postgres_order-1   | The files belonging to this database system will be owned by user "postgres".
prometheus-1        | time=2026-05-04T08:58:12.238Z level=INFO source=main.go:1410 msg="Starting TSDB ..."
postgres_order-1    | This user must also own the server process.
redis-1             | 1:C 04 May 2026 08:58:12.152 * oO0OoO0OoO0Oo Redis is starting oO0OoO0OoO0Oo
order_service-1     | INFO:     172.18.0.8:45218 - "GET /api/orders/ HTTP/1.1" 200 OK
order_service-1     | INFO:     172.18.0.3:44108 - "GET /metrics HTTP/1.1" 200 OK
prometheus-1        | time=2026-05-04T08:58:12.239Z level=INFO source=tls_config.go:354 msg="Listening on" component=web address=[::]:9090
prometheus-1        | time=2026-05-04T08:58:12.239Z level=INFO source=tls_config.go:357 msg="TLS is disabled." component=web http2=false address=[::]:9090
prometheus-1        | time=2026-05-04T08:58:12.242Z level=INFO source=head.go:698 msg="Replaying on-disk memory mappable chunks if any" component=tsdb
prometheus-1        | time=2026-05-04T08:58:12.242Z level=INFO source=head.go:784 msg="On-disk memory mappable chunks replay completed" component=tsdb duration=1.481µs
prometheus-1        | time=2026-05-04T08:58:12.242Z level=INFO source=head.go:792 msg="Replaying WAL, this may take a while" component=tsdb
prometheus-1        | time=2026-05-04T08:58:12.242Z level=INFO source=head.go:865 msg="WAL segment loaded" component=tsdb segment=0 maxSegment=0 duration=487.07µs
prometheus-1        | time=2026-05-04T08:58:12.242Z level=INFO source=head.go:902 msg="WAL replay completed" component=tsdb checkpoint_replay_duration=21.106µs wal_replay_duration=510.954µs wbl_replay_duration=137ns chunk_snapshot_load_duration=0s mmap_chunk_replay_duration=1.481µs total_replay_duration=554.431µs
prometheus-1        | time=2026-05-04T08:58:12.244Z level=INFO source=main.go:1431 msg="filesystem information" fs_type=EXT4_SUPER_MAGIC
postgres_order-1    | 
prometheus-1        | time=2026-05-04T08:58:12.244Z level=INFO source=main.go:1434 msg="TSDB started"
postgres_order-1    | The database cluster will be initialized with locale "en_US.utf8".
prometheus-1        | time=2026-05-04T08:58:12.244Z level=INFO source=main.go:1632 msg="Loading configuration file" filename=/etc/prometheus/prometheus.yml
postgres_order-1    | The default database encoding has accordingly been set to "UTF8".
postgres_courier-1  | 2026-05-04 08:58:12.810 UTC [41] LOG:  database system is shut down
postgres_courier-1  |  done
postgres_courier-1  | server stopped
postgres_courier-1  | 
postgres_courier-1  | PostgreSQL init process complete; ready for start up.
postgres_courier-1  | 
postgres_courier-1  | 2026-05-04 08:58:12.915 UTC [1] LOG:  starting PostgreSQL 15.17 on x86_64-pc-linux-musl, compiled by gcc (Alpine 15.2.0) 15.2.0, 64-bit
postgres_courier-1  | 2026-05-04 08:58:12.915 UTC [1] LOG:  listening on IPv4 address "0.0.0.0", port 5432
postgres_courier-1  | 2026-05-04 08:58:12.915 UTC [1] LOG:  listening on IPv6 address "::", port 5432
postgres_order-1    | The default text search configuration will be set to "english".
order_service-1     | INFO:     172.18.0.8:45220 - "GET /api/orders/ HTTP/1.1" 200 OK
order_service-1     | INFO:     172.18.0.7:41578 - "GET /api/orders/ HTTP/1.1" 200 OK
order_service-1     | INFO:     172.18.0.7:41588 - "GET /api/orders/ HTTP/1.1" 200 OK
order_service-1     | INFO:     172.18.0.7:33520 - "GET /api/orders/ HTTP/1.1" 200 OK
order_service-1     | INFO:     172.18.0.7:33534 - "GET /api/orders/ HTTP/1.1" 200 OK
order_service-1     | INFO:     172.18.0.8:36920 - "GET /api/orders/ HTTP/1.1" 200 OK
order_service-1     | INFO:     172.18.0.7:33542 - "GET /api/orders/ HTTP/1.1" 200 OK
order_service-1     | INFO:     172.18.0.8:36930 - "GET /api/orders/ HTTP/1.1" 200 OK
order_service-1     | INFO:     172.18.0.7:33558 - "GET /api/orders/ HTTP/1.1" 200 OK
order_service-1     | INFO:     172.18.0.8:36938 - "GET /api/orders/ HTTP/1.1" 200 OK
order_service-1     | INFO:     172.18.0.7:33568 - "GET /api/orders/ HTTP/1.1" 200 OK
order_service-1     | INFO:     172.18.0.8:33978 - "GET /api/orders/ HTTP/1.1" 200 OK
order_service-1     | INFO:     172.18.0.3:51894 - "GET /metrics HTTP/1.1" 200 OK
order_service-1     | INFO:     172.18.0.7:55856 - "GET /api/orders/ HTTP/1.1" 200 OK
order_service-1     | INFO:     172.18.0.8:33986 - "POST /api/orders/clear HTTP/1.1" 200 OK
order_service-1     | INFO:     172.18.0.8:33994 - "GET /api/orders/ HTTP/1.1" 200 OK
order_service-1     | INFO:     172.18.0.7:55866 - "GET /api/orders/ HTTP/1.1" 200 OK
postgres_courier-1  | 2026-05-04 08:58:12.916 UTC [1] LOG:  listening on Unix socket "/var/run/postgresql/.s.PGSQL.5432"
postgres_courier-1  | 2026-05-04 08:58:12.919 UTC [57] LOG:  database system was shut down at 2026-05-04 08:58:12 UTC
order_service-1     | INFO:     172.18.0.7:55880 - "POST /api/orders/ HTTP/1.1" 200 OK
postgres_courier-1  | 2026-05-04 08:58:12.923 UTC [1] LOG:  database system is ready to accept connections
postgres_courier-1  | 2026-05-04 08:59:04.128 UTC [1] LOG:  received fast shutdown request
postgres_courier-1  | 2026-05-04 08:59:04.128 UTC [1] LOG:  aborting any active transactions
postgres_courier-1  | 2026-05-04 08:59:04.130 UTC [1] LOG:  background worker "logical replication launcher" (PID 60) exited with exit code 1
postgres_courier-1  | 2026-05-04 08:59:04.130 UTC [55] LOG:  shutting down
postgres_courier-1  | 2026-05-04 08:59:04.130 UTC [55] LOG:  checkpoint starting: shutdown immediate
postgres_courier-1  | 2026-05-04 08:59:04.134 UTC [55] LOG:  checkpoint complete: wrote 118 buffers (0.7%); 0 WAL file(s) added, 0 removed, 0 recycled; write=0.002 s, sync=0.002 s, total=0.005 s; sync files=69, longest=0.001 s, average=0.001 s; distance=464 kB, estimate=464 kB
order_service-1     | [Order 1] Found 5 couriers
prometheus-1        | time=2026-05-04T08:58:12.244Z level=INFO source=main.go:1048 msg="TSDB retention updated" duration=15d size=0B percentage=0
order_service-1     |   Courier 1: status=idle
postgres_courier-1  | 2026-05-04 08:59:04.137 UTC [1] LOG:  database system is shut down
postgres_order-1    | 
postgres_order-1    | Data page checksums are disabled.
postgres_order-1    | 
postgres_order-1    | fixing permissions on existing directory /var/lib/postgresql/data ... ok
postgres_order-1    | creating subdirectories ... ok
postgres_order-1    | selecting dynamic shared memory implementation ... posix
prometheus-1        | time=2026-05-04T08:58:12.244Z level=INFO source=main.go:1671 msg="Completed loading of configuration file" db_storage=55.479µs remote_storage=1.645µs web_handler=381ns query_engine=852ns scrape=121.856µs scrape_sd=28.407µs notify=880ns notify_sd=552ns rules=1.306µs tracing=2.857µs filename=/etc/prometheus/prometheus.yml totalDuration=389.671µs
prometheus-1        | time=2026-05-04T08:58:12.244Z level=INFO source=main.go:1395 msg="Server is ready to receive web requests."
prometheus-1        | time=2026-05-04T08:58:12.244Z level=INFO source=manager.go:209 msg="Starting rule manager..." component="rule manager"
prometheus-1        | time=2026-05-04T08:59:03.450Z level=WARN source=main.go:1191 msg="Received an OS signal, exiting gracefully..." signal=terminated
prometheus-1        | time=2026-05-04T08:59:03.450Z level=INFO source=main.go:1216 msg="Stopping scrape discovery manager..."
prometheus-1        | time=2026-05-04T08:59:03.450Z level=INFO source=main.go:1230 msg="Stopping notify discovery manager..."
prometheus-1        | time=2026-05-04T08:59:03.450Z level=INFO source=main.go:1245 msg="Stopping rule manager manager..."
prometheus-1        | time=2026-05-04T08:59:03.450Z level=INFO source=manager.go:223 msg="Stopping rule manager..." component="rule manager"
prometheus-1        | time=2026-05-04T08:59:03.450Z level=INFO source=main.go:1212 msg="Scrape discovery manager stopped"
prometheus-1        | time=2026-05-04T08:59:03.450Z level=INFO source=manager.go:239 msg="Rule manager stopped" component="rule manager"
prometheus-1        | time=2026-05-04T08:59:03.450Z level=INFO source=main.go:1241 msg="Rule manager stopped"
web_service-1       | INFO:httpx:HTTP Request: GET http://courier_service:8002/api/couriers/ "HTTP/1.1 200 OK"
web_service-1       | INFO:web_service.main:Couriers response: 200
web_service-1       | INFO:     172.18.0.1:55932 - "GET /api/couriers HTTP/1.1" 200 OK
postgres_order-1    | selecting default max_connections ... 100
postgres_order-1    | selecting default shared_buffers ... 128MB
postgres_order-1    | selecting default time zone ... UTC
postgres_order-1    | creating configuration files ... ok
postgres_order-1    | running bootstrap script ... ok
postgres_order-1    | sh: locale: not found
postgres_order-1    | 2026-05-04 08:58:12.350 UTC [35] WARNING:  no usable system locales were found
postgres_order-1    | performing post-bootstrap initialization ... ok
postgres_order-1    | initdb: warning: enabling "trust" authentication for local connections
order_service-1     |   Courier 2: status=idle
order_service-1     |   Courier 3: status=idle
order_service-1     |   Courier 4: status=idle
order_service-1     |   Courier 5: status=idle
order_service-1     | [Order 1] Trying to assign to courier 1
order_service-1     | [Order 1] Assign response: 500 - Internal Server Error
prometheus-1        | time=2026-05-04T08:59:03.450Z level=INFO source=main.go:1269 msg="Stopping scrape manager..."
redis-1             | 1:C 04 May 2026 08:58:12.152 * Redis version=7.4.8, bits=64, commit=00000000, modified=0, pid=1, just started
redis-1             | 1:C 04 May 2026 08:58:12.152 # Warning: no config file specified, using the default config. In order to specify a config file use redis-server /path/to/redis.conf
redis-1             | 1:M 04 May 2026 08:58:12.152 * Increased maximum number of open files to 10032 (it was originally set to 1024).
redis-1             | 1:M 04 May 2026 08:58:12.152 * monotonic clock: POSIX clock_gettime
redis-1             | 1:M 04 May 2026 08:58:12.153 * Running mode=standalone, port=6379.
redis-1             | 1:M 04 May 2026 08:58:12.153 * Server initialized
redis-1             | 1:M 04 May 2026 08:58:12.153 * Ready to accept connections tcp
postgres_order-1    | initdb: hint: You can change this by editing pg_hba.conf or using the option -A, or --auth-local and --auth-host, the next time you run initdb.
order_service-1     | [Order 1] Trying to assign to courier 2
order_service-1     | [Order 1] Assign response: 500 - Internal Server Error
order_service-1     | [Order 1] Trying to assign to courier 3
redis-1             | 1:signal-handler (1777885144) Received SIGTERM scheduling shutdown...
redis-1             | 1:M 04 May 2026 08:59:04.578 * User requested shutdown...
postgres_order-1    | syncing data to disk ... ok
postgres_order-1    | 
postgres_order-1    | 
postgres_order-1    | Success. You can now start the database server using:
postgres_order-1    | 
postgres_order-1    |     pg_ctl -D /var/lib/postgresql/data -l logfile start
postgres_order-1    | 
order_service-1     | [Order 1] Assign response: 500 - Internal Server Error
order_service-1     | [Order 1] Trying to assign to courier 4
order_service-1     | [Order 1] Assign response: 500 - Internal Server Error
prometheus-1        | time=2026-05-04T08:59:03.450Z level=INFO source=main.go:1226 msg="Notify discovery manager stopped"
prometheus-1        | time=2026-05-04T08:59:03.450Z level=INFO source=main.go:1284 msg="Stopping tracing manager..."
prometheus-1        | time=2026-05-04T08:59:03.450Z level=INFO source=main.go:1369 msg="Stopping reloaders..."
prometheus-1        | time=2026-05-04T08:59:03.450Z level=INFO source=main.go:1458 msg="Stopping storage..."
prometheus-1        | time=2026-05-04T08:59:03.450Z level=INFO source=main.go:1261 msg="Scrape manager stopped"
prometheus-1        | time=2026-05-04T08:59:03.450Z level=INFO source=main.go:1280 msg="Tracing manager stopped"
prometheus-1        | time=2026-05-04T08:59:03.450Z level=INFO source=main.go:1361 msg="Reloaders stopped"
prometheus-1        | time=2026-05-04T08:59:03.451Z level=INFO source=main.go:1536 msg="Stopping web handler..."
prometheus-1        | time=2026-05-04T08:59:03.451Z level=INFO source=main.go:1559 msg="Stopping notifier manager..."
redis-1             | 1:M 04 May 2026 08:59:04.578 * Saving the final RDB snapshot before exiting.
redis-1             | 1:M 04 May 2026 08:59:04.579 * DB saved on disk
redis-1             | 1:M 04 May 2026 08:59:04.579 # Redis is now ready to exit, bye bye...
postgres_order-1    | waiting for server to start....2026-05-04 08:58:12.622 UTC [41] LOG:  starting PostgreSQL 15.17 on x86_64-pc-linux-musl, compiled by gcc (Alpine 15.2.0) 15.2.0, 64-bit
postgres_order-1    | 2026-05-04 08:58:12.623 UTC [41] LOG:  listening on Unix socket "/var/run/postgresql/.s.PGSQL.5432"
courier_service-1   | INFO:     172.18.0.8:57022 - "GET /api/couriers/ HTTP/1.1" 200 OK
courier_service-1   | INFO:     172.18.0.8:37186 - "GET /api/couriers/ HTTP/1.1" 200 OK
courier_service-1   | INFO:     172.18.0.8:37194 - "GET /api/couriers/ HTTP/1.1" 200 OK
courier_service-1   | INFO:     172.18.0.8:37202 - "POST /api/couriers/clear HTTP/1.1" 200 OK
courier_service-1   | === SIMULATE-FULL: courier_count=5, order_count=20 ===
order_service-1     | [Order 1] Trying to assign to courier 5
courier_service-1   | INFO:     172.18.0.8:37214 - "GET /api/couriers/ HTTP/1.1" 200 OK
order_service-1     | [Order 1] Assign response: 500 - Internal Server Error
courier_service-1   | INFO:     172.18.0.8:37228 - "GET /api/couriers/ HTTP/1.1" 200 OK
order_service-1     | [Order 1] No idle couriers available
order_service-1     | INFO:     172.18.0.7:55880 - "POST /api/orders/1/assign HTTP/1.1" 200 OK
order_service-1     | INFO:     172.18.0.7:55880 - "POST /api/orders/ HTTP/1.1" 200 OK
order_service-1     | [Order 2] Found 5 couriers
prometheus-1        | time=2026-05-04T08:59:03.451Z level=INFO source=manager.go:321 msg="Stopping notification manager..." component=notifier
prometheus-1        | time=2026-05-04T08:59:03.451Z level=INFO source=main.go:1555 msg="Notifier manager stopped"
prometheus-1        | time=2026-05-04T08:59:03.451Z level=INFO source=main.go:1454 msg="TSDB stopped"
prometheus-1        | time=2026-05-04T08:59:03.451Z level=INFO source=main.go:1532 msg="Web handler stopped"
prometheus-1        | time=2026-05-04T08:59:03.451Z level=INFO source=main.go:1570 msg="See you next time!"
postgres_order-1    | 2026-05-04 08:58:12.624 UTC [44] LOG:  database system was shut down at 2026-05-04 08:58:12 UTC
postgres_order-1    | 2026-05-04 08:58:12.627 UTC [41] LOG:  database system is ready to accept connections
web_service-1       | INFO:httpx:HTTP Request: GET http://order_service:8001/api/orders/ "HTTP/1.1 200 OK"
web_service-1       | INFO:web_service.main:Orders response: 200
web_service-1       | INFO:     172.18.0.1:55944 - "GET /api/orders HTTP/1.1" 200 OK
courier_service-1   | Создаём 20 заказов...
web_service-1       | INFO:web_service.main:Fetching couriers from http://courier_service:8002/api/couriers/
web_service-1       | INFO:httpx:HTTP Request: GET http://courier_service:8002/api/couriers/ "HTTP/1.1 200 OK"
order_service-1     |   Courier 1: status=idle
web_service-1       | INFO:web_service.main:Couriers response: 200
order_service-1     |   Courier 2: status=idle
web_service-1       | INFO:     172.18.0.1:55944 - "GET /api/couriers HTTP/1.1" 200 OK
order_service-1     |   Courier 3: status=idle
web_service-1       | INFO:web_service.main:Fetching couriers from http://courier_service:8002/api/couriers/
order_service-1     |   Courier 4: status=idle
web_service-1       | INFO:web_service.main:Fetching orders from http://order_service:8001/api/orders/
order_service-1     |   Courier 5: status=idle
web_service-1       | INFO:httpx:HTTP Request: GET http://courier_service:8002/api/couriers/ "HTTP/1.1 200 OK"
order_service-1     | [Order 2] Trying to assign to courier 1
web_service-1       | INFO:web_service.main:Couriers response: 200
postgres_order-1    |  done
web_service-1       | INFO:     172.18.0.1:55944 - "GET /api/couriers HTTP/1.1" 200 OK
courier_service-1   | Создан заказ 1: ресторан=0, клиент=7, статус=200
web_service-1       | INFO:httpx:HTTP Request: GET http://order_service:8001/api/orders/ "HTTP/1.1 200 OK"
postgres_order-1    | server started
web_service-1       | INFO:web_service.main:Orders response: 200
postgres_order-1    | CREATE DATABASE
courier_service-1   | Маршрут A*: 0 -> 7 = None, dist=inf
postgres_order-1    | 
postgres_order-1    | 
postgres_order-1    | /usr/local/bin/docker-entrypoint.sh: ignoring /docker-entrypoint-initdb.d/*
postgres_order-1    | 
postgres_order-1    | waiting for server to shut down....2026-05-04 08:58:12.742 UTC [41] LOG:  received fast shutdown request
postgres_order-1    | 2026-05-04 08:58:12.742 UTC [41] LOG:  aborting any active transactions
postgres_order-1    | 2026-05-04 08:58:12.744 UTC [41] LOG:  background worker "logical replication launcher" (PID 47) exited with exit code 1
postgres_order-1    | 2026-05-04 08:58:12.744 UTC [42] LOG:  shutting down
courier_service-1   | INFO:     172.18.0.6:44064 - "GET /api/couriers/ HTTP/1.1" 200 OK
courier_service-1   | Всего курьеров в БД: 5
courier_service-1   |   Курьер 1: Курьер_1, status=CourierStatus.IDLE, current_order_id=None
courier_service-1   |   Курьер 2: Курьер_2, status=CourierStatus.IDLE, current_order_id=None
courier_service-1   |   Курьер 3: Курьер_3, status=CourierStatus.IDLE, current_order_id=None
courier_service-1   |   Курьер 4: Курьер_4, status=CourierStatus.IDLE, current_order_id=None
courier_service-1   |   Курьер 5: Курьер_5, status=CourierStatus.IDLE, current_order_id=None
courier_service-1   | Пытаемся назначить заказ 1 курьеру 1
courier_service-1   | INFO:     172.18.0.6:44064 - "POST /api/couriers/assign HTTP/1.1" 500 Internal Server Error
courier_service-1   | ERROR:    Exception in ASGI application
order_service-1     | [Order 2] Assign response: 200 - {"status":"assigned","courier_id":1,"order_id":2,"route":[0,35,33,17,17,30]}
order_service-1     | [Order 2] Assignment error: (sqlalchemy.dialects.postgresql.asyncpg.IntegrityError) <class 'asyncpg.exceptions.ForeignKeyViolationError'>: insert or update on table "orders" violates foreign key constraint "orders_courier_id_fkey"
order_service-1     | DETAIL:  Key (courier_id)=(1) is not present in table "couriers".
order_service-1     | [SQL: UPDATE orders SET courier_id=$1::INTEGER, status=$2::orderstatus, route=$3::VARCHAR, updated_at=$4::TIMESTAMP WITHOUT TIME ZONE WHERE orders.id = $5::INTEGER]
order_service-1     | [parameters: (1, 'ASSIGNED', '[0, 35, 33, 17, 17, 30]', datetime.datetime(2026, 5, 4, 8, 58, 41, 94727), 2)]
order_service-1     | (Background on this error at: https://sqlalche.me/e/20/gkpj)
order_service-1     | INFO:     172.18.0.7:55880 - "POST /api/orders/2/assign HTTP/1.1" 500 Internal Server Error
order_service-1     | INFO:     172.18.0.7:55880 - "POST /api/orders/ HTTP/1.1" 200 OK
web_service-1       | INFO:     172.18.0.1:55932 - "GET /api/orders HTTP/1.1" 200 OK
order_service-1     | [Order 3] Found 5 couriers
web_service-1       | INFO:web_service.main:Fetching couriers from http://courier_service:8002/api/couriers/
order_service-1     |   Courier 2: status=idle
web_service-1       | INFO:httpx:HTTP Request: GET http://courier_service:8002/api/couriers/ "HTTP/1.1 200 OK"
order_service-1     |   Courier 3: status=idle
web_service-1       | INFO:web_service.main:Couriers response: 200
order_service-1     |   Courier 4: status=idle
web_service-1       | INFO:     172.18.0.1:55932 - "GET /api/couriers HTTP/1.1" 200 OK
courier_service-1   | Traceback (most recent call last):
web_service-1       | INFO:     172.18.0.1:55950 - "WebSocket /ws" [accepted]
courier_service-1   |   File "/usr/local/lib/python3.11/site-packages/uvicorn/protocols/http/httptools_impl.py", line 421, in run_asgi
postgres_order-1    | 2026-05-04 08:58:12.744 UTC [42] LOG:  checkpoint starting: shutdown immediate
courier_service-1   |     result = await app(  # type: ignore[func-returns-value]
postgres_order-1    | 2026-05-04 08:58:12.756 UTC [42] LOG:  checkpoint complete: wrote 921 buffers (5.6%); 0 WAL file(s) added, 0 removed, 0 recycled; write=0.006 s, sync=0.006 s, total=0.013 s; sync files=301, longest=0.001 s, average=0.001 s; distance=4239 kB, estimate=4239 kB
order_service-1     |   Courier 5: status=idle
postgres_order-1    | 2026-05-04 08:58:12.760 UTC [41] LOG:  database system is shut down
postgres_order-1    |  done
postgres_order-1    | server stopped
postgres_order-1    | 
postgres_order-1    | PostgreSQL init process complete; ready for start up.
postgres_order-1    | 
postgres_order-1    | 2026-05-04 08:58:12.860 UTC [1] LOG:  starting PostgreSQL 15.17 on x86_64-pc-linux-musl, compiled by gcc (Alpine 15.2.0) 15.2.0, 64-bit
postgres_order-1    | 2026-05-04 08:58:12.860 UTC [1] LOG:  listening on IPv4 address "0.0.0.0", port 5432
order_service-1     |   Courier 1: status=delivering
order_service-1     | [Order 3] Trying to assign to courier 2
order_service-1     | [Order 3] Assign response: 200 - {"status":"assigned","courier_id":2,"order_id":3,"route":[10,42,34,34,21,4,33,39,3]}
order_service-1     | [Order 3] Assignment error: (sqlalchemy.dialects.postgresql.asyncpg.IntegrityError) <class 'asyncpg.exceptions.ForeignKeyViolationError'>: insert or update on table "orders" violates foreign key constraint "orders_courier_id_fkey"
order_service-1     | DETAIL:  Key (courier_id)=(2) is not present in table "couriers".
order_service-1     | [SQL: UPDATE orders SET courier_id=$1::INTEGER, status=$2::orderstatus, route=$3::VARCHAR, updated_at=$4::TIMESTAMP WITHOUT TIME ZONE WHERE orders.id = $5::INTEGER]
order_service-1     | [parameters: (2, 'ASSIGNED', '[10, 42, 34, 34, 21, 4, 33, 39, 3]', datetime.datetime(2026, 5, 4, 8, 58, 41, 123383), 3)]
order_service-1     | (Background on this error at: https://sqlalche.me/e/20/gkpj)
postgres_order-1    | 2026-05-04 08:58:12.860 UTC [1] LOG:  listening on IPv6 address "::", port 5432
web_service-1       | INFO:     connection open
courier_service-1   |              ^^^^^^^^^^^^^^^^^^^^^^^^^^^^^^^^^^^^^^^^^^^^^^
courier_service-1   |   File "/usr/local/lib/python3.11/site-packages/uvicorn/middleware/proxy_headers.py", line 56, in __call__
courier_service-1   |     return await self.app(scope, receive, send)
courier_service-1   |            ^^^^^^^^^^^^^^^^^^^^^^^^^^^^^^^^^^^^
courier_service-1   |   File "/usr/local/lib/python3.11/site-packages/fastapi/applications.py", line 1159, in __call__
courier_service-1   |     await super().__call__(scope, receive, send)
courier_service-1   |   File "/usr/local/lib/python3.11/site-packages/starlette/applications.py", line 90, in __call__
courier_service-1   |     await self.middleware_stack(scope, receive, send)
order_service-1     | INFO:     172.18.0.7:55880 - "POST /api/orders/3/assign HTTP/1.1" 500 Internal Server Error
postgres_order-1    | 2026-05-04 08:58:12.860 UTC [1] LOG:  listening on Unix socket "/var/run/postgresql/.s.PGSQL.5432"
order_service-1     | INFO:     172.18.0.7:55880 - "POST /api/orders/ HTTP/1.1" 200 OK
courier_service-1   |   File "/usr/local/lib/python3.11/site-packages/starlette/middleware/errors.py", line 186, in __call__
order_service-1     | [Order 4] Found 5 couriers
courier_service-1   |     raise exc
web_service-1       | INFO:     172.18.0.1:55962 - "WebSocket /api/orders/ws/web_client" 403
courier_service-1   |   File "/usr/local/lib/python3.11/site-packages/starlette/middleware/errors.py", line 164, in __call__
web_service-1       | INFO:     connection rejected (403 Forbidden)
courier_service-1   |     await self.app(scope, receive, _send)
web_service-1       | INFO:     connection closed
postgres_order-1    | 2026-05-04 08:58:12.862 UTC [57] LOG:  database system was shut down at 2026-05-04 08:58:12 UTC
web_service-1       | INFO:web_service.main:Fetching couriers from http://courier_service:8002/api/couriers/
courier_service-1   |   File "/usr/local/lib/python3.11/site-packages/starlette/middleware/base.py", line 191, in __call__
web_service-1       | INFO:web_service.main:Fetching orders from http://order_service:8001/api/orders/
courier_service-1   |     with recv_stream, send_stream, collapse_excgroups():
web_service-1       | INFO:httpx:HTTP Request: GET http://order_service:8001/api/orders/ "HTTP/1.1 200 OK"
courier_service-1   |   File "/usr/local/lib/python3.11/contextlib.py", line 158, in __exit__
web_service-1       | INFO:web_service.main:Orders response: 200
web_service-1       | INFO:     172.18.0.1:55944 - "GET /api/orders HTTP/1.1" 200 OK
web_service-1       | INFO:httpx:HTTP Request: GET http://courier_service:8002/api/couriers/ "HTTP/1.1 200 OK"
web_service-1       | INFO:web_service.main:Couriers response: 200
web_service-1       | INFO:     172.18.0.1:55932 - "GET /api/couriers HTTP/1.1" 200 OK
web_service-1       | INFO:web_service.main:Fetching couriers from http://courier_service:8002/api/couriers/
web_service-1       | INFO:httpx:HTTP Request: GET http://courier_service:8002/api/couriers/ "HTTP/1.1 200 OK"
web_service-1       | INFO:web_service.main:Couriers response: 200
courier_service-1   |     self.gen.throw(typ, value, traceback)
courier_service-1   |   File "/usr/local/lib/python3.11/site-packages/starlette/_utils.py", line 87, in collapse_excgroups
courier_service-1   |     raise exc
courier_service-1   |   File "/usr/local/lib/python3.11/site-packages/starlette/middleware/base.py", line 193, in __call__
courier_service-1   |     response = await self.dispatch_func(request, call_next)
courier_service-1   |                ^^^^^^^^^^^^^^^^^^^^^^^^^^^^^^^^^^^^^^^^^^^^
courier_service-1   |   File "/app/courier_service/main.py", line 109, in prometheus_middleware
order_service-1     |   Courier 3: status=idle
courier_service-1   |     response = await call_next(request)
order_service-1     |   Courier 4: status=idle
courier_service-1   |                ^^^^^^^^^^^^^^^^^^^^^^^^
order_service-1     |   Courier 5: status=idle
order_service-1     |   Courier 1: status=delivering
order_service-1     |   Courier 2: status=delivering
order_service-1     | [Order 4] Trying to assign to courier 3
order_service-1     | [Order 4] Assign response: 200 - {"status":"assigned","courier_id":3,"order_id":4,"route":[20,1,5,47,26]}
order_service-1     | [Order 4] Assignment error: (sqlalchemy.dialects.postgresql.asyncpg.IntegrityError) <class 'asyncpg.exceptions.ForeignKeyViolationError'>: insert or update on table "orders" violates foreign key constraint "orders_courier_id_fkey"
order_service-1     | DETAIL:  Key (courier_id)=(3) is not present in table "couriers".
order_service-1     | [SQL: UPDATE orders SET courier_id=$1::INTEGER, status=$2::orderstatus, route=$3::VARCHAR, updated_at=$4::TIMESTAMP WITHOUT TIME ZONE WHERE orders.id = $5::INTEGER]
order_service-1     | [parameters: (3, 'ASSIGNED', '[20, 1, 5, 47, 26]', datetime.datetime(2026, 5, 4, 8, 58, 41, 160785), 4)]
postgres_order-1    | 2026-05-04 08:58:12.864 UTC [1] LOG:  database system is ready to accept connections
postgres_order-1    | 2026-05-04 08:58:41.096 UTC [68] ERROR:  insert or update on table "orders" violates foreign key constraint "orders_courier_id_fkey"
postgres_order-1    | 2026-05-04 08:58:41.096 UTC [68] DETAIL:  Key (courier_id)=(1) is not present in table "couriers".
postgres_order-1    | 2026-05-04 08:58:41.096 UTC [68] STATEMENT:  UPDATE orders SET courier_id=$1::INTEGER, status=$2::orderstatus, route=$3::VARCHAR, updated_at=$4::TIMESTAMP WITHOUT TIME ZONE WHERE orders.id = $5::INTEGER
postgres_order-1    | 2026-05-04 08:58:41.124 UTC [68] ERROR:  insert or update on table "orders" violates foreign key constraint "orders_courier_id_fkey"
postgres_order-1    | 2026-05-04 08:58:41.124 UTC [68] DETAIL:  Key (courier_id)=(2) is not present in table "couriers".
postgres_order-1    | 2026-05-04 08:58:41.124 UTC [68] STATEMENT:  UPDATE orders SET courier_id=$1::INTEGER, status=$2::orderstatus, route=$3::VARCHAR, updated_at=$4::TIMESTAMP WITHOUT TIME ZONE WHERE orders.id = $5::INTEGER
order_service-1     | (Background on this error at: https://sqlalche.me/e/20/gkpj)
courier_service-1   |   File "/usr/local/lib/python3.11/site-packages/starlette/middleware/base.py", line 168, in call_next
order_service-1     | INFO:     172.18.0.7:55880 - "POST /api/orders/4/assign HTTP/1.1" 500 Internal Server Error
web_service-1       | INFO:     172.18.0.1:55944 - "GET /api/couriers HTTP/1.1" 200 OK
order_service-1     | INFO:     172.18.0.7:55880 - "POST /api/orders/ HTTP/1.1" 200 OK
web_service-1       | INFO:     172.18.0.1:55944 - "GET / HTTP/1.1" 200 OK
web_service-1       | INFO:     connection closed
web_service-1       | INFO:     172.18.0.1:55944 - "GET /static/css/style.css HTTP/1.1" 200 OK
web_service-1       | INFO:     172.18.0.1:55932 - "GET /static/js/script.js HTTP/1.1" 200 OK
web_service-1       | INFO:httpx:HTTP Request: GET http://courier_service:8002/api/graph/nodes "HTTP/1.1 200 OK"
web_service-1       | INFO:     172.18.0.1:42396 - "GET /api/graph/nodes HTTP/1.1" 200 OK
web_service-1       | INFO:web_service.main:Fetching couriers from http://courier_service:8002/api/couriers/
web_service-1       | INFO:web_service.main:Fetching orders from http://order_service:8001/api/orders/
order_service-1     | [Order 5] Found 5 couriers
order_service-1     |   Courier 4: status=idle
order_service-1     |   Courier 5: status=idle
order_service-1     |   Courier 1: status=delivering
order_service-1     |   Courier 2: status=delivering
order_service-1     |   Courier 3: status=delivering
order_service-1     | [Order 5] Trying to assign to courier 4
order_service-1     | [Order 5] Assign response: 200 - {"status":"assigned","courier_id":4,"order_id":5,"route":[30,18,18,13,35,31,49]}
postgres_order-1    | 2026-05-04 08:58:41.161 UTC [68] ERROR:  insert or update on table "orders" violates foreign key constraint "orders_courier_id_fkey"
order_service-1     | [Order 5] Assignment error: (sqlalchemy.dialects.postgresql.asyncpg.IntegrityError) <class 'asyncpg.exceptions.ForeignKeyViolationError'>: insert or update on table "orders" violates foreign key constraint "orders_courier_id_fkey"
postgres_order-1    | 2026-05-04 08:58:41.161 UTC [68] DETAIL:  Key (courier_id)=(3) is not present in table "couriers".
order_service-1     | DETAIL:  Key (courier_id)=(4) is not present in table "couriers".
postgres_order-1    | 2026-05-04 08:58:41.161 UTC [68] STATEMENT:  UPDATE orders SET courier_id=$1::INTEGER, status=$2::orderstatus, route=$3::VARCHAR, updated_at=$4::TIMESTAMP WITHOUT TIME ZONE WHERE orders.id = $5::INTEGER
order_service-1     | [SQL: UPDATE orders SET courier_id=$1::INTEGER, status=$2::orderstatus, route=$3::VARCHAR, updated_at=$4::TIMESTAMP WITHOUT TIME ZONE WHERE orders.id = $5::INTEGER]
courier_service-1   |     raise app_exc from app_exc.__cause__ or app_exc.__context__
order_service-1     | [parameters: (4, 'ASSIGNED', '[30, 18, 18, 13, 35, 31, 49]', datetime.datetime(2026, 5, 4, 8, 58, 41, 191333), 5)]
postgres_order-1    | 2026-05-04 08:58:41.191 UTC [68] ERROR:  insert or update on table "orders" violates foreign key constraint "orders_courier_id_fkey"
order_service-1     | (Background on this error at: https://sqlalche.me/e/20/gkpj)
web_service-1       | INFO:httpx:HTTP Request: GET http://courier_service:8002/api/couriers/ "HTTP/1.1 200 OK"
order_service-1     | INFO:     172.18.0.7:55880 - "POST /api/orders/5/assign HTTP/1.1" 500 Internal Server Error
web_service-1       | INFO:web_service.main:Couriers response: 200
order_service-1     | INFO:     172.18.0.7:55880 - "POST /api/orders/ HTTP/1.1" 200 OK
web_service-1       | INFO:     172.18.0.1:42396 - "GET /api/couriers HTTP/1.1" 200 OK
order_service-1     | [Order 6] Found 5 couriers
web_service-1       | INFO:httpx:HTTP Request: GET http://order_service:8001/api/orders/ "HTTP/1.1 200 OK"
postgres_order-1    | 2026-05-04 08:58:41.191 UTC [68] DETAIL:  Key (courier_id)=(4) is not present in table "couriers".
web_service-1       | INFO:web_service.main:Orders response: 200
postgres_order-1    | 2026-05-04 08:58:41.191 UTC [68] STATEMENT:  UPDATE orders SET courier_id=$1::INTEGER, status=$2::orderstatus, route=$3::VARCHAR, updated_at=$4::TIMESTAMP WITHOUT TIME ZONE WHERE orders.id = $5::INTEGER
web_service-1       | INFO:     172.18.0.1:42406 - "GET /api/orders HTTP/1.1" 200 OK
postgres_order-1    | 2026-05-04 08:58:41.219 UTC [68] ERROR:  insert or update on table "orders" violates foreign key constraint "orders_courier_id_fkey"
postgres_order-1    | 2026-05-04 08:58:41.219 UTC [68] DETAIL:  Key (courier_id)=(5) is not present in table "couriers".
postgres_order-1    | 2026-05-04 08:58:41.219 UTC [68] STATEMENT:  UPDATE orders SET courier_id=$1::INTEGER, status=$2::orderstatus, route=$3::VARCHAR, updated_at=$4::TIMESTAMP WITHOUT TIME ZONE WHERE orders.id = $5::INTEGER
postgres_order-1    | 2026-05-04 08:59:04.525 UTC [1] LOG:  received fast shutdown request
postgres_order-1    | 2026-05-04 08:59:04.525 UTC [1] LOG:  aborting any active transactions
postgres_order-1    | 2026-05-04 08:59:04.526 UTC [1] LOG:  background worker "logical replication launcher" (PID 60) exited with exit code 1
postgres_order-1    | 2026-05-04 08:59:04.527 UTC [55] LOG:  shutting down
postgres_order-1    | 2026-05-04 08:59:04.527 UTC [55] LOG:  checkpoint starting: shutdown immediate
web_service-1       | INFO:web_service.main:Fetching couriers from http://courier_service:8002/api/couriers/
postgres_order-1    | 2026-05-04 08:59:04.532 UTC [55] LOG:  checkpoint complete: wrote 121 buffers (0.7%); 0 WAL file(s) added, 0 removed, 0 recycled; write=0.002 s, sync=0.002 s, total=0.005 s; sync files=69, longest=0.001 s, average=0.001 s; distance=473 kB, estimate=473 kB
web_service-1       | INFO:httpx:HTTP Request: GET http://courier_service:8002/api/couriers/ "HTTP/1.1 200 OK"
web_service-1       | INFO:web_service.main:Couriers response: 200
web_service-1       | INFO:     172.18.0.1:42406 - "GET /api/couriers HTTP/1.1" 200 OK
web_service-1       | INFO:     172.18.0.1:42422 - "WebSocket /ws" [accepted]
web_service-1       | INFO:     connection open
web_service-1       | INFO:     172.18.0.1:42424 - "WebSocket /api/orders/ws/web_client" 403
web_service-1       | INFO:     connection rejected (403 Forbidden)
web_service-1       | INFO:     connection closed
web_service-1       | INFO:web_service.main:Fetching couriers from http://courier_service:8002/api/couriers/
courier_service-1   |   File "/usr/local/lib/python3.11/site-packages/starlette/middleware/base.py", line 144, in coro
web_service-1       | INFO:web_service.main:Fetching orders from http://order_service:8001/api/orders/
courier_service-1   |     await self.app(scope, receive_or_disconnect, send_no_error)
web_service-1       | INFO:httpx:HTTP Request: GET http://courier_service:8002/api/couriers/ "HTTP/1.1 200 OK"
order_service-1     |   Courier 5: status=idle
web_service-1       | INFO:httpx:HTTP Request: GET http://order_service:8001/api/orders/ "HTTP/1.1 200 OK"
order_service-1     |   Courier 1: status=delivering
courier_service-1   |   File "/usr/local/lib/python3.11/site-packages/starlette/middleware/exceptions.py", line 63, in __call__
order_service-1     |   Courier 2: status=delivering
courier_service-1   |     await wrap_app_handling_exceptions(self.app, conn)(scope, receive, send)
order_service-1     |   Courier 3: status=delivering
courier_service-1   |   File "/usr/local/lib/python3.11/site-packages/starlette/_exception_handler.py", line 53, in wrapped_app
order_service-1     |   Courier 4: status=delivering
courier_service-1   |     raise exc
order_service-1     | [Order 6] Trying to assign to courier 5
postgres_order-1    | 2026-05-04 08:59:04.535 UTC [1] LOG:  database system is shut down
order_service-1     | [Order 6] Assign response: 200 - {"status":"assigned","courier_id":5,"order_id":6,"route":[40,45,49,31,35,35,31,22]}
order_service-1     | [Order 6] Assignment error: (sqlalchemy.dialects.postgresql.asyncpg.IntegrityError) <class 'asyncpg.exceptions.ForeignKeyViolationError'>: insert or update on table "orders" violates foreign key constraint "orders_courier_id_fkey"
courier_service-1   |   File "/usr/local/lib/python3.11/site-packages/starlette/_exception_handler.py", line 42, in wrapped_app
order_service-1     | DETAIL:  Key (courier_id)=(5) is not present in table "couriers".
courier_service-1   |     await app(scope, receive, sender)
courier_service-1   |   File "/usr/local/lib/python3.11/site-packages/fastapi/middleware/asyncexitstack.py", line 18, in __call__
courier_service-1   |     await self.app(scope, receive, send)
courier_service-1   |   File "/usr/local/lib/python3.11/site-packages/starlette/routing.py", line 660, in __call__
order_service-1     | [SQL: UPDATE orders SET courier_id=$1::INTEGER, status=$2::orderstatus, route=$3::VARCHAR, updated_at=$4::TIMESTAMP WITHOUT TIME ZONE WHERE orders.id = $5::INTEGER]
order_service-1     | [parameters: (5, 'ASSIGNED', '[40, 45, 49, 31, 35, 35, 31, 22]', datetime.datetime(2026, 5, 4, 8, 58, 41, 218262), 6)]
order_service-1     | (Background on this error at: https://sqlalche.me/e/20/gkpj)
order_service-1     | INFO:     172.18.0.7:55880 - "POST /api/orders/6/assign HTTP/1.1" 500 Internal Server Error
order_service-1     | INFO:     172.18.0.7:55880 - "POST /api/orders/ HTTP/1.1" 200 OK
order_service-1     | [Order 7] Found 5 couriers
order_service-1     |   Courier 1: status=delivering
order_service-1     |   Courier 2: status=delivering
order_service-1     |   Courier 3: status=delivering
order_service-1     |   Courier 4: status=delivering
order_service-1     |   Courier 5: status=delivering
order_service-1     | [Order 7] No idle couriers available
order_service-1     | INFO:     172.18.0.7:55880 - "POST /api/orders/7/assign HTTP/1.1" 200 OK
order_service-1     | INFO:     172.18.0.7:55880 - "POST /api/orders/ HTTP/1.1" 200 OK
order_service-1     | [Order 8] Found 5 couriers
order_service-1     |   Courier 1: status=delivering
order_service-1     |   Courier 2: status=delivering
order_service-1     |   Courier 3: status=delivering
order_service-1     |   Courier 4: status=delivering
order_service-1     |   Courier 5: status=delivering
order_service-1     | [Order 8] No idle couriers available
order_service-1     | INFO:     172.18.0.7:55880 - "POST /api/orders/8/assign HTTP/1.1" 200 OK
order_service-1     | INFO:     172.18.0.7:55880 - "POST /api/orders/ HTTP/1.1" 200 OK
order_service-1     | [Order 9] Found 5 couriers
order_service-1     |   Courier 1: status=delivering
order_service-1     |   Courier 2: status=delivering
order_service-1     |   Courier 3: status=delivering
order_service-1     |   Courier 4: status=delivering
order_service-1     |   Courier 5: status=delivering
order_service-1     | [Order 9] No idle couriers available
order_service-1     | INFO:     172.18.0.7:55880 - "POST /api/orders/9/assign HTTP/1.1" 200 OK
order_service-1     | INFO:     172.18.0.7:55880 - "POST /api/orders/ HTTP/1.1" 200 OK
order_service-1     | [Order 10] Found 5 couriers
order_service-1     |   Courier 1: status=delivering
courier_service-1   |     await self.middleware_stack(scope, receive, send)
courier_service-1   |   File "/usr/local/lib/python3.11/site-packages/starlette/routing.py", line 680, in app
courier_service-1   |     await route.handle(scope, receive, send)
courier_service-1   |   File "/usr/local/lib/python3.11/site-packages/starlette/routing.py", line 276, in handle
courier_service-1   |     await self.app(scope, receive, send)
courier_service-1   |   File "/usr/local/lib/python3.11/site-packages/fastapi/routing.py", line 134, in app
courier_service-1   |     await wrap_app_handling_exceptions(app, request)(scope, receive, send)
courier_service-1   |   File "/usr/local/lib/python3.11/site-packages/starlette/_exception_handler.py", line 53, in wrapped_app
courier_service-1   |     raise exc
order_service-1     |   Courier 2: status=delivering
order_service-1     |   Courier 3: status=delivering
courier_service-1   |   File "/usr/local/lib/python3.11/site-packages/starlette/_exception_handler.py", line 42, in wrapped_app
order_service-1     |   Courier 4: status=delivering
courier_service-1   |     await app(scope, receive, sender)
web_service-1       | INFO:web_service.main:Couriers response: 200
courier_service-1   |   File "/usr/local/lib/python3.11/site-packages/fastapi/routing.py", line 120, in app
courier_service-1   |     response = await f(request)
courier_service-1   |                ^^^^^^^^^^^^^^^^
web_service-1       | INFO:web_service.main:Orders response: 200
web_service-1       | INFO:     172.18.0.1:42406 - "GET /api/couriers HTTP/1.1" 200 OK
web_service-1       | INFO:     172.18.0.1:42396 - "GET /api/orders HTTP/1.1" 200 OK
web_service-1       | INFO:web_service.main:Fetching couriers from http://courier_service:8002/api/couriers/
courier_service-1   |   File "/usr/local/lib/python3.11/site-packages/fastapi/routing.py", line 674, in app
courier_service-1   |     raw_response = await run_endpoint_function(
courier_service-1   |                    ^^^^^^^^^^^^^^^^^^^^^^^^^^^^
courier_service-1   |   File "/usr/local/lib/python3.11/site-packages/fastapi/routing.py", line 328, in run_endpoint_function
courier_service-1   |     return await dependant.call(**values)
courier_service-1   |            ^^^^^^^^^^^^^^^^^^^^^^^^^^^^^^
courier_service-1   |   File "/app/courier_service/routes.py", line 279, in assign_order
courier_service-1   |     full_route = [restaurant_node_id] + route
courier_service-1   |                  ~~~~~~~~~~~~~~~~~~~~~^~~~~~~
web_service-1       | INFO:httpx:HTTP Request: GET http://courier_service:8002/api/couriers/ "HTTP/1.1 200 OK"
courier_service-1   | TypeError: can only concatenate list (not "NoneType") to list
web_service-1       | INFO:web_service.main:Couriers response: 200
web_service-1       | INFO:     172.18.0.1:42396 - "GET /api/couriers HTTP/1.1" 200 OK
web_service-1       | INFO:web_service.main:Fetching couriers from http://courier_service:8002/api/couriers/
web_service-1       | INFO:httpx:HTTP Request: GET http://courier_service:8002/api/couriers/ "HTTP/1.1 200 OK"
web_service-1       | INFO:web_service.main:Couriers response: 200
web_service-1       | INFO:     172.18.0.1:42396 - "GET /api/couriers HTTP/1.1" 200 OK
web_service-1       | INFO:web_service.main:Fetching couriers from http://courier_service:8002/api/couriers/
web_service-1       | INFO:web_service.main:Fetching orders from http://order_service:8001/api/orders/
web_service-1       | INFO:httpx:HTTP Request: GET http://courier_service:8002/api/couriers/ "HTTP/1.1 200 OK"
order_service-1     |   Courier 5: status=delivering
order_service-1     | [Order 10] No idle couriers available
order_service-1     | INFO:     172.18.0.7:55880 - "POST /api/orders/10/assign HTTP/1.1" 200 OK
order_service-1     | INFO:     172.18.0.7:55880 - "POST /api/orders/ HTTP/1.1" 200 OK
order_service-1     | [Order 11] Found 5 couriers
order_service-1     |   Courier 1: status=delivering
order_service-1     |   Courier 2: status=delivering
order_service-1     |   Courier 3: status=delivering
web_service-1       | INFO:httpx:HTTP Request: GET http://order_service:8001/api/orders/ "HTTP/1.1 200 OK"
web_service-1       | INFO:web_service.main:Couriers response: 200
web_service-1       | INFO:web_service.main:Orders response: 200
web_service-1       | INFO:     172.18.0.1:42396 - "GET /api/couriers HTTP/1.1" 200 OK
web_service-1       | INFO:     172.18.0.1:42406 - "GET /api/orders HTTP/1.1" 200 OK
web_service-1       | INFO:web_service.main:Fetching couriers from http://courier_service:8002/api/couriers/
web_service-1       | INFO:httpx:HTTP Request: GET http://courier_service:8002/api/couriers/ "HTTP/1.1 200 OK"
web_service-1       | INFO:web_service.main:Couriers response: 200
web_service-1       | INFO:     172.18.0.1:42406 - "GET /api/couriers HTTP/1.1" 200 OK
web_service-1       | INFO:web_service.main:Fetching couriers from http://courier_service:8002/api/couriers/
order_service-1     |   Courier 4: status=delivering
web_service-1       | INFO:web_service.main:Fetching orders from http://order_service:8001/api/orders/
order_service-1     |   Courier 5: status=delivering
order_service-1     | [Order 11] No idle couriers available
order_service-1     | INFO:     172.18.0.7:55880 - "POST /api/orders/11/assign HTTP/1.1" 200 OK
order_service-1     | INFO:     172.18.0.7:55880 - "POST /api/orders/ HTTP/1.1" 200 OK
order_service-1     | [Order 12] Found 5 couriers
order_service-1     |   Courier 1: status=delivering
order_service-1     |   Courier 2: status=delivering
order_service-1     |   Courier 3: status=delivering
order_service-1     |   Courier 4: status=delivering
order_service-1     |   Courier 5: status=delivering
courier_service-1   | Всего курьеров в БД: 5
courier_service-1   |   Курьер 1: Курьер_1, status=CourierStatus.IDLE, current_order_id=None
courier_service-1   |   Курьер 2: Курьер_2, status=CourierStatus.IDLE, current_order_id=None
courier_service-1   |   Курьер 3: Курьер_3, status=CourierStatus.IDLE, current_order_id=None
courier_service-1   |   Курьер 4: Курьер_4, status=CourierStatus.IDLE, current_order_id=None
courier_service-1   |   Курьер 5: Курьер_5, status=CourierStatus.IDLE, current_order_id=None
courier_service-1   | Пытаемся назначить заказ 1 курьеру 1
order_service-1     | [Order 12] No idle couriers available
web_service-1       | INFO:httpx:HTTP Request: GET http://order_service:8001/api/orders/ "HTTP/1.1 200 OK"
order_service-1     | INFO:     172.18.0.7:55880 - "POST /api/orders/12/assign HTTP/1.1" 200 OK
courier_service-1   | INFO:     172.18.0.6:44068 - "POST /api/couriers/assign HTTP/1.1" 500 Internal Server Error
order_service-1     | INFO:     172.18.0.7:55880 - "POST /api/orders/ HTTP/1.1" 200 OK
courier_service-1   | ERROR:    Exception in ASGI application
order_service-1     | [Order 13] Found 5 couriers
order_service-1     |   Courier 1: status=delivering
order_service-1     |   Courier 2: status=delivering
order_service-1     |   Courier 3: status=delivering
order_service-1     |   Courier 4: status=delivering
order_service-1     |   Courier 5: status=delivering
web_service-1       | INFO:web_service.main:Orders response: 200
web_service-1       | INFO:     172.18.0.1:42396 - "GET /api/orders HTTP/1.1" 200 OK
web_service-1       | INFO:httpx:HTTP Request: GET http://courier_service:8002/api/couriers/ "HTTP/1.1 200 OK"
courier_service-1   | Traceback (most recent call last):
courier_service-1   |   File "/usr/local/lib/python3.11/site-packages/uvicorn/protocols/http/httptools_impl.py", line 421, in run_asgi
web_service-1       | INFO:web_service.main:Couriers response: 200
web_service-1       | INFO:     172.18.0.1:42406 - "GET /api/couriers HTTP/1.1" 200 OK
web_service-1       | INFO:web_service.main:Fetching couriers from http://courier_service:8002/api/couriers/
web_service-1       | INFO:httpx:HTTP Request: GET http://courier_service:8002/api/couriers/ "HTTP/1.1 200 OK"
web_service-1       | INFO:web_service.main:Couriers response: 200
web_service-1       | INFO:     172.18.0.1:42406 - "GET /api/couriers HTTP/1.1" 200 OK
web_service-1       | INFO:web_service.main:Full simulation: 5 couriers, 20 orders
web_service-1       | INFO:httpx:HTTP Request: POST http://order_service:8001/api/orders/clear "HTTP/1.1 200 OK"
courier_service-1   |     result = await app(  # type: ignore[func-returns-value]
courier_service-1   |              ^^^^^^^^^^^^^^^^^^^^^^^^^^^^^^^^^^^^^^^^^^^^^^
courier_service-1   |   File "/usr/local/lib/python3.11/site-packages/uvicorn/middleware/proxy_headers.py", line 56, in __call__
courier_service-1   |     return await self.app(scope, receive, send)
courier_service-1   |            ^^^^^^^^^^^^^^^^^^^^^^^^^^^^^^^^^^^^
courier_service-1   |   File "/usr/local/lib/python3.11/site-packages/fastapi/applications.py", line 1159, in __call__
courier_service-1   |     await super().__call__(scope, receive, send)
courier_service-1   |   File "/usr/local/lib/python3.11/site-packages/starlette/applications.py", line 90, in __call__
courier_service-1   |     await self.middleware_stack(scope, receive, send)
web_service-1       | INFO:httpx:HTTP Request: POST http://courier_service:8002/api/couriers/clear "HTTP/1.1 200 OK"
web_service-1       | INFO:web_service.main:Fetching couriers from http://courier_service:8002/api/couriers/
web_service-1       | INFO:web_service.main:Fetching orders from http://order_service:8001/api/orders/
courier_service-1   |   File "/usr/local/lib/python3.11/site-packages/starlette/middleware/errors.py", line 186, in __call__
web_service-1       | INFO:httpx:HTTP Request: GET http://order_service:8001/api/orders/ "HTTP/1.1 200 OK"
courier_service-1   |     raise exc
web_service-1       | INFO:web_service.main:Orders response: 200
web_service-1       | INFO:     172.18.0.1:53590 - "GET /api/orders HTTP/1.1" 200 OK
web_service-1       | INFO:httpx:HTTP Request: GET http://courier_service:8002/api/couriers/ "HTTP/1.1 200 OK"
web_service-1       | INFO:web_service.main:Couriers response: 200
courier_service-1   |   File "/usr/local/lib/python3.11/site-packages/starlette/middleware/errors.py", line 164, in __call__
courier_service-1   |     await self.app(scope, receive, _send)
courier_service-1   |   File "/usr/local/lib/python3.11/site-packages/starlette/middleware/base.py", line 191, in __call__
courier_service-1   |     with recv_stream, send_stream, collapse_excgroups():
web_service-1       | INFO:     172.18.0.1:42396 - "GET /api/couriers HTTP/1.1" 200 OK
web_service-1       | INFO:web_service.main:Fetching couriers from http://courier_service:8002/api/couriers/
web_service-1       | INFO:httpx:HTTP Request: GET http://courier_service:8002/api/couriers/ "HTTP/1.1 200 OK"
web_service-1       | INFO:web_service.main:Couriers response: 200
web_service-1       | INFO:     172.18.0.1:53590 - "GET /api/couriers HTTP/1.1" 200 OK
web_service-1       | INFO:httpx:HTTP Request: POST http://courier_service:8002/api/couriers/simulate-full?courier_count=5&order_count=20 "HTTP/1.1 200 OK"
web_service-1       | INFO:web_service.main:Simulate-full response: 200
web_service-1       | INFO:     172.18.0.1:42406 - "POST /api/simulate-full HTTP/1.1" 200 OK
courier_service-1   |   File "/usr/local/lib/python3.11/contextlib.py", line 158, in __exit__
courier_service-1   |     self.gen.throw(typ, value, traceback)
courier_service-1   |   File "/usr/local/lib/python3.11/site-packages/starlette/_utils.py", line 87, in collapse_excgroups
courier_service-1   |     raise exc
courier_service-1   |   File "/usr/local/lib/python3.11/site-packages/starlette/middleware/base.py", line 193, in __call__
courier_service-1   |     response = await self.dispatch_func(request, call_next)
courier_service-1   |                ^^^^^^^^^^^^^^^^^^^^^^^^^^^^^^^^^^^^^^^^^^^^
order_service-1     | [Order 13] No idle couriers available
order_service-1     | INFO:     172.18.0.7:55880 - "POST /api/orders/13/assign HTTP/1.1" 200 OK
order_service-1     | INFO:     172.18.0.7:55880 - "POST /api/orders/ HTTP/1.1" 200 OK
order_service-1     | [Order 14] Found 5 couriers
order_service-1     |   Courier 1: status=delivering
order_service-1     |   Courier 2: status=delivering
order_service-1     |   Courier 3: status=delivering
order_service-1     |   Courier 4: status=delivering
order_service-1     |   Courier 5: status=delivering
courier_service-1   |   File "/app/courier_service/main.py", line 109, in prometheus_middleware
courier_service-1   |     response = await call_next(request)
courier_service-1   |                ^^^^^^^^^^^^^^^^^^^^^^^^
courier_service-1   |   File "/usr/local/lib/python3.11/site-packages/starlette/middleware/base.py", line 168, in call_next
courier_service-1   |     raise app_exc from app_exc.__cause__ or app_exc.__context__
courier_service-1   |   File "/usr/local/lib/python3.11/site-packages/starlette/middleware/base.py", line 144, in coro
courier_service-1   |     await self.app(scope, receive_or_disconnect, send_no_error)
courier_service-1   |   File "/usr/local/lib/python3.11/site-packages/starlette/middleware/exceptions.py", line 63, in __call__
courier_service-1   |     await wrap_app_handling_exceptions(self.app, conn)(scope, receive, send)
order_service-1     | [Order 14] No idle couriers available
order_service-1     | INFO:     172.18.0.7:55880 - "POST /api/orders/14/assign HTTP/1.1" 200 OK
order_service-1     | INFO:     172.18.0.7:55880 - "POST /api/orders/ HTTP/1.1" 200 OK
order_service-1     | [Order 15] Found 5 couriers
order_service-1     |   Courier 1: status=delivering
order_service-1     |   Courier 2: status=delivering
order_service-1     |   Courier 3: status=delivering
order_service-1     |   Courier 4: status=delivering
courier_service-1   |   File "/usr/local/lib/python3.11/site-packages/starlette/_exception_handler.py", line 53, in wrapped_app
courier_service-1   |     raise exc
courier_service-1   |   File "/usr/local/lib/python3.11/site-packages/starlette/_exception_handler.py", line 42, in wrapped_app
courier_service-1   |     await app(scope, receive, sender)
courier_service-1   |   File "/usr/local/lib/python3.11/site-packages/fastapi/middleware/asyncexitstack.py", line 18, in __call__
courier_service-1   |     await self.app(scope, receive, send)
courier_service-1   |   File "/usr/local/lib/python3.11/site-packages/starlette/routing.py", line 660, in __call__
courier_service-1   |     await self.middleware_stack(scope, receive, send)
courier_service-1   |   File "/usr/local/lib/python3.11/site-packages/starlette/routing.py", line 680, in app
order_service-1     |   Courier 5: status=delivering
order_service-1     | [Order 15] No idle couriers available
order_service-1     | INFO:     172.18.0.7:55880 - "POST /api/orders/15/assign HTTP/1.1" 200 OK
order_service-1     | INFO:     172.18.0.7:55880 - "POST /api/orders/ HTTP/1.1" 200 OK
order_service-1     | [Order 16] Found 5 couriers
order_service-1     |   Courier 1: status=delivering
order_service-1     |   Courier 2: status=delivering
order_service-1     |   Courier 3: status=delivering
courier_service-1   |     await route.handle(scope, receive, send)
courier_service-1   |   File "/usr/local/lib/python3.11/site-packages/starlette/routing.py", line 276, in handle
courier_service-1   |     await self.app(scope, receive, send)
courier_service-1   |   File "/usr/local/lib/python3.11/site-packages/fastapi/routing.py", line 134, in app
courier_service-1   |     await wrap_app_handling_exceptions(app, request)(scope, receive, send)
courier_service-1   |   File "/usr/local/lib/python3.11/site-packages/starlette/_exception_handler.py", line 53, in wrapped_app
courier_service-1   |     raise exc
courier_service-1   |   File "/usr/local/lib/python3.11/site-packages/starlette/_exception_handler.py", line 42, in wrapped_app
courier_service-1   |     await app(scope, receive, sender)
courier_service-1   |   File "/usr/local/lib/python3.11/site-packages/fastapi/routing.py", line 120, in app
courier_service-1   |     response = await f(request)
courier_service-1   |                ^^^^^^^^^^^^^^^^
courier_service-1   |   File "/usr/local/lib/python3.11/site-packages/fastapi/routing.py", line 674, in app
courier_service-1   |     raw_response = await run_endpoint_function(
courier_service-1   |                    ^^^^^^^^^^^^^^^^^^^^^^^^^^^^
courier_service-1   |   File "/usr/local/lib/python3.11/site-packages/fastapi/routing.py", line 328, in run_endpoint_function
courier_service-1   |     return await dependant.call(**values)
web_service-1       | INFO:     172.18.0.1:42406 - "GET /%E2%9C%93 HTTP/1.1" 404 Not Found
courier_service-1   |            ^^^^^^^^^^^^^^^^^^^^^^^^^^^^^^
web_service-1       | INFO:web_service.main:Fetching couriers from http://courier_service:8002/api/couriers/
web_service-1       | INFO:web_service.main:Fetching orders from http://order_service:8001/api/orders/
web_service-1       | INFO:httpx:HTTP Request: GET http://courier_service:8002/api/couriers/ "HTTP/1.1 200 OK"
web_service-1       | INFO:web_service.main:Couriers response: 200
web_service-1       | INFO:     172.18.0.1:42406 - "GET /api/couriers HTTP/1.1" 200 OK
web_service-1       | INFO:httpx:HTTP Request: GET http://order_service:8001/api/orders/ "HTTP/1.1 200 OK"
web_service-1       | INFO:web_service.main:Orders response: 200
web_service-1       | INFO:     172.18.0.1:53590 - "GET /api/orders HTTP/1.1" 200 OK
web_service-1       | INFO:web_service.main:Fetching couriers from http://courier_service:8002/api/couriers/
web_service-1       | INFO:httpx:HTTP Request: GET http://courier_service:8002/api/couriers/ "HTTP/1.1 200 OK"
web_service-1       | INFO:web_service.main:Couriers response: 200
web_service-1       | INFO:     172.18.0.1:53590 - "GET /api/couriers HTTP/1.1" 200 OK
web_service-1       | INFO:web_service.main:Fetching couriers from http://courier_service:8002/api/couriers/
web_service-1       | INFO:web_service.main:Fetching orders from http://order_service:8001/api/orders/
web_service-1       | INFO:httpx:HTTP Request: GET http://courier_service:8002/api/couriers/ "HTTP/1.1 200 OK"
web_service-1       | INFO:web_service.main:Couriers response: 200
web_service-1       | INFO:     172.18.0.1:53590 - "GET /api/couriers HTTP/1.1" 200 OK
courier_service-1   |   File "/app/courier_service/routes.py", line 279, in assign_order
courier_service-1   |     full_route = [restaurant_node_id] + route
courier_service-1   |                  ~~~~~~~~~~~~~~~~~~~~~^~~~~~~
courier_service-1   | TypeError: can only concatenate list (not "NoneType") to list
courier_service-1   | Всего курьеров в БД: 5
courier_service-1   |   Курьер 1: Курьер_1, status=CourierStatus.IDLE, current_order_id=None
courier_service-1   |   Курьер 2: Курьер_2, status=CourierStatus.IDLE, current_order_id=None
courier_service-1   |   Курьер 3: Курьер_3, status=CourierStatus.IDLE, current_order_id=None
courier_service-1   |   Курьер 4: Курьер_4, status=CourierStatus.IDLE, current_order_id=None
order_service-1     |   Courier 4: status=delivering
courier_service-1   |   Курьер 5: Курьер_5, status=CourierStatus.IDLE, current_order_id=None
order_service-1     |   Courier 5: status=delivering
courier_service-1   | Пытаемся назначить заказ 1 курьеру 1
order_service-1     | [Order 16] No idle couriers available
courier_service-1   | INFO:     172.18.0.6:44080 - "POST /api/couriers/assign HTTP/1.1" 500 Internal Server Error
order_service-1     | INFO:     172.18.0.7:55880 - "POST /api/orders/16/assign HTTP/1.1" 200 OK
courier_service-1   | ERROR:    Exception in ASGI application
order_service-1     | INFO:     172.18.0.7:55880 - "POST /api/orders/ HTTP/1.1" 200 OK
courier_service-1   | Traceback (most recent call last):
web_service-1       | INFO:httpx:HTTP Request: GET http://order_service:8001/api/orders/ "HTTP/1.1 200 OK"
courier_service-1   |   File "/usr/local/lib/python3.11/site-packages/uvicorn/protocols/http/httptools_impl.py", line 421, in run_asgi
courier_service-1   |     result = await app(  # type: ignore[func-returns-value]
courier_service-1   |              ^^^^^^^^^^^^^^^^^^^^^^^^^^^^^^^^^^^^^^^^^^^^^^
order_service-1     | [Order 17] Found 5 couriers
order_service-1     |   Courier 1: status=delivering
order_service-1     |   Courier 2: status=delivering
order_service-1     |   Courier 3: status=delivering
order_service-1     |   Courier 4: status=delivering
order_service-1     |   Courier 5: status=delivering
order_service-1     | [Order 17] No idle couriers available
order_service-1     | INFO:     172.18.0.7:55880 - "POST /api/orders/17/assign HTTP/1.1" 200 OK
courier_service-1   |   File "/usr/local/lib/python3.11/site-packages/uvicorn/middleware/proxy_headers.py", line 56, in __call__
courier_service-1   |     return await self.app(scope, receive, send)
courier_service-1   |            ^^^^^^^^^^^^^^^^^^^^^^^^^^^^^^^^^^^^
courier_service-1   |   File "/usr/local/lib/python3.11/site-packages/fastapi/applications.py", line 1159, in __call__
courier_service-1   |     await super().__call__(scope, receive, send)
courier_service-1   |   File "/usr/local/lib/python3.11/site-packages/starlette/applications.py", line 90, in __call__
courier_service-1   |     await self.middleware_stack(scope, receive, send)
courier_service-1   |   File "/usr/local/lib/python3.11/site-packages/starlette/middleware/errors.py", line 186, in __call__
order_service-1     | INFO:     172.18.0.7:55880 - "POST /api/orders/ HTTP/1.1" 200 OK
courier_service-1   |     raise exc
order_service-1     | [Order 18] Found 5 couriers
order_service-1     |   Courier 1: status=delivering
order_service-1     |   Courier 2: status=delivering
order_service-1     |   Courier 3: status=delivering
order_service-1     |   Courier 4: status=delivering
order_service-1     |   Courier 5: status=delivering
order_service-1     | [Order 18] No idle couriers available
courier_service-1   |   File "/usr/local/lib/python3.11/site-packages/starlette/middleware/errors.py", line 164, in __call__
courier_service-1   |     await self.app(scope, receive, _send)
courier_service-1   |   File "/usr/local/lib/python3.11/site-packages/starlette/middleware/base.py", line 191, in __call__
courier_service-1   |     with recv_stream, send_stream, collapse_excgroups():
courier_service-1   |   File "/usr/local/lib/python3.11/contextlib.py", line 158, in __exit__
courier_service-1   |     self.gen.throw(typ, value, traceback)
courier_service-1   |   File "/usr/local/lib/python3.11/site-packages/starlette/_utils.py", line 87, in collapse_excgroups
courier_service-1   |     raise exc
courier_service-1   |   File "/usr/local/lib/python3.11/site-packages/starlette/middleware/base.py", line 193, in __call__
order_service-1     | INFO:     172.18.0.7:55880 - "POST /api/orders/18/assign HTTP/1.1" 200 OK
order_service-1     | INFO:     172.18.0.7:55880 - "POST /api/orders/ HTTP/1.1" 200 OK
order_service-1     | [Order 19] Found 5 couriers
order_service-1     |   Courier 1: status=delivering
order_service-1     |   Courier 2: status=delivering
order_service-1     |   Courier 3: status=delivering
order_service-1     |   Courier 4: status=delivering
order_service-1     |   Courier 5: status=delivering
order_service-1     | [Order 19] No idle couriers available
order_service-1     | INFO:     172.18.0.7:55880 - "POST /api/orders/19/assign HTTP/1.1" 200 OK
order_service-1     | INFO:     172.18.0.7:55880 - "POST /api/orders/ HTTP/1.1" 200 OK
order_service-1     | [Order 20] Found 5 couriers
order_service-1     |   Courier 1: status=delivering
order_service-1     |   Courier 2: status=delivering
order_service-1     |   Courier 3: status=delivering
order_service-1     |   Courier 4: status=delivering
order_service-1     |   Courier 5: status=delivering
order_service-1     | [Order 20] No idle couriers available
order_service-1     | INFO:     172.18.0.7:55880 - "POST /api/orders/20/assign HTTP/1.1" 200 OK
order_service-1     | INFO:     172.18.0.8:34002 - "GET /api/orders/ HTTP/1.1" 200 OK
order_service-1     | INFO:     172.18.0.7:55890 - "GET /api/orders/ HTTP/1.1" 200 OK
order_service-1     | [Order 20] Found 5 couriers
order_service-1     |   Courier 1: status=delivering
order_service-1     |   Courier 2: status=delivering
order_service-1     |   Courier 3: status=delivering
order_service-1     |   Courier 4: status=delivering
order_service-1     |   Courier 5: status=delivering
order_service-1     | [Order 20] No idle couriers available
order_service-1     | INFO:     172.18.0.7:55890 - "POST /api/orders/20/assign HTTP/1.1" 200 OK
order_service-1     | [Order 19] Found 5 couriers
order_service-1     |   Courier 1: status=delivering
courier_service-1   |     response = await self.dispatch_func(request, call_next)
courier_service-1   |                ^^^^^^^^^^^^^^^^^^^^^^^^^^^^^^^^^^^^^^^^^^^^
courier_service-1   |   File "/app/courier_service/main.py", line 109, in prometheus_middleware
courier_service-1   |     response = await call_next(request)
courier_service-1   |                ^^^^^^^^^^^^^^^^^^^^^^^^
courier_service-1   |   File "/usr/local/lib/python3.11/site-packages/starlette/middleware/base.py", line 168, in call_next
courier_service-1   |     raise app_exc from app_exc.__cause__ or app_exc.__context__
courier_service-1   |   File "/usr/local/lib/python3.11/site-packages/starlette/middleware/base.py", line 144, in coro
order_service-1     |   Courier 2: status=delivering
order_service-1     |   Courier 3: status=delivering
order_service-1     |   Courier 4: status=delivering
order_service-1     |   Courier 5: status=delivering
order_service-1     | [Order 19] No idle couriers available
order_service-1     | INFO:     172.18.0.7:55890 - "POST /api/orders/19/assign HTTP/1.1" 200 OK
order_service-1     | [Order 18] Found 5 couriers
order_service-1     |   Courier 1: status=delivering
order_service-1     |   Courier 2: status=delivering
order_service-1     |   Courier 3: status=delivering
web_service-1       | INFO:web_service.main:Orders response: 200
web_service-1       | INFO:     172.18.0.1:42406 - "GET /api/orders HTTP/1.1" 200 OK
web_service-1       | INFO:web_service.main:Fetching couriers from http://courier_service:8002/api/couriers/
web_service-1       | INFO:httpx:HTTP Request: GET http://courier_service:8002/api/couriers/ "HTTP/1.1 200 OK"
web_service-1       | INFO:web_service.main:Couriers response: 200
web_service-1       | INFO:     172.18.0.1:42406 - "GET /api/couriers HTTP/1.1" 200 OK
web_service-1       | INFO:web_service.main:Fetching couriers from http://courier_service:8002/api/couriers/
web_service-1       | INFO:web_service.main:Fetching orders from http://order_service:8001/api/orders/
web_service-1       | INFO:httpx:HTTP Request: GET http://courier_service:8002/api/couriers/ "HTTP/1.1 200 OK"
web_service-1       | INFO:web_service.main:Couriers response: 200
web_service-1       | INFO:     172.18.0.1:42406 - "GET /api/couriers HTTP/1.1" 200 OK
web_service-1       | INFO:     172.18.0.1:53590 - "GET /api/orders HTTP/1.1" 200 OK
web_service-1       | INFO:httpx:HTTP Request: GET http://order_service:8001/api/orders/ "HTTP/1.1 200 OK"
web_service-1       | INFO:web_service.main:Orders response: 200
web_service-1       | INFO:web_service.main:Fetching couriers from http://courier_service:8002/api/couriers/
web_service-1       | INFO:httpx:HTTP Request: GET http://courier_service:8002/api/couriers/ "HTTP/1.1 200 OK"
web_service-1       | INFO:web_service.main:Couriers response: 200
web_service-1       | INFO:     172.18.0.1:53590 - "GET /api/couriers HTTP/1.1" 200 OK
web_service-1       | INFO:web_service.main:Fetching couriers from http://courier_service:8002/api/couriers/
web_service-1       | INFO:web_service.main:Fetching orders from http://order_service:8001/api/orders/
web_service-1       | INFO:httpx:HTTP Request: GET http://courier_service:8002/api/couriers/ "HTTP/1.1 200 OK"
web_service-1       | INFO:web_service.main:Couriers response: 200
web_service-1       | INFO:     172.18.0.1:53590 - "GET /api/couriers HTTP/1.1" 200 OK
web_service-1       | INFO:httpx:HTTP Request: GET http://order_service:8001/api/orders/ "HTTP/1.1 200 OK"
web_service-1       | INFO:web_service.main:Orders response: 200
web_service-1       | INFO:     172.18.0.1:42406 - "GET /api/orders HTTP/1.1" 200 OK
web_service-1       | INFO:web_service.main:Fetching couriers from http://courier_service:8002/api/couriers/
web_service-1       | INFO:httpx:HTTP Request: GET http://courier_service:8002/api/couriers/ "HTTP/1.1 200 OK"
web_service-1       | INFO:web_service.main:Couriers response: 200
web_service-1       | INFO:     172.18.0.1:42406 - "GET /api/couriers HTTP/1.1" 200 OK
web_service-1       | INFO:     172.18.0.1:42406 - "GET /.well-known/appspecific/com.chrome.devtools.json HTTP/1.1" 404 Not Found
web_service-1       | INFO:web_service.main:Fetching couriers from http://courier_service:8002/api/couriers/
web_service-1       | INFO:web_service.main:Fetching orders from http://order_service:8001/api/orders/
web_service-1       | INFO:httpx:HTTP Request: GET http://courier_service:8002/api/couriers/ "HTTP/1.1 200 OK"
web_service-1       | INFO:web_service.main:Couriers response: 200
web_service-1       | INFO:httpx:HTTP Request: GET http://order_service:8001/api/orders/ "HTTP/1.1 200 OK"
web_service-1       | INFO:     172.18.0.1:42406 - "GET /api/couriers HTTP/1.1" 200 OK
web_service-1       | INFO:web_service.main:Orders response: 200
web_service-1       | INFO:     172.18.0.1:53590 - "GET /api/orders HTTP/1.1" 200 OK
web_service-1       | INFO:web_service.main:Fetching couriers from http://courier_service:8002/api/couriers/
web_service-1       | INFO:httpx:HTTP Request: GET http://courier_service:8002/api/couriers/ "HTTP/1.1 200 OK"
web_service-1       | INFO:web_service.main:Couriers response: 200
web_service-1       | INFO:     172.18.0.1:53590 - "GET /api/couriers HTTP/1.1" 200 OK
web_service-1       | INFO:web_service.main:Fetching couriers from http://courier_service:8002/api/couriers/
web_service-1       | INFO:web_service.main:Fetching orders from http://order_service:8001/api/orders/
web_service-1       | INFO:httpx:HTTP Request: GET http://courier_service:8002/api/couriers/ "HTTP/1.1 200 OK"
web_service-1       | INFO:web_service.main:Couriers response: 200
web_service-1       | INFO:httpx:HTTP Request: GET http://order_service:8001/api/orders/ "HTTP/1.1 200 OK"
web_service-1       | INFO:     172.18.0.1:53590 - "GET /api/couriers HTTP/1.1" 200 OK
web_service-1       | INFO:web_service.main:Orders response: 200
web_service-1       | INFO:     172.18.0.1:42406 - "GET /api/orders HTTP/1.1" 200 OK
web_service-1       | INFO:web_service.main:Fetching couriers from http://courier_service:8002/api/couriers/
web_service-1       | INFO:httpx:HTTP Request: GET http://courier_service:8002/api/couriers/ "HTTP/1.1 200 OK"
web_service-1       | INFO:web_service.main:Couriers response: 200
web_service-1       | INFO:     172.18.0.1:42406 - "GET /api/couriers HTTP/1.1" 200 OK
web_service-1       | INFO:web_service.main:Fetching couriers from http://courier_service:8002/api/couriers/
web_service-1       | INFO:web_service.main:Fetching orders from http://order_service:8001/api/orders/
web_service-1       | INFO:httpx:HTTP Request: GET http://courier_service:8002/api/couriers/ "HTTP/1.1 200 OK"
web_service-1       | INFO:web_service.main:Couriers response: 200
web_service-1       | INFO:     172.18.0.1:42406 - "GET /api/couriers HTTP/1.1" 200 OK
web_service-1       | INFO:httpx:HTTP Request: GET http://order_service:8001/api/orders/ "HTTP/1.1 200 OK"
web_service-1       | INFO:web_service.main:Orders response: 200
web_service-1       | INFO:     172.18.0.1:53590 - "GET /api/orders HTTP/1.1" 200 OK
courier_service-1   |     await self.app(scope, receive_or_disconnect, send_no_error)
courier_service-1   |   File "/usr/local/lib/python3.11/site-packages/starlette/middleware/exceptions.py", line 63, in __call__
courier_service-1   |     await wrap_app_handling_exceptions(self.app, conn)(scope, receive, send)
courier_service-1   |   File "/usr/local/lib/python3.11/site-packages/starlette/_exception_handler.py", line 53, in wrapped_app
courier_service-1   |     raise exc
courier_service-1   |   File "/usr/local/lib/python3.11/site-packages/starlette/_exception_handler.py", line 42, in wrapped_app
courier_service-1   |     await app(scope, receive, sender)
courier_service-1   |   File "/usr/local/lib/python3.11/site-packages/fastapi/middleware/asyncexitstack.py", line 18, in __call__
courier_service-1   |     await self.app(scope, receive, send)
courier_service-1   |   File "/usr/local/lib/python3.11/site-packages/starlette/routing.py", line 660, in __call__
courier_service-1   |     await self.middleware_stack(scope, receive, send)
courier_service-1   |   File "/usr/local/lib/python3.11/site-packages/starlette/routing.py", line 680, in app
web_service-1       | INFO:web_service.main:Fetching couriers from http://courier_service:8002/api/couriers/
web_service-1       | INFO:httpx:HTTP Request: GET http://courier_service:8002/api/couriers/ "HTTP/1.1 200 OK"
web_service-1       | INFO:web_service.main:Couriers response: 200
web_service-1       | INFO:     172.18.0.1:53590 - "GET /api/couriers HTTP/1.1" 200 OK
web_service-1       | INFO:web_service.main:Fetching couriers from http://courier_service:8002/api/couriers/
web_service-1       | INFO:web_service.main:Fetching orders from http://order_service:8001/api/orders/
web_service-1       | INFO:httpx:HTTP Request: GET http://courier_service:8002/api/couriers/ "HTTP/1.1 200 OK"
web_service-1       | INFO:web_service.main:Couriers response: 200
web_service-1       | INFO:     172.18.0.1:53590 - "GET /api/couriers HTTP/1.1" 200 OK
web_service-1       | INFO:httpx:HTTP Request: GET http://order_service:8001/api/orders/ "HTTP/1.1 200 OK"
web_service-1       | INFO:web_service.main:Orders response: 200
web_service-1       | INFO:     172.18.0.1:42406 - "GET /api/orders HTTP/1.1" 200 OK
web_service-1       | INFO:web_service.main:Fetching couriers from http://courier_service:8002/api/couriers/
order_service-1     |   Courier 4: status=delivering
web_service-1       | INFO:httpx:HTTP Request: GET http://courier_service:8002/api/couriers/ "HTTP/1.1 200 OK"
web_service-1       | INFO:web_service.main:Couriers response: 200
web_service-1       | INFO:     172.18.0.1:42406 - "GET /api/couriers HTTP/1.1" 200 OK
web_service-1       | INFO:web_service.main:Fetching couriers from http://courier_service:8002/api/couriers/
web_service-1       | INFO:web_service.main:Fetching orders from http://order_service:8001/api/orders/
web_service-1       | INFO:httpx:HTTP Request: GET http://courier_service:8002/api/couriers/ "HTTP/1.1 200 OK"
web_service-1       | INFO:web_service.main:Couriers response: 200
web_service-1       | INFO:     172.18.0.1:42406 - "GET /api/couriers HTTP/1.1" 200 OK
web_service-1       | INFO:httpx:HTTP Request: GET http://order_service:8001/api/orders/ "HTTP/1.1 200 OK"
web_service-1       | INFO:web_service.main:Orders response: 200
web_service-1       | INFO:     172.18.0.1:53590 - "GET /api/orders HTTP/1.1" 200 OK
courier_service-1   |     await route.handle(scope, receive, send)
web_service-1       | INFO:web_service.main:Fetching couriers from http://courier_service:8002/api/couriers/
courier_service-1   |   File "/usr/local/lib/python3.11/site-packages/starlette/routing.py", line 276, in handle
order_service-1     |   Courier 5: status=delivering
web_service-1       | INFO:httpx:HTTP Request: GET http://courier_service:8002/api/couriers/ "HTTP/1.1 200 OK"
order_service-1     | [Order 18] No idle couriers available
web_service-1       | INFO:web_service.main:Couriers response: 200
web_service-1       | INFO:     172.18.0.1:53590 - "GET /api/couriers HTTP/1.1" 200 OK
web_service-1       | INFO:web_service.main:Fetching couriers from http://courier_service:8002/api/couriers/
web_service-1       | INFO:web_service.main:Fetching orders from http://order_service:8001/api/orders/
web_service-1       | INFO:httpx:HTTP Request: GET http://courier_service:8002/api/couriers/ "HTTP/1.1 200 OK"
web_service-1       | INFO:web_service.main:Couriers response: 200
web_service-1       | INFO:     172.18.0.1:53590 - "GET /api/couriers HTTP/1.1" 200 OK
web_service-1       | INFO:httpx:HTTP Request: GET http://order_service:8001/api/orders/ "HTTP/1.1 200 OK"
web_service-1       | INFO:web_service.main:Orders response: 200
web_service-1       | INFO:     172.18.0.1:42406 - "GET /api/orders HTTP/1.1" 200 OK
order_service-1     | INFO:     172.18.0.7:55890 - "POST /api/orders/18/assign HTTP/1.1" 200 OK
courier_service-1   |     await self.app(scope, receive, send)
order_service-1     | [Order 17] Found 5 couriers
web_service-1       | INFO:web_service.main:Fetching couriers from http://courier_service:8002/api/couriers/
order_service-1     |   Courier 1: status=delivering
web_service-1       | INFO:httpx:HTTP Request: GET http://courier_service:8002/api/couriers/ "HTTP/1.1 200 OK"
web_service-1       | INFO:web_service.main:Couriers response: 200
web_service-1       | INFO:     172.18.0.1:42406 - "GET /api/couriers HTTP/1.1" 200 OK
web_service-1       | INFO:web_service.main:Fetching couriers from http://courier_service:8002/api/couriers/
web_service-1       | INFO:web_service.main:Fetching orders from http://order_service:8001/api/orders/
web_service-1       | INFO:httpx:HTTP Request: GET http://courier_service:8002/api/couriers/ "HTTP/1.1 200 OK"
web_service-1       | INFO:httpx:HTTP Request: GET http://order_service:8001/api/orders/ "HTTP/1.1 200 OK"
web_service-1       | INFO:web_service.main:Couriers response: 200
web_service-1       | INFO:     172.18.0.1:42406 - "GET /api/couriers HTTP/1.1" 200 OK
web_service-1       | INFO:web_service.main:Orders response: 200
web_service-1       | INFO:     172.18.0.1:53590 - "GET /api/orders HTTP/1.1" 200 OK
web_service-1       | INFO:web_service.main:Fetching couriers from http://courier_service:8002/api/couriers/
order_service-1     |   Courier 2: status=delivering
order_service-1     |   Courier 3: status=delivering
order_service-1     |   Courier 4: status=delivering
order_service-1     |   Courier 5: status=delivering
order_service-1     | [Order 17] No idle couriers available
order_service-1     | INFO:     172.18.0.7:55890 - "POST /api/orders/17/assign HTTP/1.1" 200 OK
order_service-1     | [Order 16] Found 5 couriers
courier_service-1   |   File "/usr/local/lib/python3.11/site-packages/fastapi/routing.py", line 134, in app
courier_service-1   |     await wrap_app_handling_exceptions(app, request)(scope, receive, send)
courier_service-1   |   File "/usr/local/lib/python3.11/site-packages/starlette/_exception_handler.py", line 53, in wrapped_app
courier_service-1   |     raise exc
courier_service-1   |   File "/usr/local/lib/python3.11/site-packages/starlette/_exception_handler.py", line 42, in wrapped_app
courier_service-1   |     await app(scope, receive, sender)
courier_service-1   |   File "/usr/local/lib/python3.11/site-packages/fastapi/routing.py", line 120, in app
courier_service-1   |     response = await f(request)
web_service-1       | INFO:httpx:HTTP Request: GET http://courier_service:8002/api/couriers/ "HTTP/1.1 200 OK"
web_service-1       | INFO:web_service.main:Couriers response: 200
web_service-1       | INFO:     172.18.0.1:53590 - "GET /api/couriers HTTP/1.1" 200 OK
web_service-1       | INFO:web_service.main:Fetching couriers from http://courier_service:8002/api/couriers/
web_service-1       | INFO:web_service.main:Fetching orders from http://order_service:8001/api/orders/
web_service-1       | INFO:httpx:HTTP Request: GET http://courier_service:8002/api/couriers/ "HTTP/1.1 200 OK"
web_service-1       | INFO:web_service.main:Couriers response: 200
web_service-1       | INFO:     172.18.0.1:53590 - "GET /api/couriers HTTP/1.1" 200 OK
web_service-1       | INFO:httpx:HTTP Request: GET http://order_service:8001/api/orders/ "HTTP/1.1 200 OK"
web_service-1       | INFO:web_service.main:Orders response: 200
web_service-1       | INFO:     172.18.0.1:42406 - "GET /api/orders HTTP/1.1" 200 OK
web_service-1       | INFO:web_service.main:Fetching couriers from http://courier_service:8002/api/couriers/
courier_service-1   |                ^^^^^^^^^^^^^^^^
courier_service-1   |   File "/usr/local/lib/python3.11/site-packages/fastapi/routing.py", line 674, in app
courier_service-1   |     raw_response = await run_endpoint_function(
courier_service-1   |                    ^^^^^^^^^^^^^^^^^^^^^^^^^^^^
courier_service-1   |   File "/usr/local/lib/python3.11/site-packages/fastapi/routing.py", line 328, in run_endpoint_function
courier_service-1   |     return await dependant.call(**values)
courier_service-1   |            ^^^^^^^^^^^^^^^^^^^^^^^^^^^^^^
courier_service-1   |   File "/app/courier_service/routes.py", line 279, in assign_order
courier_service-1   |     full_route = [restaurant_node_id] + route
courier_service-1   |                  ~~~~~~~~~~~~~~~~~~~~~^~~~~~~
courier_service-1   | TypeError: can only concatenate list (not "NoneType") to list
courier_service-1   | Всего курьеров в БД: 5
courier_service-1   |   Курьер 1: Курьер_1, status=CourierStatus.IDLE, current_order_id=None
courier_service-1   |   Курьер 2: Курьер_2, status=CourierStatus.IDLE, current_order_id=None
courier_service-1   |   Курьер 3: Курьер_3, status=CourierStatus.IDLE, current_order_id=None
courier_service-1   |   Курьер 4: Курьер_4, status=CourierStatus.IDLE, current_order_id=None
courier_service-1   |   Курьер 5: Курьер_5, status=CourierStatus.IDLE, current_order_id=None
courier_service-1   | Пытаемся назначить заказ 1 курьеру 1
courier_service-1   | INFO:     172.18.0.6:44092 - "POST /api/couriers/assign HTTP/1.1" 500 Internal Server Error
order_service-1     |   Courier 1: status=delivering
order_service-1     |   Courier 2: status=delivering
order_service-1     |   Courier 3: status=delivering
order_service-1     |   Courier 4: status=delivering
order_service-1     |   Courier 5: status=delivering
order_service-1     | [Order 16] No idle couriers available
order_service-1     | INFO:     172.18.0.7:55890 - "POST /api/orders/16/assign HTTP/1.1" 200 OK
order_service-1     | [Order 15] Found 5 couriers
order_service-1     |   Courier 1: status=delivering
order_service-1     |   Courier 2: status=delivering
order_service-1     |   Courier 3: status=delivering
order_service-1     |   Courier 4: status=delivering
courier_service-1   | ERROR:    Exception in ASGI application
courier_service-1   | Traceback (most recent call last):
courier_service-1   |   File "/usr/local/lib/python3.11/site-packages/uvicorn/protocols/http/httptools_impl.py", line 421, in run_asgi
courier_service-1   |     result = await app(  # type: ignore[func-returns-value]
courier_service-1   |              ^^^^^^^^^^^^^^^^^^^^^^^^^^^^^^^^^^^^^^^^^^^^^^
courier_service-1   |   File "/usr/local/lib/python3.11/site-packages/uvicorn/middleware/proxy_headers.py", line 56, in __call__
courier_service-1   |     return await self.app(scope, receive, send)
courier_service-1   |            ^^^^^^^^^^^^^^^^^^^^^^^^^^^^^^^^^^^^
courier_service-1   |   File "/usr/local/lib/python3.11/site-packages/fastapi/applications.py", line 1159, in __call__
courier_service-1   |     await super().__call__(scope, receive, send)
courier_service-1   |   File "/usr/local/lib/python3.11/site-packages/starlette/applications.py", line 90, in __call__
courier_service-1   |     await self.middleware_stack(scope, receive, send)
courier_service-1   |   File "/usr/local/lib/python3.11/site-packages/starlette/middleware/errors.py", line 186, in __call__
courier_service-1   |     raise exc
courier_service-1   |   File "/usr/local/lib/python3.11/site-packages/starlette/middleware/errors.py", line 164, in __call__
order_service-1     |   Courier 5: status=delivering
order_service-1     | [Order 15] No idle couriers available
order_service-1     | INFO:     172.18.0.7:55890 - "POST /api/orders/15/assign HTTP/1.1" 200 OK
order_service-1     | [Order 14] Found 5 couriers
order_service-1     |   Courier 1: status=delivering
order_service-1     |   Courier 2: status=delivering
order_service-1     |   Courier 3: status=delivering
order_service-1     |   Courier 4: status=delivering
order_service-1     |   Courier 5: status=delivering
order_service-1     | [Order 14] No idle couriers available
order_service-1     | INFO:     172.18.0.7:55890 - "POST /api/orders/14/assign HTTP/1.1" 200 OK
order_service-1     | [Order 13] Found 5 couriers
order_service-1     |   Courier 1: status=delivering
order_service-1     |   Courier 2: status=delivering
order_service-1     |   Courier 3: status=delivering
order_service-1     |   Courier 4: status=delivering
order_service-1     |   Courier 5: status=delivering
order_service-1     | [Order 13] No idle couriers available
order_service-1     | INFO:     172.18.0.7:55890 - "POST /api/orders/13/assign HTTP/1.1" 200 OK
order_service-1     | [Order 12] Found 5 couriers
order_service-1     |   Courier 1: status=delivering
order_service-1     |   Courier 2: status=delivering
order_service-1     |   Courier 3: status=delivering
order_service-1     |   Courier 4: status=delivering
order_service-1     |   Courier 5: status=delivering
order_service-1     | [Order 12] No idle couriers available
order_service-1     | INFO:     172.18.0.7:55890 - "POST /api/orders/12/assign HTTP/1.1" 200 OK
order_service-1     | [Order 11] Found 5 couriers
order_service-1     |   Courier 1: status=delivering
order_service-1     |   Courier 2: status=delivering
order_service-1     |   Courier 3: status=delivering
order_service-1     |   Courier 4: status=delivering
order_service-1     |   Courier 5: status=delivering
order_service-1     | [Order 11] No idle couriers available
courier_service-1   |     await self.app(scope, receive, _send)
courier_service-1   |   File "/usr/local/lib/python3.11/site-packages/starlette/middleware/base.py", line 191, in __call__
courier_service-1   |     with recv_stream, send_stream, collapse_excgroups():
courier_service-1   |   File "/usr/local/lib/python3.11/contextlib.py", line 158, in __exit__
courier_service-1   |     self.gen.throw(typ, value, traceback)
courier_service-1   |   File "/usr/local/lib/python3.11/site-packages/starlette/_utils.py", line 87, in collapse_excgroups
courier_service-1   |     raise exc
courier_service-1   |   File "/usr/local/lib/python3.11/site-packages/starlette/middleware/base.py", line 193, in __call__
courier_service-1   |     response = await self.dispatch_func(request, call_next)
courier_service-1   |                ^^^^^^^^^^^^^^^^^^^^^^^^^^^^^^^^^^^^^^^^^^^^
courier_service-1   |   File "/app/courier_service/main.py", line 109, in prometheus_middleware
courier_service-1   |     response = await call_next(request)
courier_service-1   |                ^^^^^^^^^^^^^^^^^^^^^^^^
web_service-1       | INFO:httpx:HTTP Request: GET http://courier_service:8002/api/couriers/ "HTTP/1.1 200 OK"
web_service-1       | INFO:web_service.main:Couriers response: 200
web_service-1       | INFO:     172.18.0.1:42406 - "GET /api/couriers HTTP/1.1" 200 OK
web_service-1       | INFO:     Shutting down
web_service-1       | INFO:     connection closed
web_service-1       | INFO:     Waiting for application shutdown.
web_service-1       | INFO:     Application shutdown complete.
web_service-1       | INFO:     Finished server process [1]
order_service-1     | INFO:     172.18.0.7:55890 - "POST /api/orders/11/assign HTTP/1.1" 200 OK
order_service-1     | [Order 10] Found 5 couriers
order_service-1     |   Courier 1: status=delivering
order_service-1     |   Courier 2: status=delivering
order_service-1     |   Courier 3: status=delivering
order_service-1     |   Courier 4: status=delivering
order_service-1     |   Courier 5: status=delivering
order_service-1     | [Order 10] No idle couriers available
order_service-1     | INFO:     172.18.0.7:55890 - "POST /api/orders/10/assign HTTP/1.1" 200 OK
order_service-1     | [Order 9] Found 5 couriers
order_service-1     |   Courier 1: status=delivering
order_service-1     |   Courier 2: status=delivering
order_service-1     |   Courier 3: status=delivering
order_service-1     |   Courier 4: status=delivering
order_service-1     |   Courier 5: status=delivering
order_service-1     | [Order 9] No idle couriers available
order_service-1     | INFO:     172.18.0.7:55890 - "POST /api/orders/9/assign HTTP/1.1" 200 OK
courier_service-1   |   File "/usr/local/lib/python3.11/site-packages/starlette/middleware/base.py", line 168, in call_next
courier_service-1   |     raise app_exc from app_exc.__cause__ or app_exc.__context__
courier_service-1   |   File "/usr/local/lib/python3.11/site-packages/starlette/middleware/base.py", line 144, in coro
courier_service-1   |     await self.app(scope, receive_or_disconnect, send_no_error)
courier_service-1   |   File "/usr/local/lib/python3.11/site-packages/starlette/middleware/exceptions.py", line 63, in __call__
courier_service-1   |     await wrap_app_handling_exceptions(self.app, conn)(scope, receive, send)
courier_service-1   |   File "/usr/local/lib/python3.11/site-packages/starlette/_exception_handler.py", line 53, in wrapped_app
courier_service-1   |     raise exc
courier_service-1   |   File "/usr/local/lib/python3.11/site-packages/starlette/_exception_handler.py", line 42, in wrapped_app
courier_service-1   |     await app(scope, receive, sender)
courier_service-1   |   File "/usr/local/lib/python3.11/site-packages/fastapi/middleware/asyncexitstack.py", line 18, in __call__
courier_service-1   |     await self.app(scope, receive, send)
courier_service-1   |   File "/usr/local/lib/python3.11/site-packages/starlette/routing.py", line 660, in __call__
courier_service-1   |     await self.middleware_stack(scope, receive, send)
courier_service-1   |   File "/usr/local/lib/python3.11/site-packages/starlette/routing.py", line 680, in app
courier_service-1   |     await route.handle(scope, receive, send)
courier_service-1   |   File "/usr/local/lib/python3.11/site-packages/starlette/routing.py", line 276, in handle
courier_service-1   |     await self.app(scope, receive, send)
courier_service-1   |   File "/usr/local/lib/python3.11/site-packages/fastapi/routing.py", line 134, in app
courier_service-1   |     await wrap_app_handling_exceptions(app, request)(scope, receive, send)
order_service-1     | [Order 8] Found 5 couriers
order_service-1     |   Courier 1: status=delivering
order_service-1     |   Courier 2: status=delivering
order_service-1     |   Courier 3: status=delivering
order_service-1     |   Courier 4: status=delivering
order_service-1     |   Courier 5: status=delivering
order_service-1     | [Order 8] No idle couriers available
order_service-1     | INFO:     172.18.0.7:55890 - "POST /api/orders/8/assign HTTP/1.1" 200 OK
order_service-1     | [Order 7] Found 5 couriers
order_service-1     |   Courier 1: status=delivering
order_service-1     |   Courier 2: status=delivering
order_service-1     |   Courier 3: status=delivering
order_service-1     |   Courier 4: status=delivering
order_service-1     |   Courier 5: status=delivering
order_service-1     | [Order 7] No idle couriers available
order_service-1     | INFO:     172.18.0.7:55890 - "POST /api/orders/7/assign HTTP/1.1" 200 OK
order_service-1     | [Order 6] Found 5 couriers
order_service-1     |   Courier 1: status=delivering
order_service-1     |   Courier 2: status=delivering
courier_service-1   |   File "/usr/local/lib/python3.11/site-packages/starlette/_exception_handler.py", line 53, in wrapped_app
courier_service-1   |     raise exc
courier_service-1   |   File "/usr/local/lib/python3.11/site-packages/starlette/_exception_handler.py", line 42, in wrapped_app
courier_service-1   |     await app(scope, receive, sender)
courier_service-1   |   File "/usr/local/lib/python3.11/site-packages/fastapi/routing.py", line 120, in app
courier_service-1   |     response = await f(request)
courier_service-1   |                ^^^^^^^^^^^^^^^^
courier_service-1   |   File "/usr/local/lib/python3.11/site-packages/fastapi/routing.py", line 674, in app
order_service-1     |   Courier 3: status=delivering
order_service-1     |   Courier 4: status=delivering
order_service-1     |   Courier 5: status=delivering
order_service-1     | [Order 6] No idle couriers available
order_service-1     | INFO:     172.18.0.7:55890 - "POST /api/orders/6/assign HTTP/1.1" 200 OK
order_service-1     | [Order 5] Found 5 couriers
order_service-1     |   Courier 1: status=delivering
order_service-1     |   Courier 2: status=delivering
order_service-1     |   Courier 3: status=delivering
order_service-1     |   Courier 4: status=delivering
order_service-1     |   Courier 5: status=delivering
order_service-1     | [Order 5] No idle couriers available
order_service-1     | INFO:     172.18.0.7:55890 - "POST /api/orders/5/assign HTTP/1.1" 200 OK
order_service-1     | [Order 4] Found 5 couriers
order_service-1     |   Courier 1: status=delivering
order_service-1     |   Courier 2: status=delivering
order_service-1     |   Courier 3: status=delivering
order_service-1     |   Courier 4: status=delivering
order_service-1     |   Courier 5: status=delivering
order_service-1     | [Order 4] No idle couriers available
order_service-1     | INFO:     172.18.0.7:55890 - "POST /api/orders/4/assign HTTP/1.1" 200 OK
order_service-1     | [Order 3] Found 5 couriers
order_service-1     |   Courier 1: status=delivering
order_service-1     |   Courier 2: status=delivering
courier_service-1   |     raw_response = await run_endpoint_function(
courier_service-1   |                    ^^^^^^^^^^^^^^^^^^^^^^^^^^^^
courier_service-1   |   File "/usr/local/lib/python3.11/site-packages/fastapi/routing.py", line 328, in run_endpoint_function
courier_service-1   |     return await dependant.call(**values)
courier_service-1   |            ^^^^^^^^^^^^^^^^^^^^^^^^^^^^^^
courier_service-1   |   File "/app/courier_service/routes.py", line 279, in assign_order
courier_service-1   |     full_route = [restaurant_node_id] + route
courier_service-1   |                  ~~~~~~~~~~~~~~~~~~~~~^~~~~~~
courier_service-1   | TypeError: can only concatenate list (not "NoneType") to list
courier_service-1   | Всего курьеров в БД: 5
courier_service-1   |   Курьер 1: Курьер_1, status=CourierStatus.IDLE, current_order_id=None
courier_service-1   |   Курьер 2: Курьер_2, status=CourierStatus.IDLE, current_order_id=None
order_service-1     |   Courier 3: status=delivering
order_service-1     |   Courier 4: status=delivering
order_service-1     |   Courier 5: status=delivering
order_service-1     | [Order 3] No idle couriers available
order_service-1     | INFO:     172.18.0.7:55890 - "POST /api/orders/3/assign HTTP/1.1" 200 OK
courier_service-1   |   Курьер 3: Курьер_3, status=CourierStatus.IDLE, current_order_id=None
courier_service-1   |   Курьер 4: Курьер_4, status=CourierStatus.IDLE, current_order_id=None
courier_service-1   |   Курьер 5: Курьер_5, status=CourierStatus.IDLE, current_order_id=None
courier_service-1   | Пытаемся назначить заказ 1 курьеру 1
courier_service-1   | INFO:     172.18.0.6:44104 - "POST /api/couriers/assign HTTP/1.1" 500 Internal Server Error
courier_service-1   | ERROR:    Exception in ASGI application
courier_service-1   | Traceback (most recent call last):
courier_service-1   |   File "/usr/local/lib/python3.11/site-packages/uvicorn/protocols/http/httptools_impl.py", line 421, in run_asgi
courier_service-1   |     result = await app(  # type: ignore[func-returns-value]
courier_service-1   |              ^^^^^^^^^^^^^^^^^^^^^^^^^^^^^^^^^^^^^^^^^^^^^^
courier_service-1   |   File "/usr/local/lib/python3.11/site-packages/uvicorn/middleware/proxy_headers.py", line 56, in __call__
courier_service-1   |     return await self.app(scope, receive, send)
courier_service-1   |            ^^^^^^^^^^^^^^^^^^^^^^^^^^^^^^^^^^^^
order_service-1     | [Order 2] Found 5 couriers
order_service-1     |   Courier 1: status=delivering
order_service-1     |   Courier 2: status=delivering
order_service-1     |   Courier 3: status=delivering
order_service-1     |   Courier 4: status=delivering
order_service-1     |   Courier 5: status=delivering
order_service-1     | [Order 2] No idle couriers available
order_service-1     | INFO:     172.18.0.7:55890 - "POST /api/orders/2/assign HTTP/1.1" 200 OK
order_service-1     | [Order 1] Found 5 couriers
order_service-1     |   Courier 1: status=delivering
order_service-1     |   Courier 2: status=delivering
order_service-1     |   Courier 3: status=delivering
order_service-1     |   Courier 4: status=delivering
order_service-1     |   Courier 5: status=delivering
order_service-1     | [Order 1] No idle couriers available
order_service-1     | INFO:     172.18.0.7:55890 - "POST /api/orders/1/assign HTTP/1.1" 200 OK
order_service-1     | INFO:     172.18.0.8:34006 - "GET /api/orders/ HTTP/1.1" 200 OK
order_service-1     | INFO:     172.18.0.8:34022 - "GET /api/orders/ HTTP/1.1" 200 OK
order_service-1     | INFO:     172.18.0.7:55904 - "GET /api/orders/ HTTP/1.1" 200 OK
order_service-1     | [Order 20] Found 5 couriers
courier_service-1   |   File "/usr/local/lib/python3.11/site-packages/fastapi/applications.py", line 1159, in __call__
courier_service-1   |     await super().__call__(scope, receive, send)
courier_service-1   |   File "/usr/local/lib/python3.11/site-packages/starlette/applications.py", line 90, in __call__
courier_service-1   |     await self.middleware_stack(scope, receive, send)
courier_service-1   |   File "/usr/local/lib/python3.11/site-packages/starlette/middleware/errors.py", line 186, in __call__
courier_service-1   |     raise exc
courier_service-1   |   File "/usr/local/lib/python3.11/site-packages/starlette/middleware/errors.py", line 164, in __call__
courier_service-1   |     await self.app(scope, receive, _send)
courier_service-1   |   File "/usr/local/lib/python3.11/site-packages/starlette/middleware/base.py", line 191, in __call__
courier_service-1   |     with recv_stream, send_stream, collapse_excgroups():
courier_service-1   |   File "/usr/local/lib/python3.11/contextlib.py", line 158, in __exit__
courier_service-1   |     self.gen.throw(typ, value, traceback)
courier_service-1   |   File "/usr/local/lib/python3.11/site-packages/starlette/_utils.py", line 87, in collapse_excgroups
courier_service-1   |     raise exc
courier_service-1   |   File "/usr/local/lib/python3.11/site-packages/starlette/middleware/base.py", line 193, in __call__
courier_service-1   |     response = await self.dispatch_func(request, call_next)
courier_service-1   |                ^^^^^^^^^^^^^^^^^^^^^^^^^^^^^^^^^^^^^^^^^^^^
courier_service-1   |   File "/app/courier_service/main.py", line 109, in prometheus_middleware
courier_service-1   |     response = await call_next(request)
courier_service-1   |                ^^^^^^^^^^^^^^^^^^^^^^^^
order_service-1     |   Courier 1: status=delivering
courier_service-1   |   File "/usr/local/lib/python3.11/site-packages/starlette/middleware/base.py", line 168, in call_next
order_service-1     |   Courier 2: status=delivering
courier_service-1   |     raise app_exc from app_exc.__cause__ or app_exc.__context__
courier_service-1   |   File "/usr/local/lib/python3.11/site-packages/starlette/middleware/base.py", line 144, in coro
order_service-1     |   Courier 3: status=delivering
order_service-1     |   Courier 4: status=delivering
order_service-1     |   Courier 5: status=delivering
order_service-1     | [Order 20] No idle couriers available
order_service-1     | INFO:     172.18.0.7:55904 - "POST /api/orders/20/assign HTTP/1.1" 200 OK
order_service-1     | [Order 19] Found 5 couriers
order_service-1     |   Courier 1: status=delivering
order_service-1     |   Courier 2: status=delivering
order_service-1     |   Courier 3: status=delivering
order_service-1     |   Courier 4: status=delivering
order_service-1     |   Courier 5: status=delivering
order_service-1     | [Order 19] No idle couriers available
order_service-1     | INFO:     172.18.0.7:55904 - "POST /api/orders/19/assign HTTP/1.1" 200 OK
order_service-1     | [Order 18] Found 5 couriers
order_service-1     |   Courier 1: status=delivering
order_service-1     |   Courier 2: status=delivering
order_service-1     |   Courier 3: status=delivering
order_service-1     |   Courier 4: status=delivering
order_service-1     |   Courier 5: status=delivering
order_service-1     | [Order 18] No idle couriers available
order_service-1     | INFO:     172.18.0.7:55904 - "POST /api/orders/18/assign HTTP/1.1" 200 OK
order_service-1     | [Order 17] Found 5 couriers
order_service-1     |   Courier 1: status=delivering
order_service-1     |   Courier 2: status=delivering
order_service-1     |   Courier 3: status=delivering
order_service-1     |   Courier 4: status=delivering
order_service-1     |   Courier 5: status=delivering
order_service-1     | [Order 17] No idle couriers available
order_service-1     | INFO:     172.18.0.7:55904 - "POST /api/orders/17/assign HTTP/1.1" 200 OK
courier_service-1   |     await self.app(scope, receive_or_disconnect, send_no_error)
courier_service-1   |   File "/usr/local/lib/python3.11/site-packages/starlette/middleware/exceptions.py", line 63, in __call__
courier_service-1   |     await wrap_app_handling_exceptions(self.app, conn)(scope, receive, send)
courier_service-1   |   File "/usr/local/lib/python3.11/site-packages/starlette/_exception_handler.py", line 53, in wrapped_app
courier_service-1   |     raise exc
courier_service-1   |   File "/usr/local/lib/python3.11/site-packages/starlette/_exception_handler.py", line 42, in wrapped_app
courier_service-1   |     await app(scope, receive, sender)
courier_service-1   |   File "/usr/local/lib/python3.11/site-packages/fastapi/middleware/asyncexitstack.py", line 18, in __call__
courier_service-1   |     await self.app(scope, receive, send)
courier_service-1   |   File "/usr/local/lib/python3.11/site-packages/starlette/routing.py", line 660, in __call__
courier_service-1   |     await self.middleware_stack(scope, receive, send)
courier_service-1   |   File "/usr/local/lib/python3.11/site-packages/starlette/routing.py", line 680, in app
courier_service-1   |     await route.handle(scope, receive, send)
courier_service-1   |   File "/usr/local/lib/python3.11/site-packages/starlette/routing.py", line 276, in handle
courier_service-1   |     await self.app(scope, receive, send)
courier_service-1   |   File "/usr/local/lib/python3.11/site-packages/fastapi/routing.py", line 134, in app
courier_service-1   |     await wrap_app_handling_exceptions(app, request)(scope, receive, send)
courier_service-1   |   File "/usr/local/lib/python3.11/site-packages/starlette/_exception_handler.py", line 53, in wrapped_app
courier_service-1   |     raise exc
courier_service-1   |   File "/usr/local/lib/python3.11/site-packages/starlette/_exception_handler.py", line 42, in wrapped_app
courier_service-1   |     await app(scope, receive, sender)
courier_service-1   |   File "/usr/local/lib/python3.11/site-packages/fastapi/routing.py", line 120, in app
courier_service-1   |     response = await f(request)
courier_service-1   |                ^^^^^^^^^^^^^^^^
courier_service-1   |   File "/usr/local/lib/python3.11/site-packages/fastapi/routing.py", line 674, in app
courier_service-1   |     raw_response = await run_endpoint_function(
courier_service-1   |                    ^^^^^^^^^^^^^^^^^^^^^^^^^^^^
courier_service-1   |   File "/usr/local/lib/python3.11/site-packages/fastapi/routing.py", line 328, in run_endpoint_function
order_service-1     | [Order 16] Found 5 couriers
order_service-1     |   Courier 1: status=delivering
order_service-1     |   Courier 2: status=delivering
order_service-1     |   Courier 3: status=delivering
order_service-1     |   Courier 4: status=delivering
order_service-1     |   Courier 5: status=delivering
order_service-1     | [Order 16] No idle couriers available
order_service-1     | INFO:     172.18.0.7:55904 - "POST /api/orders/16/assign HTTP/1.1" 200 OK
order_service-1     | [Order 15] Found 5 couriers
order_service-1     |   Courier 1: status=delivering
courier_service-1   |     return await dependant.call(**values)
courier_service-1   |            ^^^^^^^^^^^^^^^^^^^^^^^^^^^^^^
courier_service-1   |   File "/app/courier_service/routes.py", line 279, in assign_order
order_service-1     |   Courier 2: status=delivering
order_service-1     |   Courier 3: status=delivering
order_service-1     |   Courier 4: status=delivering
order_service-1     |   Courier 5: status=delivering
order_service-1     | [Order 15] No idle couriers available
order_service-1     | INFO:     172.18.0.7:55904 - "POST /api/orders/15/assign HTTP/1.1" 200 OK
order_service-1     | [Order 14] Found 5 couriers
order_service-1     |   Courier 1: status=delivering
order_service-1     |   Courier 2: status=delivering
order_service-1     |   Courier 3: status=delivering
order_service-1     |   Courier 4: status=delivering
order_service-1     |   Courier 5: status=delivering
order_service-1     | [Order 14] No idle couriers available
order_service-1     | INFO:     172.18.0.7:55904 - "POST /api/orders/14/assign HTTP/1.1" 200 OK
order_service-1     | [Order 13] Found 5 couriers
order_service-1     |   Courier 1: status=delivering
order_service-1     |   Courier 2: status=delivering
courier_service-1   |     full_route = [restaurant_node_id] + route
courier_service-1   |                  ~~~~~~~~~~~~~~~~~~~~~^~~~~~~
courier_service-1   | TypeError: can only concatenate list (not "NoneType") to list
courier_service-1   | Назначение заказа 1: 200 - {"status":"no_couriers_available"}
courier_service-1   | Не удалось назначить курьера на заказ 1: {'status': 'no_couriers_available'}
courier_service-1   | Создан заказ 2: ресторан=17, клиент=30, статус=200
courier_service-1   | Маршрут A*: 17 -> 30 = [17, 30], dist=194.19946592231213
courier_service-1   | INFO:     172.18.0.6:44116 - "GET /api/couriers/ HTTP/1.1" 200 OK
courier_service-1   | Всего курьеров в БД: 5
courier_service-1   |   Курьер 1: Курьер_1, status=CourierStatus.IDLE, current_order_id=None
courier_service-1   |   Курьер 2: Курьер_2, status=CourierStatus.IDLE, current_order_id=None
order_service-1     |   Courier 3: status=delivering
order_service-1     |   Courier 4: status=delivering
order_service-1     |   Courier 5: status=delivering
order_service-1     | [Order 13] No idle couriers available
order_service-1     | INFO:     172.18.0.7:55904 - "POST /api/orders/13/assign HTTP/1.1" 200 OK
order_service-1     | [Order 12] Found 5 couriers
order_service-1     |   Courier 1: status=delivering
order_service-1     |   Courier 2: status=delivering
order_service-1     |   Courier 3: status=delivering
order_service-1     |   Courier 4: status=delivering
courier_service-1   |   Курьер 3: Курьер_3, status=CourierStatus.IDLE, current_order_id=None
courier_service-1   |   Курьер 4: Курьер_4, status=CourierStatus.IDLE, current_order_id=None
courier_service-1   |   Курьер 5: Курьер_5, status=CourierStatus.IDLE, current_order_id=None
courier_service-1   | Пытаемся назначить заказ 2 курьеру 1
courier_service-1   | Маршрут для курьера 1: [0, 35, 33, 17, 17, 30]
courier_service-1   | Успешно назначили курьера 1 на заказ 2
courier_service-1   | INFO:     172.18.0.6:44116 - "POST /api/couriers/assign HTTP/1.1" 200 OK
courier_service-1   | Назначение заказа 2: 500 - {"detail":"Assignment error: (sqlalchemy.dialects.postgresql.asyncpg.IntegrityError) <class 'asyncpg.exceptions.ForeignKeyViolationError'>: insert or update on table \"orders\" violates foreign key constraint \"orders_courier_id_fkey\"\nDETAIL:  Key (courier_id)=(1) is not present in table \"couriers\".\n[SQL: UPDATE orders SET courier_id=$1::INTEGER, status=$2::orderstatus, route=$3::VARCHAR, updated_at=$4::TIMESTAMP WITHOUT TIME ZONE WHERE orders.id = $5::INTEGER]\n[parameters: (1, 'ASSIGNED', '[0, 35, 33, 17, 17, 30]', datetime.datetime(2026, 5, 4, 8, 58, 41, 94727), 2)]\n(Background on this error at: https://sqlalche.me/e/20/gkpj)"}
courier_service-1   | Ошибка назначения заказа 2: 500
courier_service-1   | Создан заказ 3: ресторан=34, клиент=3, статус=200
courier_service-1   | Маршрут A*: 34 -> 3 = [34, 21, 4, 33, 39, 3], dist=619.7412371629028
courier_service-1   | INFO:     172.18.0.6:44128 - "GET /api/couriers/ HTTP/1.1" 200 OK
courier_service-1   | Всего курьеров в БД: 5
courier_service-1   |   Курьер 2: Курьер_2, status=CourierStatus.IDLE, current_order_id=None
courier_service-1   |   Курьер 3: Курьер_3, status=CourierStatus.IDLE, current_order_id=None
courier_service-1   |   Курьер 4: Курьер_4, status=CourierStatus.IDLE, current_order_id=None
courier_service-1   |   Курьер 5: Курьер_5, status=CourierStatus.IDLE, current_order_id=None
courier_service-1   |   Курьер 1: Курьер_1, status=CourierStatus.DELIVERING, current_order_id=2
courier_service-1   | Пытаемся назначить заказ 3 курьеру 2
courier_service-1   | Маршрут для курьера 2: [10, 42, 34, 34, 21, 4, 33, 39, 3]
courier_service-1   | Успешно назначили курьера 2 на заказ 3
courier_service-1   | INFO:     172.18.0.6:44128 - "POST /api/couriers/assign HTTP/1.1" 200 OK
courier_service-1   | Назначение заказа 3: 500 - {"detail":"Assignment error: (sqlalchemy.dialects.postgresql.asyncpg.IntegrityError) <class 'asyncpg.exceptions.ForeignKeyViolationError'>: insert or update on table \"orders\" violates foreign key constraint \"orders_courier_id_fkey\"\nDETAIL:  Key (courier_id)=(2) is not present in table \"couriers\".\n[SQL: UPDATE orders SET courier_id=$1::INTEGER, status=$2::orderstatus, route=$3::VARCHAR, updated_at=$4::TIMESTAMP WITHOUT TIME ZONE WHERE orders.id = $5::INTEGER]\n[parameters: (2, 'ASSIGNED', '[10, 42, 34, 34, 21, 4, 33, 39, 3]', datetime.datetime(2026, 5, 4, 8, 58, 41, 123383), 3)]\n(Background on this error at: https://sqlalche.me/e/20/gkpj)"}
courier_service-1   | Ошибка назначения заказа 3: 500
courier_service-1   | Создан заказ 4: ресторан=1, клиент=26, статус=200
courier_service-1   | Маршрут A*: 1 -> 26 = [1, 5, 47, 26], dist=449.55325739395084
courier_service-1   | INFO:     172.18.0.6:44142 - "GET /api/couriers/ HTTP/1.1" 200 OK
courier_service-1   | Всего курьеров в БД: 5
courier_service-1   |   Курьер 3: Курьер_3, status=CourierStatus.IDLE, current_order_id=None
courier_service-1   |   Курьер 4: Курьер_4, status=CourierStatus.IDLE, current_order_id=None
courier_service-1   |   Курьер 5: Курьер_5, status=CourierStatus.IDLE, current_order_id=None
courier_service-1   |   Курьер 1: Курьер_1, status=CourierStatus.DELIVERING, current_order_id=2
courier_service-1   |   Курьер 2: Курьер_2, status=CourierStatus.DELIVERING, current_order_id=3
courier_service-1   | Пытаемся назначить заказ 4 курьеру 3
courier_service-1   | Маршрут для курьера 3: [20, 1, 5, 47, 26]
courier_service-1   | Успешно назначили курьера 3 на заказ 4
courier_service-1   | INFO:     172.18.0.6:44142 - "POST /api/couriers/assign HTTP/1.1" 200 OK
courier_service-1   | Назначение заказа 4: 500 - {"detail":"Assignment error: (sqlalchemy.dialects.postgresql.asyncpg.IntegrityError) <class 'asyncpg.exceptions.ForeignKeyViolationError'>: insert or update on table \"orders\" violates foreign key constraint \"orders_courier_id_fkey\"\nDETAIL:  Key (courier_id)=(3) is not present in table \"couriers\".\n[SQL: UPDATE orders SET courier_id=$1::INTEGER, status=$2::orderstatus, route=$3::VARCHAR, updated_at=$4::TIMESTAMP WITHOUT TIME ZONE WHERE orders.id = $5::INTEGER]\n[parameters: (3, 'ASSIGNED', '[20, 1, 5, 47, 26]', datetime.datetime(2026, 5, 4, 8, 58, 41, 160785), 4)]\n(Background on this error at: https://sqlalche.me/e/20/gkpj)"}
courier_service-1   | Ошибка назначения заказа 4: 500
courier_service-1   | Создан заказ 5: ресторан=18, клиент=49, статус=200
courier_service-1   | Маршрут A*: 18 -> 49 = [18, 13, 35, 31, 49], dist=595.2504699367148
courier_service-1   | INFO:     172.18.0.6:44150 - "GET /api/couriers/ HTTP/1.1" 200 OK
courier_service-1   | Всего курьеров в БД: 5
courier_service-1   |   Курьер 4: Курьер_4, status=CourierStatus.IDLE, current_order_id=None
courier_service-1   |   Курьер 5: Курьер_5, status=CourierStatus.IDLE, current_order_id=None
courier_service-1   |   Курьер 1: Курьер_1, status=CourierStatus.DELIVERING, current_order_id=2
courier_service-1   |   Курьер 2: Курьер_2, status=CourierStatus.DELIVERING, current_order_id=3
courier_service-1   |   Курьер 3: Курьер_3, status=CourierStatus.DELIVERING, current_order_id=4
courier_service-1   | Пытаемся назначить заказ 5 курьеру 4
courier_service-1   | Маршрут для курьера 4: [30, 18, 18, 13, 35, 31, 49]
order_service-1     |   Courier 5: status=delivering
order_service-1     | [Order 12] No idle couriers available
order_service-1     | INFO:     172.18.0.7:55904 - "POST /api/orders/12/assign HTTP/1.1" 200 OK
order_service-1     | [Order 11] Found 5 couriers
order_service-1     |   Courier 1: status=delivering
order_service-1     |   Courier 2: status=delivering
order_service-1     |   Courier 3: status=delivering
order_service-1     |   Courier 4: status=delivering
order_service-1     |   Courier 5: status=delivering
order_service-1     | [Order 11] No idle couriers available
order_service-1     | INFO:     172.18.0.7:55904 - "POST /api/orders/11/assign HTTP/1.1" 200 OK
courier_service-1   | Успешно назначили курьера 4 на заказ 5
courier_service-1   | INFO:     172.18.0.6:44150 - "POST /api/couriers/assign HTTP/1.1" 200 OK
courier_service-1   | Назначение заказа 5: 500 - {"detail":"Assignment error: (sqlalchemy.dialects.postgresql.asyncpg.IntegrityError) <class 'asyncpg.exceptions.ForeignKeyViolationError'>: insert or update on table \"orders\" violates foreign key constraint \"orders_courier_id_fkey\"\nDETAIL:  Key (courier_id)=(4) is not present in table \"couriers\".\n[SQL: UPDATE orders SET courier_id=$1::INTEGER, status=$2::orderstatus, route=$3::VARCHAR, updated_at=$4::TIMESTAMP WITHOUT TIME ZONE WHERE orders.id = $5::INTEGER]\n[parameters: (4, 'ASSIGNED', '[30, 18, 18, 13, 35, 31, 49]', datetime.datetime(2026, 5, 4, 8, 58, 41, 191333), 5)]\n(Background on this error at: https://sqlalche.me/e/20/gkpj)"}
courier_service-1   | Ошибка назначения заказа 5: 500
courier_service-1   | Создан заказ 6: ресторан=35, клиент=22, статус=200
courier_service-1   | Маршрут A*: 35 -> 22 = [35, 31, 22], dist=352.7036026312535
courier_service-1   | INFO:     172.18.0.6:44166 - "GET /api/couriers/ HTTP/1.1" 200 OK
courier_service-1   | Всего курьеров в БД: 5
courier_service-1   |   Курьер 5: Курьер_5, status=CourierStatus.IDLE, current_order_id=None
courier_service-1   |   Курьер 1: Курьер_1, status=CourierStatus.DELIVERING, current_order_id=2
courier_service-1   |   Курьер 2: Курьер_2, status=CourierStatus.DELIVERING, current_order_id=3
courier_service-1   |   Курьер 3: Курьер_3, status=CourierStatus.DELIVERING, current_order_id=4
courier_service-1   |   Курьер 4: Курьер_4, status=CourierStatus.DELIVERING, current_order_id=5
courier_service-1   | Пытаемся назначить заказ 6 курьеру 5
courier_service-1   | Маршрут для курьера 5: [40, 45, 49, 31, 35, 35, 31, 22]
courier_service-1   | Успешно назначили курьера 5 на заказ 6
courier_service-1   | INFO:     172.18.0.6:44166 - "POST /api/couriers/assign HTTP/1.1" 200 OK
courier_service-1   | Назначение заказа 6: 500 - {"detail":"Assignment error: (sqlalchemy.dialects.postgresql.asyncpg.IntegrityError) <class 'asyncpg.exceptions.ForeignKeyViolationError'>: insert or update on table \"orders\" violates foreign key constraint \"orders_courier_id_fkey\"\nDETAIL:  Key (courier_id)=(5) is not present in table \"couriers\".\n[SQL: UPDATE orders SET courier_id=$1::INTEGER, status=$2::orderstatus, route=$3::VARCHAR, updated_at=$4::TIMESTAMP WITHOUT TIME ZONE WHERE orders.id = $5::INTEGER]\n[parameters: (5, 'ASSIGNED', '[40, 45, 49, 31, 35, 35, 31, 22]', datetime.datetime(2026, 5, 4, 8, 58, 41, 218262), 6)]\n(Background on this error at: https://sqlalche.me/e/20/gkpj)"}
courier_service-1   | Ошибка назначения заказа 6: 500
courier_service-1   | Создан заказ 7: ресторан=2, клиент=45, статус=200
courier_service-1   | Маршрут A*: 2 -> 45 = [2, 8, 40, 45], dist=505.7187473489456
courier_service-1   | INFO:     172.18.0.6:44168 - "GET /api/couriers/ HTTP/1.1" 200 OK
courier_service-1   | Назначение заказа 7: 200 - {"status":"no_couriers_available"}
courier_service-1   | Не удалось назначить курьера на заказ 7: {'status': 'no_couriers_available'}
courier_service-1   | Создан заказ 8: ресторан=19, клиент=18, статус=200
courier_service-1   | Маршрут A*: 19 -> 18 = [19, 47, 35, 13, 18], dist=604.4874675345816
courier_service-1   | INFO:     172.18.0.6:44184 - "GET /api/couriers/ HTTP/1.1" 200 OK
courier_service-1   | Назначение заказа 8: 200 - {"status":"no_couriers_available"}
courier_service-1   | Не удалось назначить курьера на заказ 8: {'status': 'no_couriers_available'}
courier_service-1   | Создан заказ 9: ресторан=36, клиент=41, статус=200
courier_service-1   | Маршрут A*: 36 -> 41 = [36, 41], dist=115.8040121594177
courier_service-1   | INFO:     172.18.0.6:44188 - "GET /api/couriers/ HTTP/1.1" 200 OK
courier_service-1   | Назначение заказа 9: 200 - {"status":"no_couriers_available"}
courier_service-1   | Не удалось назначить курьера на заказ 9: {'status': 'no_couriers_available'}
courier_service-1   | Создан заказ 10: ресторан=3, клиент=14, статус=200
courier_service-1   | Маршрут A*: 3 -> 14 = [3, 39, 33, 14], dist=300.6606314605405
courier_service-1   | INFO:     172.18.0.6:44204 - "GET /api/couriers/ HTTP/1.1" 200 OK
courier_service-1   | Назначение заказа 10: 200 - {"status":"no_couriers_available"}
order_service-1     | [Order 10] Found 5 couriers
order_service-1     |   Courier 1: status=delivering
order_service-1     |   Courier 2: status=delivering
order_service-1     |   Courier 3: status=delivering
order_service-1     |   Courier 4: status=delivering
order_service-1     |   Courier 5: status=delivering
order_service-1     | [Order 10] No idle couriers available
order_service-1     | INFO:     172.18.0.7:55904 - "POST /api/orders/10/assign HTTP/1.1" 200 OK
order_service-1     | [Order 9] Found 5 couriers
order_service-1     |   Courier 1: status=delivering
order_service-1     |   Courier 2: status=delivering
order_service-1     |   Courier 3: status=delivering
order_service-1     |   Courier 4: status=delivering
order_service-1     |   Courier 5: status=delivering
order_service-1     | [Order 9] No idle couriers available
order_service-1     | INFO:     172.18.0.7:55904 - "POST /api/orders/9/assign HTTP/1.1" 200 OK
courier_service-1   | Не удалось назначить курьера на заказ 10: {'status': 'no_couriers_available'}
courier_service-1   | Создан заказ 11: ресторан=20, клиент=37, статус=200
courier_service-1   | Маршрут A*: 20 -> 37 = None, dist=inf
courier_service-1   | INFO:     172.18.0.6:44212 - "GET /api/couriers/ HTTP/1.1" 200 OK
courier_service-1   | Назначение заказа 11: 200 - {"status":"no_couriers_available"}
courier_service-1   | Не удалось назначить курьера на заказ 11: {'status': 'no_couriers_available'}
courier_service-1   | Создан заказ 12: ресторан=37, клиент=10, статус=200
courier_service-1   | Маршрут A*: 37 -> 10 = [37, 4, 42, 10], dist=425.41198389720387
courier_service-1   | INFO:     172.18.0.6:44224 - "GET /api/couriers/ HTTP/1.1" 200 OK
order_service-1     | [Order 8] Found 5 couriers
order_service-1     |   Courier 1: status=delivering
order_service-1     |   Courier 2: status=delivering
order_service-1     |   Courier 3: status=delivering
order_service-1     |   Courier 4: status=delivering
order_service-1     |   Courier 5: status=delivering
order_service-1     | [Order 8] No idle couriers available
order_service-1     | INFO:     172.18.0.7:55904 - "POST /api/orders/8/assign HTTP/1.1" 200 OK
order_service-1     | [Order 7] Found 5 couriers
order_service-1     |   Courier 1: status=delivering
courier_service-1   | Назначение заказа 12: 200 - {"status":"no_couriers_available"}
courier_service-1   | Не удалось назначить курьера на заказ 12: {'status': 'no_couriers_available'}
courier_service-1   | Создан заказ 13: ресторан=4, клиент=33, статус=200
courier_service-1   | Маршрут A*: 4 -> 33 = [4, 33], dist=198.2363474906892
courier_service-1   | INFO:     172.18.0.6:44226 - "GET /api/couriers/ HTTP/1.1" 200 OK
courier_service-1   | Назначение заказа 13: 200 - {"status":"no_couriers_available"}
courier_service-1   | Не удалось назначить курьера на заказ 13: {'status': 'no_couriers_available'}
courier_service-1   | Создан заказ 14: ресторан=21, клиент=6, статус=200
courier_service-1   | Маршрут A*: 21 -> 6 = [21, 17, 30, 6], dist=531.8400713759285
courier_service-1   | INFO:     172.18.0.6:44240 - "GET /api/couriers/ HTTP/1.1" 200 OK
courier_service-1   | Назначение заказа 14: 200 - {"status":"no_couriers_available"}
courier_service-1   | Не удалось назначить курьера на заказ 14: {'status': 'no_couriers_available'}
courier_service-1   | Создан заказ 15: ресторан=38, клиент=29, статус=200
courier_service-1   | Маршрут A*: 38 -> 29 = [38, 46, 28, 33, 35, 47, 29], dist=992.6791717711357
courier_service-1   | INFO:     172.18.0.6:44248 - "GET /api/couriers/ HTTP/1.1" 200 OK
courier_service-1   | Назначение заказа 15: 200 - {"status":"no_couriers_available"}
courier_service-1   | Не удалось назначить курьера на заказ 15: {'status': 'no_couriers_available'}
courier_service-1   | Создан заказ 16: ресторан=5, клиент=2, статус=200
courier_service-1   | Маршрут A*: 5 -> 2 = [5, 10, 45, 40, 8, 2], dist=768.5027702722781
courier_service-1   | INFO:     172.18.0.6:44258 - "GET /api/couriers/ HTTP/1.1" 200 OK
order_service-1     |   Courier 2: status=delivering
order_service-1     |   Courier 3: status=delivering
order_service-1     |   Courier 4: status=delivering
order_service-1     |   Courier 5: status=delivering
order_service-1     | [Order 7] No idle couriers available
order_service-1     | INFO:     172.18.0.7:55904 - "POST /api/orders/7/assign HTTP/1.1" 200 OK
order_service-1     | [Order 6] Found 5 couriers
order_service-1     |   Courier 1: status=delivering
order_service-1     |   Courier 2: status=delivering
order_service-1     |   Courier 3: status=delivering
courier_service-1   | Назначение заказа 16: 200 - {"status":"no_couriers_available"}
courier_service-1   | Не удалось назначить курьера на заказ 16: {'status': 'no_couriers_available'}
courier_service-1   | Создан заказ 17: ресторан=22, клиент=25, статус=200
courier_service-1   | Маршрут A*: 22 -> 25 = [22, 10, 9, 25], dist=442.20479548560076
courier_service-1   | INFO:     172.18.0.6:44268 - "GET /api/couriers/ HTTP/1.1" 200 OK
courier_service-1   | Назначение заказа 17: 200 - {"status":"no_couriers_available"}
courier_service-1   | Не удалось назначить курьера на заказ 17: {'status': 'no_couriers_available'}
courier_service-1   | Создан заказ 18: ресторан=39, клиент=48, статус=200
courier_service-1   | Маршрут A*: 39 -> 48 = None, dist=inf
courier_service-1   | INFO:     172.18.0.6:44272 - "GET /api/couriers/ HTTP/1.1" 200 OK
courier_service-1   | Назначение заказа 18: 200 - {"status":"no_couriers_available"}
courier_service-1   | Не удалось назначить курьера на заказ 18: {'status': 'no_couriers_available'}
courier_service-1   | Создан заказ 19: ресторан=6, клиент=21, статус=200
courier_service-1   | Маршрут A*: 6 -> 21 = [6, 30, 17, 21], dist=531.8400713759285
courier_service-1   | INFO:     172.18.0.6:44274 - "GET /api/couriers/ HTTP/1.1" 200 OK
courier_service-1   | Назначение заказа 19: 200 - {"status":"no_couriers_available"}
courier_service-1   | Не удалось назначить курьера на заказ 19: {'status': 'no_couriers_available'}
order_service-1     |   Courier 4: status=delivering
order_service-1     |   Courier 5: status=delivering
order_service-1     | [Order 6] No idle couriers available
order_service-1     | INFO:     172.18.0.7:55904 - "POST /api/orders/6/assign HTTP/1.1" 200 OK
order_service-1     | [Order 5] Found 5 couriers
order_service-1     |   Courier 1: status=delivering
order_service-1     |   Courier 2: status=delivering
order_service-1     |   Courier 3: status=delivering
courier_service-1   | Создан заказ 20: ресторан=23, клиент=44, статус=200
courier_service-1   | Маршрут A*: 23 -> 44 = None, dist=inf
courier_service-1   | INFO:     172.18.0.6:44290 - "GET /api/couriers/ HTTP/1.1" 200 OK
courier_service-1   | Назначение заказа 20: 200 - {"status":"no_couriers_available"}
courier_service-1   | Не удалось назначить курьера на заказ 20: {'status': 'no_couriers_available'}
courier_service-1   | Создано курьеров: 5, заказов: 0
courier_service-1   | INFO:     172.18.0.8:37202 - "POST /api/couriers/simulate-full?courier_count=5&order_count=20 HTTP/1.1" 200 OK
order_service-1     |   Courier 4: status=delivering
order_service-1     |   Courier 5: status=delivering
order_service-1     | [Order 5] No idle couriers available
order_service-1     | INFO:     172.18.0.7:55904 - "POST /api/orders/5/assign HTTP/1.1" 200 OK
order_service-1     | [Order 4] Found 5 couriers
order_service-1     |   Courier 1: status=delivering
order_service-1     |   Courier 2: status=delivering
order_service-1     |   Courier 3: status=delivering
order_service-1     |   Courier 4: status=delivering
order_service-1     |   Courier 5: status=delivering
order_service-1     | [Order 4] No idle couriers available
order_service-1     | INFO:     172.18.0.7:55904 - "POST /api/orders/4/assign HTTP/1.1" 200 OK
order_service-1     | [Order 3] Found 5 couriers
order_service-1     |   Courier 1: status=delivering
order_service-1     |   Courier 2: status=delivering
order_service-1     |   Courier 3: status=delivering
order_service-1     |   Courier 4: status=delivering
order_service-1     |   Courier 5: status=delivering
courier_service-1   | INFO:     172.18.0.8:37238 - "GET /api/couriers/ HTTP/1.1" 200 OK
courier_service-1   | INFO:     172.18.0.8:37254 - "GET /api/couriers/ HTTP/1.1" 200 OK
courier_service-1   | Найдено 20 заказов без курьеров
courier_service-1   | Маршрут для заказа 20: 23 -> 44 = [23, 44]
courier_service-1   | INFO:     172.18.0.6:44298 - "GET /api/couriers/ HTTP/1.1" 200 OK
courier_service-1   | Ответ assign для заказа 20: 200 - {"status":"no_couriers_available"}
courier_service-1   | Маршрут для заказа 19: 6 -> 21 = [6, 21]
courier_service-1   | INFO:     172.18.0.6:44302 - "GET /api/couriers/ HTTP/1.1" 200 OK
courier_service-1   | Ответ assign для заказа 19: 200 - {"status":"no_couriers_available"}
courier_service-1   | Маршрут для заказа 18: 39 -> 48 = [39, 48]
order_service-1     | [Order 3] No idle couriers available
order_service-1     | INFO:     172.18.0.7:55904 - "POST /api/orders/3/assign HTTP/1.1" 200 OK
order_service-1     | [Order 2] Found 5 couriers
order_service-1     |   Courier 1: status=delivering
order_service-1     |   Courier 2: status=delivering
order_service-1     |   Courier 3: status=delivering
order_service-1     |   Courier 4: status=delivering
order_service-1     |   Courier 5: status=delivering
order_service-1     | [Order 2] No idle couriers available
order_service-1     | INFO:     172.18.0.7:55904 - "POST /api/orders/2/assign HTTP/1.1" 200 OK
order_service-1     | [Order 1] Found 5 couriers
order_service-1     |   Courier 1: status=delivering
order_service-1     |   Courier 2: status=delivering
order_service-1     |   Courier 3: status=delivering
order_service-1     |   Courier 4: status=delivering
order_service-1     |   Courier 5: status=delivering
order_service-1     | [Order 1] No idle couriers available
order_service-1     | INFO:     172.18.0.7:55904 - "POST /api/orders/1/assign HTTP/1.1" 200 OK
order_service-1     | INFO:     172.18.0.8:34036 - "GET /api/orders/ HTTP/1.1" 200 OK
courier_service-1   | INFO:     172.18.0.6:44316 - "GET /api/couriers/ HTTP/1.1" 200 OK
courier_service-1   | Ответ assign для заказа 18: 200 - {"status":"no_couriers_available"}
courier_service-1   | Маршрут для заказа 17: 22 -> 25 = [22, 25]
courier_service-1   | INFO:     172.18.0.6:44330 - "GET /api/couriers/ HTTP/1.1" 200 OK
courier_service-1   | Ответ assign для заказа 17: 200 - {"status":"no_couriers_available"}
courier_service-1   | Маршрут для заказа 16: 5 -> 2 = [5, 2]
courier_service-1   | INFO:     172.18.0.6:44344 - "GET /api/couriers/ HTTP/1.1" 200 OK
courier_service-1   | Ответ assign для заказа 16: 200 - {"status":"no_couriers_available"}
courier_service-1   | Маршрут для заказа 15: 38 -> 29 = [38, 29]
courier_service-1   | INFO:     172.18.0.6:44354 - "GET /api/couriers/ HTTP/1.1" 200 OK
order_service-1     | INFO:     172.18.0.7:55914 - "GET /api/orders/ HTTP/1.1" 200 OK
order_service-1     | [Order 20] Found 5 couriers
order_service-1     |   Courier 1: status=delivering
order_service-1     |   Courier 2: status=delivering
order_service-1     |   Courier 3: status=delivering
order_service-1     |   Courier 4: status=delivering
order_service-1     |   Courier 5: status=delivering
order_service-1     | [Order 20] No idle couriers available
order_service-1     | INFO:     172.18.0.7:55914 - "POST /api/orders/20/assign HTTP/1.1" 200 OK
order_service-1     | [Order 19] Found 5 couriers
order_service-1     |   Courier 1: status=delivering
order_service-1     |   Courier 2: status=delivering
order_service-1     |   Courier 3: status=delivering
order_service-1     |   Courier 4: status=delivering
order_service-1     |   Courier 5: status=delivering
order_service-1     | [Order 19] No idle couriers available
order_service-1     | INFO:     172.18.0.7:55914 - "POST /api/orders/19/assign HTTP/1.1" 200 OK
courier_service-1   | Ответ assign для заказа 15: 200 - {"status":"no_couriers_available"}
courier_service-1   | Маршрут для заказа 14: 21 -> 6 = [21, 6]
courier_service-1   | INFO:     172.18.0.6:44356 - "GET /api/couriers/ HTTP/1.1" 200 OK
courier_service-1   | Ответ assign для заказа 14: 200 - {"status":"no_couriers_available"}
courier_service-1   | Маршрут для заказа 13: 4 -> 33 = [4, 33]
courier_service-1   | INFO:     172.18.0.6:44360 - "GET /api/couriers/ HTTP/1.1" 200 OK
courier_service-1   | Ответ assign для заказа 13: 200 - {"status":"no_couriers_available"}
courier_service-1   | Маршрут для заказа 12: 37 -> 10 = [37, 10]
courier_service-1   | INFO:     172.18.0.6:44366 - "GET /api/couriers/ HTTP/1.1" 200 OK
courier_service-1   | Ответ assign для заказа 12: 200 - {"status":"no_couriers_available"}
courier_service-1   | Маршрут для заказа 11: 20 -> 37 = [20, 37]
courier_service-1   | INFO:     172.18.0.6:44372 - "GET /api/couriers/ HTTP/1.1" 200 OK
courier_service-1   | Ответ assign для заказа 11: 200 - {"status":"no_couriers_available"}
courier_service-1   | Маршрут для заказа 10: 3 -> 14 = [3, 14]
courier_service-1   | INFO:     172.18.0.6:44378 - "GET /api/couriers/ HTTP/1.1" 200 OK
courier_service-1   | Ответ assign для заказа 10: 200 - {"status":"no_couriers_available"}
courier_service-1   | Маршрут для заказа 9: 36 -> 41 = [36, 41]
courier_service-1   | INFO:     172.18.0.6:44384 - "GET /api/couriers/ HTTP/1.1" 200 OK
courier_service-1   | Ответ assign для заказа 9: 200 - {"status":"no_couriers_available"}
courier_service-1   | Маршрут для заказа 8: 19 -> 18 = [19, 18]
courier_service-1   | INFO:     172.18.0.6:44386 - "GET /api/couriers/ HTTP/1.1" 200 OK
courier_service-1   | Ответ assign для заказа 8: 200 - {"status":"no_couriers_available"}
courier_service-1   | Маршрут для заказа 7: 2 -> 45 = [2, 45]
courier_service-1   | INFO:     172.18.0.6:44396 - "GET /api/couriers/ HTTP/1.1" 200 OK
order_service-1     | [Order 18] Found 5 couriers
order_service-1     |   Courier 1: status=delivering
order_service-1     |   Courier 2: status=delivering
order_service-1     |   Courier 3: status=delivering
order_service-1     |   Courier 4: status=delivering
order_service-1     |   Courier 5: status=delivering
order_service-1     | [Order 18] No idle couriers available
order_service-1     | INFO:     172.18.0.7:55914 - "POST /api/orders/18/assign HTTP/1.1" 200 OK
order_service-1     | [Order 17] Found 5 couriers
order_service-1     |   Courier 1: status=delivering
order_service-1     |   Courier 2: status=delivering
order_service-1     |   Courier 3: status=delivering
order_service-1     |   Courier 4: status=delivering
order_service-1     |   Courier 5: status=delivering
order_service-1     | [Order 17] No idle couriers available
order_service-1     | INFO:     172.18.0.7:55914 - "POST /api/orders/17/assign HTTP/1.1" 200 OK
order_service-1     | [Order 16] Found 5 couriers
order_service-1     |   Courier 1: status=delivering
order_service-1     |   Courier 2: status=delivering
courier_service-1   | Ответ assign для заказа 7: 200 - {"status":"no_couriers_available"}
courier_service-1   | Маршрут для заказа 6: 35 -> 22 = [35, 22]
courier_service-1   | INFO:     172.18.0.6:44412 - "GET /api/couriers/ HTTP/1.1" 200 OK
courier_service-1   | Ответ assign для заказа 6: 200 - {"status":"no_couriers_available"}
courier_service-1   | Маршрут для заказа 5: 18 -> 49 = [18, 49]
courier_service-1   | INFO:     172.18.0.6:44414 - "GET /api/couriers/ HTTP/1.1" 200 OK
courier_service-1   | Ответ assign для заказа 5: 200 - {"status":"no_couriers_available"}
courier_service-1   | Маршрут для заказа 4: 1 -> 26 = [1, 26]
courier_service-1   | INFO:     172.18.0.6:44430 - "GET /api/couriers/ HTTP/1.1" 200 OK
courier_service-1   | Ответ assign для заказа 4: 200 - {"status":"no_couriers_available"}
courier_service-1   | Маршрут для заказа 3: 34 -> 3 = [34, 3]
courier_service-1   | INFO:     172.18.0.6:44432 - "GET /api/couriers/ HTTP/1.1" 200 OK
courier_service-1   | Ответ assign для заказа 3: 200 - {"status":"no_couriers_available"}
courier_service-1   | Маршрут для заказа 2: 17 -> 30 = [17, 30]
courier_service-1   | INFO:     172.18.0.6:44446 - "GET /api/couriers/ HTTP/1.1" 200 OK
courier_service-1   | Ответ assign для заказа 2: 200 - {"status":"no_couriers_available"}
courier_service-1   | Маршрут для заказа 1: 0 -> 7 = [0, 7]
courier_service-1   | INFO:     172.18.0.6:44462 - "GET /api/couriers/ HTTP/1.1" 200 OK
courier_service-1   | Ответ assign для заказа 1: 200 - {"status":"no_couriers_available"}
courier_service-1   | INFO:     172.18.0.8:37262 - "GET /api/couriers/ HTTP/1.1" 200 OK
courier_service-1   | INFO:     172.18.0.8:37272 - "GET /api/couriers/ HTTP/1.1" 200 OK
courier_service-1   | INFO:     172.18.0.8:37274 - "GET /api/couriers/ HTTP/1.1" 200 OK
courier_service-1   | INFO:     172.18.0.8:37276 - "GET /api/couriers/ HTTP/1.1" 200 OK
courier_service-1   | Найдено 20 заказов без курьеров
courier_service-1   | Маршрут для заказа 20: 23 -> 44 = [23, 44]
courier_service-1   | INFO:     172.18.0.6:44468 - "GET /api/couriers/ HTTP/1.1" 200 OK
courier_service-1   | Ответ assign для заказа 20: 200 - {"status":"no_couriers_available"}
courier_service-1   | Маршрут для заказа 19: 6 -> 21 = [6, 21]
courier_service-1   | INFO:     172.18.0.6:44478 - "GET /api/couriers/ HTTP/1.1" 200 OK
courier_service-1   | Ответ assign для заказа 19: 200 - {"status":"no_couriers_available"}
courier_service-1   | Маршрут для заказа 18: 39 -> 48 = [39, 48]
courier_service-1   | INFO:     172.18.0.6:44482 - "GET /api/couriers/ HTTP/1.1" 200 OK
courier_service-1   | Ответ assign для заказа 18: 200 - {"status":"no_couriers_available"}
courier_service-1   | Маршрут для заказа 17: 22 -> 25 = [22, 25]
courier_service-1   | INFO:     172.18.0.6:44496 - "GET /api/couriers/ HTTP/1.1" 200 OK
order_service-1     |   Courier 3: status=delivering
courier_service-1   | Ответ assign для заказа 17: 200 - {"status":"no_couriers_available"}
order_service-1     |   Courier 4: status=delivering
order_service-1     |   Courier 5: status=delivering
order_service-1     | [Order 16] No idle couriers available
order_service-1     | INFO:     172.18.0.7:55914 - "POST /api/orders/16/assign HTTP/1.1" 200 OK
order_service-1     | [Order 15] Found 5 couriers
order_service-1     |   Courier 1: status=delivering
order_service-1     |   Courier 2: status=delivering
order_service-1     |   Courier 3: status=delivering
order_service-1     |   Courier 4: status=delivering
order_service-1     |   Courier 5: status=delivering
order_service-1     | [Order 15] No idle couriers available
order_service-1     | INFO:     172.18.0.7:55914 - "POST /api/orders/15/assign HTTP/1.1" 200 OK
order_service-1     | [Order 14] Found 5 couriers
order_service-1     |   Courier 1: status=delivering
order_service-1     |   Courier 2: status=delivering
order_service-1     |   Courier 3: status=delivering
order_service-1     |   Courier 4: status=delivering
order_service-1     |   Courier 5: status=delivering
order_service-1     | [Order 14] No idle couriers available
order_service-1     | INFO:     172.18.0.7:55914 - "POST /api/orders/14/assign HTTP/1.1" 200 OK
order_service-1     | [Order 13] Found 5 couriers
order_service-1     |   Courier 1: status=delivering
courier_service-1   | Маршрут для заказа 16: 5 -> 2 = [5, 2]
courier_service-1   | INFO:     172.18.0.6:44508 - "GET /api/couriers/ HTTP/1.1" 200 OK
courier_service-1   | Ответ assign для заказа 16: 200 - {"status":"no_couriers_available"}
courier_service-1   | Маршрут для заказа 15: 38 -> 29 = [38, 29]
courier_service-1   | INFO:     172.18.0.6:44522 - "GET /api/couriers/ HTTP/1.1" 200 OK
courier_service-1   | Ответ assign для заказа 15: 200 - {"status":"no_couriers_available"}
courier_service-1   | Маршрут для заказа 14: 21 -> 6 = [21, 6]
courier_service-1   | INFO:     172.18.0.6:44524 - "GET /api/couriers/ HTTP/1.1" 200 OK
courier_service-1   | Ответ assign для заказа 14: 200 - {"status":"no_couriers_available"}
courier_service-1   | Маршрут для заказа 13: 4 -> 33 = [4, 33]
courier_service-1   | INFO:     172.18.0.6:44532 - "GET /api/couriers/ HTTP/1.1" 200 OK
order_service-1     |   Courier 2: status=delivering
order_service-1     |   Courier 3: status=delivering
order_service-1     |   Courier 4: status=delivering
order_service-1     |   Courier 5: status=delivering
order_service-1     | [Order 13] No idle couriers available
order_service-1     | INFO:     172.18.0.7:55914 - "POST /api/orders/13/assign HTTP/1.1" 200 OK
order_service-1     | [Order 12] Found 5 couriers
order_service-1     |   Courier 1: status=delivering
order_service-1     |   Courier 2: status=delivering
order_service-1     |   Courier 3: status=delivering
order_service-1     |   Courier 4: status=delivering
order_service-1     |   Courier 5: status=delivering
order_service-1     | [Order 12] No idle couriers available
order_service-1     | INFO:     172.18.0.7:55914 - "POST /api/orders/12/assign HTTP/1.1" 200 OK
courier_service-1   | Ответ assign для заказа 13: 200 - {"status":"no_couriers_available"}
courier_service-1   | Маршрут для заказа 12: 37 -> 10 = [37, 10]
courier_service-1   | INFO:     172.18.0.6:44544 - "GET /api/couriers/ HTTP/1.1" 200 OK
courier_service-1   | Ответ assign для заказа 12: 200 - {"status":"no_couriers_available"}
courier_service-1   | Маршрут для заказа 11: 20 -> 37 = [20, 37]
courier_service-1   | INFO:     172.18.0.6:44554 - "GET /api/couriers/ HTTP/1.1" 200 OK
courier_service-1   | Ответ assign для заказа 11: 200 - {"status":"no_couriers_available"}
courier_service-1   | Маршрут для заказа 10: 3 -> 14 = [3, 14]
order_service-1     | [Order 11] Found 5 couriers
courier_service-1   | INFO:     172.18.0.6:44558 - "GET /api/couriers/ HTTP/1.1" 200 OK
courier_service-1   | Ответ assign для заказа 10: 200 - {"status":"no_couriers_available"}
courier_service-1   | Маршрут для заказа 9: 36 -> 41 = [36, 41]
order_service-1     |   Courier 1: status=delivering
order_service-1     |   Courier 2: status=delivering
order_service-1     |   Courier 3: status=delivering
order_service-1     |   Courier 4: status=delivering
order_service-1     |   Courier 5: status=delivering
order_service-1     | [Order 11] No idle couriers available
order_service-1     | INFO:     172.18.0.7:55914 - "POST /api/orders/11/assign HTTP/1.1" 200 OK
order_service-1     | [Order 10] Found 5 couriers
order_service-1     |   Courier 1: status=delivering
order_service-1     |   Courier 2: status=delivering
order_service-1     |   Courier 3: status=delivering
order_service-1     |   Courier 4: status=delivering
order_service-1     |   Courier 5: status=delivering
order_service-1     | [Order 10] No idle couriers available
order_service-1     | INFO:     172.18.0.7:55914 - "POST /api/orders/10/assign HTTP/1.1" 200 OK
order_service-1     | [Order 9] Found 5 couriers
order_service-1     |   Courier 1: status=delivering
order_service-1     |   Courier 2: status=delivering
order_service-1     |   Courier 3: status=delivering
order_service-1     |   Courier 4: status=delivering
order_service-1     |   Courier 5: status=delivering
order_service-1     | [Order 9] No idle couriers available
order_service-1     | INFO:     172.18.0.7:55914 - "POST /api/orders/9/assign HTTP/1.1" 200 OK
order_service-1     | [Order 8] Found 5 couriers
courier_service-1   | INFO:     172.18.0.6:44574 - "GET /api/couriers/ HTTP/1.1" 200 OK
courier_service-1   | Ответ assign для заказа 9: 200 - {"status":"no_couriers_available"}
courier_service-1   | Маршрут для заказа 8: 19 -> 18 = [19, 18]
courier_service-1   | INFO:     172.18.0.6:44578 - "GET /api/couriers/ HTTP/1.1" 200 OK
courier_service-1   | Ответ assign для заказа 8: 200 - {"status":"no_couriers_available"}
courier_service-1   | Маршрут для заказа 7: 2 -> 45 = [2, 45]
courier_service-1   | INFO:     172.18.0.6:44580 - "GET /api/couriers/ HTTP/1.1" 200 OK
courier_service-1   | Ответ assign для заказа 7: 200 - {"status":"no_couriers_available"}
courier_service-1   | Маршрут для заказа 6: 35 -> 22 = [35, 22]
courier_service-1   | INFO:     172.18.0.6:44592 - "GET /api/couriers/ HTTP/1.1" 200 OK
courier_service-1   | Ответ assign для заказа 6: 200 - {"status":"no_couriers_available"}
courier_service-1   | Маршрут для заказа 5: 18 -> 49 = [18, 49]
courier_service-1   | INFO:     172.18.0.6:44602 - "GET /api/couriers/ HTTP/1.1" 200 OK
courier_service-1   | Ответ assign для заказа 5: 200 - {"status":"no_couriers_available"}
courier_service-1   | Маршрут для заказа 4: 1 -> 26 = [1, 26]
courier_service-1   | INFO:     172.18.0.6:44610 - "GET /api/couriers/ HTTP/1.1" 200 OK
order_service-1     |   Courier 1: status=delivering
order_service-1     |   Courier 2: status=delivering
order_service-1     |   Courier 3: status=delivering
order_service-1     |   Courier 4: status=delivering
order_service-1     |   Courier 5: status=delivering
order_service-1     | [Order 8] No idle couriers available
order_service-1     | INFO:     172.18.0.7:55914 - "POST /api/orders/8/assign HTTP/1.1" 200 OK
order_service-1     | [Order 7] Found 5 couriers
order_service-1     |   Courier 1: status=delivering
order_service-1     |   Courier 2: status=delivering
order_service-1     |   Courier 3: status=delivering
order_service-1     |   Courier 4: status=delivering
order_service-1     |   Courier 5: status=delivering
order_service-1     | [Order 7] No idle couriers available
order_service-1     | INFO:     172.18.0.7:55914 - "POST /api/orders/7/assign HTTP/1.1" 200 OK
order_service-1     | [Order 6] Found 5 couriers
order_service-1     |   Courier 1: status=delivering
order_service-1     |   Courier 2: status=delivering
order_service-1     |   Courier 3: status=delivering
order_service-1     |   Courier 4: status=delivering
courier_service-1   | Ответ assign для заказа 4: 200 - {"status":"no_couriers_available"}
courier_service-1   | Маршрут для заказа 3: 34 -> 3 = [34, 3]
courier_service-1   | INFO:     172.18.0.6:44612 - "GET /api/couriers/ HTTP/1.1" 200 OK
courier_service-1   | Ответ assign для заказа 3: 200 - {"status":"no_couriers_available"}
courier_service-1   | Маршрут для заказа 2: 17 -> 30 = [17, 30]
courier_service-1   | INFO:     172.18.0.6:44624 - "GET /api/couriers/ HTTP/1.1" 200 OK
courier_service-1   | Ответ assign для заказа 2: 200 - {"status":"no_couriers_available"}
courier_service-1   | Маршрут для заказа 1: 0 -> 7 = [0, 7]
courier_service-1   | INFO:     172.18.0.6:44640 - "GET /api/couriers/ HTTP/1.1" 200 OK
courier_service-1   | Ответ assign для заказа 1: 200 - {"status":"no_couriers_available"}
courier_service-1   | INFO:     172.18.0.8:37278 - "GET /api/couriers/ HTTP/1.1" 200 OK
courier_service-1   | INFO:     172.18.0.8:37282 - "GET /api/couriers/ HTTP/1.1" 200 OK
courier_service-1   | Найдено 20 заказов без курьеров
order_service-1     |   Courier 5: status=delivering
order_service-1     | [Order 6] No idle couriers available
order_service-1     | INFO:     172.18.0.7:55914 - "POST /api/orders/6/assign HTTP/1.1" 200 OK
order_service-1     | [Order 5] Found 5 couriers
order_service-1     |   Courier 1: status=delivering
order_service-1     |   Courier 2: status=delivering
order_service-1     |   Courier 3: status=delivering
order_service-1     |   Courier 4: status=delivering
order_service-1     |   Courier 5: status=delivering
order_service-1     | [Order 5] No idle couriers available
order_service-1     | INFO:     172.18.0.7:55914 - "POST /api/orders/5/assign HTTP/1.1" 200 OK
order_service-1     | [Order 4] Found 5 couriers
order_service-1     |   Courier 1: status=delivering
order_service-1     |   Courier 2: status=delivering
order_service-1     |   Courier 3: status=delivering
order_service-1     |   Courier 4: status=delivering
order_service-1     |   Courier 5: status=delivering
order_service-1     | [Order 4] No idle couriers available
order_service-1     | INFO:     172.18.0.7:55914 - "POST /api/orders/4/assign HTTP/1.1" 200 OK
order_service-1     | [Order 3] Found 5 couriers
order_service-1     |   Courier 1: status=delivering
order_service-1     |   Courier 2: status=delivering
order_service-1     |   Courier 3: status=delivering
order_service-1     |   Courier 4: status=delivering
order_service-1     |   Courier 5: status=delivering
order_service-1     | [Order 3] No idle couriers available
order_service-1     | INFO:     172.18.0.7:55914 - "POST /api/orders/3/assign HTTP/1.1" 200 OK
order_service-1     | [Order 2] Found 5 couriers
order_service-1     |   Courier 1: status=delivering
order_service-1     |   Courier 2: status=delivering
order_service-1     |   Courier 3: status=delivering
order_service-1     |   Courier 4: status=delivering
order_service-1     |   Courier 5: status=delivering
order_service-1     | [Order 2] No idle couriers available
order_service-1     | INFO:     172.18.0.7:55914 - "POST /api/orders/2/assign HTTP/1.1" 200 OK
order_service-1     | [Order 1] Found 5 couriers
order_service-1     |   Courier 1: status=delivering
order_service-1     |   Courier 2: status=delivering
order_service-1     |   Courier 3: status=delivering
courier_service-1   | Маршрут для заказа 20: 23 -> 44 = [23, 44]
courier_service-1   | INFO:     172.18.0.6:44652 - "GET /api/couriers/ HTTP/1.1" 200 OK
courier_service-1   | Ответ assign для заказа 20: 200 - {"status":"no_couriers_available"}
courier_service-1   | Маршрут для заказа 19: 6 -> 21 = [6, 21]
courier_service-1   | INFO:     172.18.0.6:44658 - "GET /api/couriers/ HTTP/1.1" 200 OK
courier_service-1   | Ответ assign для заказа 19: 200 - {"status":"no_couriers_available"}
courier_service-1   | Маршрут для заказа 18: 39 -> 48 = [39, 48]
courier_service-1   | INFO:     172.18.0.6:44666 - "GET /api/couriers/ HTTP/1.1" 200 OK
courier_service-1   | Ответ assign для заказа 18: 200 - {"status":"no_couriers_available"}
courier_service-1   | Маршрут для заказа 17: 22 -> 25 = [22, 25]
courier_service-1   | INFO:     172.18.0.6:44674 - "GET /api/couriers/ HTTP/1.1" 200 OK
courier_service-1   | Ответ assign для заказа 17: 200 - {"status":"no_couriers_available"}
courier_service-1   | Маршрут для заказа 16: 5 -> 2 = [5, 2]
courier_service-1   | INFO:     172.18.0.6:44682 - "GET /api/couriers/ HTTP/1.1" 200 OK
courier_service-1   | Ответ assign для заказа 16: 200 - {"status":"no_couriers_available"}
courier_service-1   | Маршрут для заказа 15: 38 -> 29 = [38, 29]
courier_service-1   | INFO:     172.18.0.6:44688 - "GET /api/couriers/ HTTP/1.1" 200 OK
courier_service-1   | Ответ assign для заказа 15: 200 - {"status":"no_couriers_available"}
courier_service-1   | Маршрут для заказа 14: 21 -> 6 = [21, 6]
order_service-1     |   Courier 4: status=delivering
order_service-1     |   Courier 5: status=delivering
order_service-1     | [Order 1] No idle couriers available
order_service-1     | INFO:     172.18.0.7:55914 - "POST /api/orders/1/assign HTTP/1.1" 200 OK
order_service-1     | INFO:     172.18.0.8:48514 - "GET /api/orders/ HTTP/1.1" 200 OK
order_service-1     | INFO:     172.18.0.7:49320 - "GET /api/orders/ HTTP/1.1" 200 OK
order_service-1     | [Order 20] Found 5 couriers
order_service-1     |   Courier 1: status=delivering
order_service-1     |   Courier 2: status=delivering
order_service-1     |   Courier 3: status=delivering
order_service-1     |   Courier 4: status=delivering
order_service-1     |   Courier 5: status=delivering
order_service-1     | [Order 20] No idle couriers available
order_service-1     | INFO:     172.18.0.7:49320 - "POST /api/orders/20/assign HTTP/1.1" 200 OK
order_service-1     | [Order 19] Found 5 couriers
order_service-1     |   Courier 1: status=delivering
order_service-1     |   Courier 2: status=delivering
order_service-1     |   Courier 3: status=delivering
order_service-1     |   Courier 4: status=delivering
order_service-1     |   Courier 5: status=delivering
order_service-1     | [Order 19] No idle couriers available
courier_service-1   | INFO:     172.18.0.6:44694 - "GET /api/couriers/ HTTP/1.1" 200 OK
courier_service-1   | Ответ assign для заказа 14: 200 - {"status":"no_couriers_available"}
courier_service-1   | Маршрут для заказа 13: 4 -> 33 = [4, 33]
courier_service-1   | INFO:     172.18.0.6:44704 - "GET /api/couriers/ HTTP/1.1" 200 OK
courier_service-1   | Ответ assign для заказа 13: 200 - {"status":"no_couriers_available"}
courier_service-1   | Маршрут для заказа 12: 37 -> 10 = [37, 10]
courier_service-1   | INFO:     172.18.0.6:44712 - "GET /api/couriers/ HTTP/1.1" 200 OK
courier_service-1   | Ответ assign для заказа 12: 200 - {"status":"no_couriers_available"}
courier_service-1   | Маршрут для заказа 11: 20 -> 37 = [20, 37]
courier_service-1   | INFO:     172.18.0.6:44728 - "GET /api/couriers/ HTTP/1.1" 200 OK
order_service-1     | INFO:     172.18.0.7:49320 - "POST /api/orders/19/assign HTTP/1.1" 200 OK
order_service-1     | [Order 18] Found 5 couriers
order_service-1     |   Courier 1: status=delivering
order_service-1     |   Courier 2: status=delivering
order_service-1     |   Courier 3: status=delivering
order_service-1     |   Courier 4: status=delivering
order_service-1     |   Courier 5: status=delivering
order_service-1     | [Order 18] No idle couriers available
order_service-1     | INFO:     172.18.0.7:49320 - "POST /api/orders/18/assign HTTP/1.1" 200 OK
order_service-1     | [Order 17] Found 5 couriers
courier_service-1   | Ответ assign для заказа 11: 200 - {"status":"no_couriers_available"}
courier_service-1   | Маршрут для заказа 10: 3 -> 14 = [3, 14]
courier_service-1   | INFO:     172.18.0.6:44736 - "GET /api/couriers/ HTTP/1.1" 200 OK
courier_service-1   | Ответ assign для заказа 10: 200 - {"status":"no_couriers_available"}
courier_service-1   | Маршрут для заказа 9: 36 -> 41 = [36, 41]
courier_service-1   | INFO:     172.18.0.6:44746 - "GET /api/couriers/ HTTP/1.1" 200 OK
courier_service-1   | Ответ assign для заказа 9: 200 - {"status":"no_couriers_available"}
courier_service-1   | Маршрут для заказа 8: 19 -> 18 = [19, 18]
courier_service-1   | INFO:     172.18.0.6:44756 - "GET /api/couriers/ HTTP/1.1" 200 OK
courier_service-1   | Ответ assign для заказа 8: 200 - {"status":"no_couriers_available"}
courier_service-1   | Маршрут для заказа 7: 2 -> 45 = [2, 45]
courier_service-1   | INFO:     172.18.0.6:44758 - "GET /api/couriers/ HTTP/1.1" 200 OK
courier_service-1   | Ответ assign для заказа 7: 200 - {"status":"no_couriers_available"}
courier_service-1   | Маршрут для заказа 6: 35 -> 22 = [35, 22]
courier_service-1   | INFO:     172.18.0.6:44766 - "GET /api/couriers/ HTTP/1.1" 200 OK
courier_service-1   | Ответ assign для заказа 6: 200 - {"status":"no_couriers_available"}
courier_service-1   | Маршрут для заказа 5: 18 -> 49 = [18, 49]
courier_service-1   | INFO:     172.18.0.6:44780 - "GET /api/couriers/ HTTP/1.1" 200 OK
courier_service-1   | Ответ assign для заказа 5: 200 - {"status":"no_couriers_available"}
courier_service-1   | Маршрут для заказа 4: 1 -> 26 = [1, 26]
courier_service-1   | INFO:     172.18.0.6:44788 - "GET /api/couriers/ HTTP/1.1" 200 OK
courier_service-1   | Ответ assign для заказа 4: 200 - {"status":"no_couriers_available"}
courier_service-1   | Маршрут для заказа 3: 34 -> 3 = [34, 3]
courier_service-1   | INFO:     172.18.0.6:44798 - "GET /api/couriers/ HTTP/1.1" 200 OK
courier_service-1   | Ответ assign для заказа 3: 200 - {"status":"no_couriers_available"}
courier_service-1   | Маршрут для заказа 2: 17 -> 30 = [17, 30]
courier_service-1   | INFO:     172.18.0.6:44806 - "GET /api/couriers/ HTTP/1.1" 200 OK
courier_service-1   | Ответ assign для заказа 2: 200 - {"status":"no_couriers_available"}
courier_service-1   | Маршрут для заказа 1: 0 -> 7 = [0, 7]
courier_service-1   | INFO:     172.18.0.6:44808 - "GET /api/couriers/ HTTP/1.1" 200 OK
courier_service-1   | Ответ assign для заказа 1: 200 - {"status":"no_couriers_available"}
courier_service-1   | INFO:     172.18.0.8:43576 - "GET /api/couriers/ HTTP/1.1" 200 OK
courier_service-1   | INFO:     172.18.0.8:43590 - "GET /api/couriers/ HTTP/1.1" 200 OK
courier_service-1   | INFO:     172.18.0.3:59080 - "GET /metrics HTTP/1.1" 200 OK
courier_service-1   | Найдено 20 заказов без курьеров
courier_service-1   | Маршрут для заказа 20: 23 -> 44 = [23, 44]
courier_service-1   | INFO:     172.18.0.6:42490 - "GET /api/couriers/ HTTP/1.1" 200 OK
courier_service-1   | Ответ assign для заказа 20: 200 - {"status":"no_couriers_available"}
courier_service-1   | Маршрут для заказа 19: 6 -> 21 = [6, 21]
courier_service-1   | INFO:     172.18.0.6:42492 - "GET /api/couriers/ HTTP/1.1" 200 OK
order_service-1     |   Courier 1: status=delivering
order_service-1     |   Courier 2: status=delivering
order_service-1     |   Courier 3: status=delivering
order_service-1     |   Courier 4: status=delivering
order_service-1     |   Courier 5: status=delivering
order_service-1     | [Order 17] No idle couriers available
order_service-1     | INFO:     172.18.0.7:49320 - "POST /api/orders/17/assign HTTP/1.1" 200 OK
order_service-1     | [Order 16] Found 5 couriers
order_service-1     |   Courier 1: status=delivering
order_service-1     |   Courier 2: status=delivering
order_service-1     |   Courier 3: status=delivering
order_service-1     |   Courier 4: status=delivering
order_service-1     |   Courier 5: status=delivering
order_service-1     | [Order 16] No idle couriers available
order_service-1     | INFO:     172.18.0.7:49320 - "POST /api/orders/16/assign HTTP/1.1" 200 OK
order_service-1     | [Order 15] Found 5 couriers
order_service-1     |   Courier 1: status=delivering
order_service-1     |   Courier 2: status=delivering
order_service-1     |   Courier 3: status=delivering
order_service-1     |   Courier 4: status=delivering
order_service-1     |   Courier 5: status=delivering
order_service-1     | [Order 15] No idle couriers available
order_service-1     | INFO:     172.18.0.7:49320 - "POST /api/orders/15/assign HTTP/1.1" 200 OK
order_service-1     | [Order 14] Found 5 couriers
order_service-1     |   Courier 1: status=delivering
order_service-1     |   Courier 2: status=delivering
order_service-1     |   Courier 3: status=delivering
order_service-1     |   Courier 4: status=delivering
order_service-1     |   Courier 5: status=delivering
order_service-1     | [Order 14] No idle couriers available
order_service-1     | INFO:     172.18.0.7:49320 - "POST /api/orders/14/assign HTTP/1.1" 200 OK
order_service-1     | [Order 13] Found 5 couriers
order_service-1     |   Courier 1: status=delivering
order_service-1     |   Courier 2: status=delivering
order_service-1     |   Courier 3: status=delivering
order_service-1     |   Courier 4: status=delivering
order_service-1     |   Courier 5: status=delivering
order_service-1     | [Order 13] No idle couriers available
order_service-1     | INFO:     172.18.0.7:49320 - "POST /api/orders/13/assign HTTP/1.1" 200 OK
order_service-1     | [Order 12] Found 5 couriers
order_service-1     |   Courier 1: status=delivering
order_service-1     |   Courier 2: status=delivering
order_service-1     |   Courier 3: status=delivering
order_service-1     |   Courier 4: status=delivering
courier_service-1   | Ответ assign для заказа 19: 200 - {"status":"no_couriers_available"}
courier_service-1   | Маршрут для заказа 18: 39 -> 48 = [39, 48]
courier_service-1   | INFO:     172.18.0.6:42506 - "GET /api/couriers/ HTTP/1.1" 200 OK
courier_service-1   | Ответ assign для заказа 18: 200 - {"status":"no_couriers_available"}
courier_service-1   | Маршрут для заказа 17: 22 -> 25 = [22, 25]
courier_service-1   | INFO:     172.18.0.6:42510 - "GET /api/couriers/ HTTP/1.1" 200 OK
courier_service-1   | Ответ assign для заказа 17: 200 - {"status":"no_couriers_available"}
courier_service-1   | Маршрут для заказа 16: 5 -> 2 = [5, 2]
courier_service-1   | INFO:     172.18.0.6:42514 - "GET /api/couriers/ HTTP/1.1" 200 OK
courier_service-1   | Ответ assign для заказа 16: 200 - {"status":"no_couriers_available"}
courier_service-1   | Маршрут для заказа 15: 38 -> 29 = [38, 29]
courier_service-1   | INFO:     172.18.0.6:42524 - "GET /api/couriers/ HTTP/1.1" 200 OK
courier_service-1   | Ответ assign для заказа 15: 200 - {"status":"no_couriers_available"}
courier_service-1   | Маршрут для заказа 14: 21 -> 6 = [21, 6]
courier_service-1   | INFO:     172.18.0.6:42540 - "GET /api/couriers/ HTTP/1.1" 200 OK
courier_service-1   | Ответ assign для заказа 14: 200 - {"status":"no_couriers_available"}
courier_service-1   | Маршрут для заказа 13: 4 -> 33 = [4, 33]
courier_service-1   | INFO:     172.18.0.6:42554 - "GET /api/couriers/ HTTP/1.1" 200 OK
order_service-1     |   Courier 5: status=delivering
courier_service-1   | Ответ assign для заказа 13: 200 - {"status":"no_couriers_available"}
courier_service-1   | Маршрут для заказа 12: 37 -> 10 = [37, 10]
courier_service-1   | INFO:     172.18.0.6:42558 - "GET /api/couriers/ HTTP/1.1" 200 OK
courier_service-1   | Ответ assign для заказа 12: 200 - {"status":"no_couriers_available"}
courier_service-1   | Маршрут для заказа 11: 20 -> 37 = [20, 37]
courier_service-1   | INFO:     172.18.0.6:42570 - "GET /api/couriers/ HTTP/1.1" 200 OK
courier_service-1   | Ответ assign для заказа 11: 200 - {"status":"no_couriers_available"}
courier_service-1   | Маршрут для заказа 10: 3 -> 14 = [3, 14]
courier_service-1   | INFO:     172.18.0.6:42578 - "GET /api/couriers/ HTTP/1.1" 200 OK
courier_service-1   | Ответ assign для заказа 10: 200 - {"status":"no_couriers_available"}
courier_service-1   | Маршрут для заказа 9: 36 -> 41 = [36, 41]
courier_service-1   | INFO:     172.18.0.6:42580 - "GET /api/couriers/ HTTP/1.1" 200 OK
courier_service-1   | Ответ assign для заказа 9: 200 - {"status":"no_couriers_available"}
courier_service-1   | Маршрут для заказа 8: 19 -> 18 = [19, 18]
courier_service-1   | INFO:     172.18.0.6:42590 - "GET /api/couriers/ HTTP/1.1" 200 OK
courier_service-1   | Ответ assign для заказа 8: 200 - {"status":"no_couriers_available"}
courier_service-1   | Маршрут для заказа 7: 2 -> 45 = [2, 45]
courier_service-1   | INFO:     172.18.0.6:42606 - "GET /api/couriers/ HTTP/1.1" 200 OK
courier_service-1   | Ответ assign для заказа 7: 200 - {"status":"no_couriers_available"}
courier_service-1   | Маршрут для заказа 6: 35 -> 22 = [35, 22]
courier_service-1   | INFO:     172.18.0.6:42622 - "GET /api/couriers/ HTTP/1.1" 200 OK
courier_service-1   | Ответ assign для заказа 6: 200 - {"status":"no_couriers_available"}
order_service-1     | [Order 12] No idle couriers available
order_service-1     | INFO:     172.18.0.7:49320 - "POST /api/orders/12/assign HTTP/1.1" 200 OK
order_service-1     | [Order 11] Found 5 couriers
order_service-1     |   Courier 1: status=delivering
order_service-1     |   Courier 2: status=delivering
order_service-1     |   Courier 3: status=delivering
order_service-1     |   Courier 4: status=delivering
order_service-1     |   Courier 5: status=delivering
courier_service-1   | Маршрут для заказа 5: 18 -> 49 = [18, 49]
courier_service-1   | INFO:     172.18.0.6:42632 - "GET /api/couriers/ HTTP/1.1" 200 OK
courier_service-1   | Ответ assign для заказа 5: 200 - {"status":"no_couriers_available"}
courier_service-1   | Маршрут для заказа 4: 1 -> 26 = [1, 26]
courier_service-1   | INFO:     172.18.0.6:42644 - "GET /api/couriers/ HTTP/1.1" 200 OK
courier_service-1   | Ответ assign для заказа 4: 200 - {"status":"no_couriers_available"}
courier_service-1   | Маршрут для заказа 3: 34 -> 3 = [34, 3]
courier_service-1   | INFO:     172.18.0.6:42660 - "GET /api/couriers/ HTTP/1.1" 200 OK
courier_service-1   | Ответ assign для заказа 3: 200 - {"status":"no_couriers_available"}
courier_service-1   | Маршрут для заказа 2: 17 -> 30 = [17, 30]
courier_service-1   | INFO:     172.18.0.6:42666 - "GET /api/couriers/ HTTP/1.1" 200 OK
courier_service-1   | Ответ assign для заказа 2: 200 - {"status":"no_couriers_available"}
courier_service-1   | Маршрут для заказа 1: 0 -> 7 = [0, 7]
courier_service-1   | INFO:     172.18.0.6:42680 - "GET /api/couriers/ HTTP/1.1" 200 OK
courier_service-1   | Ответ assign для заказа 1: 200 - {"status":"no_couriers_available"}
courier_service-1   | INFO:     172.18.0.8:43604 - "GET /api/couriers/ HTTP/1.1" 200 OK
courier_service-1   | INFO:     172.18.0.8:43618 - "GET /api/couriers/ HTTP/1.1" 200 OK
courier_service-1   | Найдено 20 заказов без курьеров
courier_service-1   | Маршрут для заказа 20: 23 -> 44 = [23, 44]
courier_service-1   | INFO:     172.18.0.6:42688 - "GET /api/couriers/ HTTP/1.1" 200 OK
courier_service-1   | Ответ assign для заказа 20: 200 - {"status":"no_couriers_available"}
courier_service-1   | Маршрут для заказа 19: 6 -> 21 = [6, 21]
courier_service-1   | INFO:     172.18.0.6:42698 - "GET /api/couriers/ HTTP/1.1" 200 OK
courier_service-1   | Ответ assign для заказа 19: 200 - {"status":"no_couriers_available"}
courier_service-1   | Маршрут для заказа 18: 39 -> 48 = [39, 48]
courier_service-1   | INFO:     172.18.0.6:42712 - "GET /api/couriers/ HTTP/1.1" 200 OK
courier_service-1   | Ответ assign для заказа 18: 200 - {"status":"no_couriers_available"}
courier_service-1   | Маршрут для заказа 17: 22 -> 25 = [22, 25]
courier_service-1   | INFO:     172.18.0.6:42724 - "GET /api/couriers/ HTTP/1.1" 200 OK
courier_service-1   | Ответ assign для заказа 17: 200 - {"status":"no_couriers_available"}
order_service-1     | [Order 11] No idle couriers available
order_service-1     | INFO:     172.18.0.7:49320 - "POST /api/orders/11/assign HTTP/1.1" 200 OK
courier_service-1   | Маршрут для заказа 16: 5 -> 2 = [5, 2]
courier_service-1   | INFO:     172.18.0.6:42740 - "GET /api/couriers/ HTTP/1.1" 200 OK
courier_service-1   | Ответ assign для заказа 16: 200 - {"status":"no_couriers_available"}
courier_service-1   | Маршрут для заказа 15: 38 -> 29 = [38, 29]
courier_service-1   | INFO:     172.18.0.6:42742 - "GET /api/couriers/ HTTP/1.1" 200 OK
courier_service-1   | Ответ assign для заказа 15: 200 - {"status":"no_couriers_available"}
courier_service-1   | Маршрут для заказа 14: 21 -> 6 = [21, 6]
courier_service-1   | INFO:     172.18.0.6:42744 - "GET /api/couriers/ HTTP/1.1" 200 OK
courier_service-1   | Ответ assign для заказа 14: 200 - {"status":"no_couriers_available"}
courier_service-1   | Маршрут для заказа 13: 4 -> 33 = [4, 33]
order_service-1     | [Order 10] Found 5 couriers
courier_service-1   | INFO:     172.18.0.6:42758 - "GET /api/couriers/ HTTP/1.1" 200 OK
courier_service-1   | Ответ assign для заказа 13: 200 - {"status":"no_couriers_available"}
courier_service-1   | Маршрут для заказа 12: 37 -> 10 = [37, 10]
courier_service-1   | INFO:     172.18.0.6:42760 - "GET /api/couriers/ HTTP/1.1" 200 OK
courier_service-1   | Ответ assign для заказа 12: 200 - {"status":"no_couriers_available"}
courier_service-1   | Маршрут для заказа 11: 20 -> 37 = [20, 37]
courier_service-1   | INFO:     172.18.0.6:42770 - "GET /api/couriers/ HTTP/1.1" 200 OK
courier_service-1   | INFO:     172.18.0.8:43630 - "GET /api/couriers/ HTTP/1.1" 200 OK
courier_service-1   | Ответ assign для заказа 11: 200 - {"status":"no_couriers_available"}
courier_service-1   | Маршрут для заказа 10: 3 -> 14 = [3, 14]
courier_service-1   | INFO:     172.18.0.6:42778 - "GET /api/couriers/ HTTP/1.1" 200 OK
courier_service-1   | Ответ assign для заказа 10: 200 - {"status":"no_couriers_available"}
courier_service-1   | Маршрут для заказа 9: 36 -> 41 = [36, 41]
courier_service-1   | INFO:     172.18.0.6:42790 - "GET /api/couriers/ HTTP/1.1" 200 OK
courier_service-1   | Ответ assign для заказа 9: 200 - {"status":"no_couriers_available"}
courier_service-1   | Маршрут для заказа 8: 19 -> 18 = [19, 18]
courier_service-1   | INFO:     172.18.0.6:42800 - "GET /api/couriers/ HTTP/1.1" 200 OK
courier_service-1   | Ответ assign для заказа 8: 200 - {"status":"no_couriers_available"}
courier_service-1   | Маршрут для заказа 7: 2 -> 45 = [2, 45]
courier_service-1   | INFO:     172.18.0.8:43644 - "GET /api/couriers/ HTTP/1.1" 200 OK
courier_service-1   | INFO:     172.18.0.6:42804 - "GET /api/couriers/ HTTP/1.1" 200 OK
courier_service-1   | Ответ assign для заказа 7: 200 - {"status":"no_couriers_available"}
courier_service-1   | Маршрут для заказа 6: 35 -> 22 = [35, 22]
order_service-1     |   Courier 1: status=delivering
order_service-1     |   Courier 2: status=delivering
order_service-1     |   Courier 3: status=delivering
order_service-1     |   Courier 4: status=delivering
order_service-1     |   Courier 5: status=delivering
order_service-1     | [Order 10] No idle couriers available
order_service-1     | INFO:     172.18.0.7:49320 - "POST /api/orders/10/assign HTTP/1.1" 200 OK
order_service-1     | [Order 9] Found 5 couriers
order_service-1     |   Courier 1: status=delivering
order_service-1     |   Courier 2: status=delivering
order_service-1     |   Courier 3: status=delivering
order_service-1     |   Courier 4: status=delivering
order_service-1     |   Courier 5: status=delivering
order_service-1     | [Order 9] No idle couriers available
order_service-1     | INFO:     172.18.0.7:49320 - "POST /api/orders/9/assign HTTP/1.1" 200 OK
order_service-1     | [Order 8] Found 5 couriers
order_service-1     |   Courier 1: status=delivering
order_service-1     |   Courier 2: status=delivering
order_service-1     |   Courier 3: status=delivering
order_service-1     |   Courier 4: status=delivering
order_service-1     |   Courier 5: status=delivering
order_service-1     | [Order 8] No idle couriers available
order_service-1     | INFO:     172.18.0.7:49320 - "POST /api/orders/8/assign HTTP/1.1" 200 OK
order_service-1     | [Order 7] Found 5 couriers
order_service-1     |   Courier 1: status=delivering
order_service-1     |   Courier 2: status=delivering
order_service-1     |   Courier 3: status=delivering
order_service-1     |   Courier 4: status=delivering
order_service-1     |   Courier 5: status=delivering
order_service-1     | [Order 7] No idle couriers available
order_service-1     | INFO:     172.18.0.7:49320 - "POST /api/orders/7/assign HTTP/1.1" 200 OK
order_service-1     | [Order 6] Found 5 couriers
order_service-1     |   Courier 1: status=delivering
order_service-1     |   Courier 2: status=delivering
order_service-1     |   Courier 3: status=delivering
order_service-1     |   Courier 4: status=delivering
order_service-1     |   Courier 5: status=delivering
order_service-1     | [Order 6] No idle couriers available
order_service-1     | INFO:     172.18.0.7:49320 - "POST /api/orders/6/assign HTTP/1.1" 200 OK
order_service-1     | [Order 5] Found 5 couriers
order_service-1     |   Courier 1: status=delivering
order_service-1     |   Courier 2: status=delivering
order_service-1     |   Courier 3: status=delivering
order_service-1     |   Courier 4: status=delivering
order_service-1     |   Courier 5: status=delivering
order_service-1     | [Order 5] No idle couriers available
order_service-1     | INFO:     172.18.0.7:49320 - "POST /api/orders/5/assign HTTP/1.1" 200 OK
order_service-1     | [Order 4] Found 5 couriers
order_service-1     |   Courier 1: status=delivering
order_service-1     |   Courier 2: status=delivering
order_service-1     |   Courier 3: status=delivering
order_service-1     |   Courier 4: status=delivering
order_service-1     |   Courier 5: status=delivering
order_service-1     | [Order 4] No idle couriers available
order_service-1     | INFO:     172.18.0.7:49320 - "POST /api/orders/4/assign HTTP/1.1" 200 OK
order_service-1     | [Order 3] Found 5 couriers
order_service-1     |   Courier 1: status=delivering
order_service-1     |   Courier 2: status=delivering
order_service-1     |   Courier 3: status=delivering
order_service-1     |   Courier 4: status=delivering
order_service-1     |   Courier 5: status=delivering
order_service-1     | [Order 3] No idle couriers available
order_service-1     | INFO:     172.18.0.7:49320 - "POST /api/orders/3/assign HTTP/1.1" 200 OK
order_service-1     | [Order 2] Found 5 couriers
courier_service-1   | INFO:     172.18.0.6:42810 - "GET /api/couriers/ HTTP/1.1" 200 OK
courier_service-1   | Ответ assign для заказа 6: 200 - {"status":"no_couriers_available"}
courier_service-1   | Маршрут для заказа 5: 18 -> 49 = [18, 49]
courier_service-1   | INFO:     172.18.0.6:42812 - "GET /api/couriers/ HTTP/1.1" 200 OK
courier_service-1   | Ответ assign для заказа 5: 200 - {"status":"no_couriers_available"}
courier_service-1   | Маршрут для заказа 4: 1 -> 26 = [1, 26]
courier_service-1   | INFO:     172.18.0.6:42824 - "GET /api/couriers/ HTTP/1.1" 200 OK
courier_service-1   | Ответ assign для заказа 4: 200 - {"status":"no_couriers_available"}
courier_service-1   | Маршрут для заказа 3: 34 -> 3 = [34, 3]
courier_service-1   | INFO:     172.18.0.6:42838 - "GET /api/couriers/ HTTP/1.1" 200 OK
courier_service-1   | Ответ assign для заказа 3: 200 - {"status":"no_couriers_available"}
courier_service-1   | Маршрут для заказа 2: 17 -> 30 = [17, 30]
courier_service-1   | INFO:     172.18.0.6:42842 - "GET /api/couriers/ HTTP/1.1" 200 OK
courier_service-1   | Ответ assign для заказа 2: 200 - {"status":"no_couriers_available"}
courier_service-1   | Маршрут для заказа 1: 0 -> 7 = [0, 7]
courier_service-1   | INFO:     172.18.0.6:42856 - "GET /api/couriers/ HTTP/1.1" 200 OK
courier_service-1   | Ответ assign для заказа 1: 200 - {"status":"no_couriers_available"}
courier_service-1   | INFO:     172.18.0.8:43650 - "GET /api/couriers/ HTTP/1.1" 200 OK
courier_service-1   | INFO:     172.18.0.8:43662 - "GET /api/couriers/ HTTP/1.1" 200 OK
courier_service-1   | Найдено 20 заказов без курьеров
courier_service-1   | Маршрут для заказа 20: 23 -> 44 = [23, 44]
courier_service-1   | INFO:     172.18.0.6:42858 - "GET /api/couriers/ HTTP/1.1" 200 OK
order_service-1     |   Courier 1: status=delivering
order_service-1     |   Courier 2: status=delivering
order_service-1     |   Courier 3: status=delivering
order_service-1     |   Courier 4: status=delivering
order_service-1     |   Courier 5: status=delivering
order_service-1     | [Order 2] No idle couriers available
order_service-1     | INFO:     172.18.0.7:49320 - "POST /api/orders/2/assign HTTP/1.1" 200 OK
order_service-1     | [Order 1] Found 5 couriers
order_service-1     |   Courier 1: status=delivering
order_service-1     |   Courier 2: status=delivering
order_service-1     |   Courier 3: status=delivering
order_service-1     |   Courier 4: status=delivering
order_service-1     |   Courier 5: status=delivering
order_service-1     | [Order 1] No idle couriers available
order_service-1     | INFO:     172.18.0.7:49320 - "POST /api/orders/1/assign HTTP/1.1" 200 OK
courier_service-1   | Ответ assign для заказа 20: 200 - {"status":"no_couriers_available"}
courier_service-1   | Маршрут для заказа 19: 6 -> 21 = [6, 21]
courier_service-1   | INFO:     172.18.0.6:42864 - "GET /api/couriers/ HTTP/1.1" 200 OK
courier_service-1   | Ответ assign для заказа 19: 200 - {"status":"no_couriers_available"}
courier_service-1   | Маршрут для заказа 18: 39 -> 48 = [39, 48]
courier_service-1   | INFO:     172.18.0.6:42868 - "GET /api/couriers/ HTTP/1.1" 200 OK
courier_service-1   | Ответ assign для заказа 18: 200 - {"status":"no_couriers_available"}
courier_service-1   | Маршрут для заказа 17: 22 -> 25 = [22, 25]
courier_service-1   | INFO:     172.18.0.6:42882 - "GET /api/couriers/ HTTP/1.1" 200 OK
courier_service-1   | Ответ assign для заказа 17: 200 - {"status":"no_couriers_available"}
courier_service-1   | Маршрут для заказа 16: 5 -> 2 = [5, 2]
courier_service-1   | INFO:     172.18.0.6:42890 - "GET /api/couriers/ HTTP/1.1" 200 OK
courier_service-1   | Ответ assign для заказа 16: 200 - {"status":"no_couriers_available"}
courier_service-1   | Маршрут для заказа 15: 38 -> 29 = [38, 29]
courier_service-1   | INFO:     172.18.0.6:42900 - "GET /api/couriers/ HTTP/1.1" 200 OK
courier_service-1   | Ответ assign для заказа 15: 200 - {"status":"no_couriers_available"}
courier_service-1   | Маршрут для заказа 14: 21 -> 6 = [21, 6]
courier_service-1   | INFO:     172.18.0.6:42916 - "GET /api/couriers/ HTTP/1.1" 200 OK
courier_service-1   | Ответ assign для заказа 14: 200 - {"status":"no_couriers_available"}
order_service-1     | INFO:     172.18.0.8:48518 - "GET /api/orders/ HTTP/1.1" 200 OK
order_service-1     | INFO:     172.18.0.7:49332 - "GET /api/orders/ HTTP/1.1" 200 OK
order_service-1     | [Order 20] Found 5 couriers
order_service-1     |   Courier 1: status=delivering
order_service-1     |   Courier 2: status=delivering
order_service-1     |   Courier 3: status=delivering
order_service-1     |   Courier 4: status=delivering
order_service-1     |   Courier 5: status=delivering
order_service-1     | [Order 20] No idle couriers available
order_service-1     | INFO:     172.18.0.7:49332 - "POST /api/orders/20/assign HTTP/1.1" 200 OK
order_service-1     | [Order 19] Found 5 couriers
order_service-1     |   Courier 1: status=delivering
order_service-1     |   Courier 2: status=delivering
order_service-1     |   Courier 3: status=delivering
order_service-1     |   Courier 4: status=delivering
order_service-1     |   Courier 5: status=delivering
order_service-1     | [Order 19] No idle couriers available
order_service-1     | INFO:     172.18.0.7:49332 - "POST /api/orders/19/assign HTTP/1.1" 200 OK
order_service-1     | [Order 18] Found 5 couriers
order_service-1     |   Courier 1: status=delivering
order_service-1     |   Courier 2: status=delivering
order_service-1     |   Courier 3: status=delivering
order_service-1     |   Courier 4: status=delivering
order_service-1     |   Courier 5: status=delivering
order_service-1     | [Order 18] No idle couriers available
order_service-1     | INFO:     172.18.0.7:49332 - "POST /api/orders/18/assign HTTP/1.1" 200 OK
order_service-1     | [Order 17] Found 5 couriers
order_service-1     |   Courier 1: status=delivering
order_service-1     |   Courier 2: status=delivering
order_service-1     |   Courier 3: status=delivering
order_service-1     |   Courier 4: status=delivering
order_service-1     |   Courier 5: status=delivering
order_service-1     | [Order 17] No idle couriers available
order_service-1     | INFO:     172.18.0.7:49332 - "POST /api/orders/17/assign HTTP/1.1" 200 OK
order_service-1     | [Order 16] Found 5 couriers
order_service-1     |   Courier 1: status=delivering
order_service-1     |   Courier 2: status=delivering
courier_service-1   | Маршрут для заказа 13: 4 -> 33 = [4, 33]
courier_service-1   | INFO:     172.18.0.6:42922 - "GET /api/couriers/ HTTP/1.1" 200 OK
courier_service-1   | Ответ assign для заказа 13: 200 - {"status":"no_couriers_available"}
courier_service-1   | Маршрут для заказа 12: 37 -> 10 = [37, 10]
courier_service-1   | INFO:     172.18.0.6:42930 - "GET /api/couriers/ HTTP/1.1" 200 OK
courier_service-1   | Ответ assign для заказа 12: 200 - {"status":"no_couriers_available"}
courier_service-1   | Маршрут для заказа 11: 20 -> 37 = [20, 37]
courier_service-1   | INFO:     172.18.0.6:42934 - "GET /api/couriers/ HTTP/1.1" 200 OK
courier_service-1   | Ответ assign для заказа 11: 200 - {"status":"no_couriers_available"}
courier_service-1   | Маршрут для заказа 10: 3 -> 14 = [3, 14]
courier_service-1   | INFO:     172.18.0.6:42946 - "GET /api/couriers/ HTTP/1.1" 200 OK
courier_service-1   | Ответ assign для заказа 10: 200 - {"status":"no_couriers_available"}
order_service-1     |   Courier 3: status=delivering
order_service-1     |   Courier 4: status=delivering
order_service-1     |   Courier 5: status=delivering
order_service-1     | [Order 16] No idle couriers available
order_service-1     | INFO:     172.18.0.7:49332 - "POST /api/orders/16/assign HTTP/1.1" 200 OK
order_service-1     | [Order 15] Found 5 couriers
order_service-1     |   Courier 1: status=delivering
order_service-1     |   Courier 2: status=delivering
order_service-1     |   Courier 3: status=delivering
order_service-1     |   Courier 4: status=delivering
order_service-1     |   Courier 5: status=delivering
order_service-1     | [Order 15] No idle couriers available
order_service-1     | INFO:     172.18.0.7:49332 - "POST /api/orders/15/assign HTTP/1.1" 200 OK
order_service-1     | [Order 14] Found 5 couriers
order_service-1     |   Courier 1: status=delivering
order_service-1     |   Courier 2: status=delivering
order_service-1     |   Courier 3: status=delivering
order_service-1     |   Courier 4: status=delivering
order_service-1     |   Courier 5: status=delivering
courier_service-1   | Маршрут для заказа 9: 36 -> 41 = [36, 41]
courier_service-1   | INFO:     172.18.0.6:42962 - "GET /api/couriers/ HTTP/1.1" 200 OK
courier_service-1   | Ответ assign для заказа 9: 200 - {"status":"no_couriers_available"}
courier_service-1   | Маршрут для заказа 8: 19 -> 18 = [19, 18]
courier_service-1   | INFO:     172.18.0.6:42978 - "GET /api/couriers/ HTTP/1.1" 200 OK
courier_service-1   | Ответ assign для заказа 8: 200 - {"status":"no_couriers_available"}
courier_service-1   | Маршрут для заказа 7: 2 -> 45 = [2, 45]
courier_service-1   | INFO:     172.18.0.6:42980 - "GET /api/couriers/ HTTP/1.1" 200 OK
courier_service-1   | Ответ assign для заказа 7: 200 - {"status":"no_couriers_available"}
courier_service-1   | Маршрут для заказа 6: 35 -> 22 = [35, 22]
courier_service-1   | INFO:     172.18.0.6:42994 - "GET /api/couriers/ HTTP/1.1" 200 OK
courier_service-1   | Ответ assign для заказа 6: 200 - {"status":"no_couriers_available"}
courier_service-1   | Маршрут для заказа 5: 18 -> 49 = [18, 49]
courier_service-1   | INFO:     172.18.0.6:42998 - "GET /api/couriers/ HTTP/1.1" 200 OK
courier_service-1   | Ответ assign для заказа 5: 200 - {"status":"no_couriers_available"}
courier_service-1   | Маршрут для заказа 4: 1 -> 26 = [1, 26]
courier_service-1   | INFO:     172.18.0.6:43004 - "GET /api/couriers/ HTTP/1.1" 200 OK
courier_service-1   | Ответ assign для заказа 4: 200 - {"status":"no_couriers_available"}
courier_service-1   | Маршрут для заказа 3: 34 -> 3 = [34, 3]
courier_service-1   | INFO:     172.18.0.6:43006 - "GET /api/couriers/ HTTP/1.1" 200 OK
courier_service-1   | Ответ assign для заказа 3: 200 - {"status":"no_couriers_available"}
courier_service-1   | Маршрут для заказа 2: 17 -> 30 = [17, 30]
courier_service-1   | INFO:     172.18.0.6:43022 - "GET /api/couriers/ HTTP/1.1" 200 OK
courier_service-1   | Ответ assign для заказа 2: 200 - {"status":"no_couriers_available"}
courier_service-1   | Маршрут для заказа 1: 0 -> 7 = [0, 7]
courier_service-1   | INFO:     172.18.0.6:43028 - "GET /api/couriers/ HTTP/1.1" 200 OK
courier_service-1   | Ответ assign для заказа 1: 200 - {"status":"no_couriers_available"}
courier_service-1   | INFO:     172.18.0.8:43670 - "GET /api/couriers/ HTTP/1.1" 200 OK
courier_service-1   | INFO:     172.18.0.8:43684 - "GET /api/couriers/ HTTP/1.1" 200 OK
courier_service-1   | Найдено 20 заказов без курьеров
courier_service-1   | Маршрут для заказа 20: 23 -> 44 = [23, 44]
courier_service-1   | INFO:     172.18.0.6:43042 - "GET /api/couriers/ HTTP/1.1" 200 OK
courier_service-1   | Ответ assign для заказа 20: 200 - {"status":"no_couriers_available"}
courier_service-1   | Маршрут для заказа 19: 6 -> 21 = [6, 21]
courier_service-1   | INFO:     172.18.0.6:43054 - "GET /api/couriers/ HTTP/1.1" 200 OK
courier_service-1   | Ответ assign для заказа 19: 200 - {"status":"no_couriers_available"}
courier_service-1   | Маршрут для заказа 18: 39 -> 48 = [39, 48]
courier_service-1   | INFO:     172.18.0.6:43070 - "GET /api/couriers/ HTTP/1.1" 200 OK
courier_service-1   | Ответ assign для заказа 18: 200 - {"status":"no_couriers_available"}
courier_service-1   | Маршрут для заказа 17: 22 -> 25 = [22, 25]
courier_service-1   | INFO:     172.18.0.6:43078 - "GET /api/couriers/ HTTP/1.1" 200 OK
courier_service-1   | Ответ assign для заказа 17: 200 - {"status":"no_couriers_available"}
order_service-1     | [Order 14] No idle couriers available
courier_service-1   | Маршрут для заказа 16: 5 -> 2 = [5, 2]
order_service-1     | INFO:     172.18.0.7:49332 - "POST /api/orders/14/assign HTTP/1.1" 200 OK
courier_service-1   | INFO:     172.18.0.6:43090 - "GET /api/couriers/ HTTP/1.1" 200 OK
order_service-1     | [Order 13] Found 5 couriers
courier_service-1   | Ответ assign для заказа 16: 200 - {"status":"no_couriers_available"}
order_service-1     |   Courier 1: status=delivering
courier_service-1   | Маршрут для заказа 15: 38 -> 29 = [38, 29]
order_service-1     |   Courier 2: status=delivering
courier_service-1   | INFO:     172.18.0.6:43094 - "GET /api/couriers/ HTTP/1.1" 200 OK
courier_service-1   | Ответ assign для заказа 15: 200 - {"status":"no_couriers_available"}
courier_service-1   | Маршрут для заказа 14: 21 -> 6 = [21, 6]
order_service-1     |   Courier 3: status=delivering
order_service-1     |   Courier 4: status=delivering
order_service-1     |   Courier 5: status=delivering
order_service-1     | [Order 13] No idle couriers available
order_service-1     | INFO:     172.18.0.7:49332 - "POST /api/orders/13/assign HTTP/1.1" 200 OK
order_service-1     | [Order 12] Found 5 couriers
order_service-1     |   Courier 1: status=delivering
order_service-1     |   Courier 2: status=delivering
order_service-1     |   Courier 3: status=delivering
order_service-1     |   Courier 4: status=delivering
order_service-1     |   Courier 5: status=delivering
order_service-1     | [Order 12] No idle couriers available
order_service-1     | INFO:     172.18.0.7:49332 - "POST /api/orders/12/assign HTTP/1.1" 200 OK
order_service-1     | [Order 11] Found 5 couriers
order_service-1     |   Courier 1: status=delivering
order_service-1     |   Courier 2: status=delivering
order_service-1     |   Courier 3: status=delivering
order_service-1     |   Courier 4: status=delivering
order_service-1     |   Courier 5: status=delivering
order_service-1     | [Order 11] No idle couriers available
order_service-1     | INFO:     172.18.0.7:49332 - "POST /api/orders/11/assign HTTP/1.1" 200 OK
order_service-1     | [Order 10] Found 5 couriers
order_service-1     |   Courier 1: status=delivering
order_service-1     |   Courier 2: status=delivering
order_service-1     |   Courier 3: status=delivering
order_service-1     |   Courier 4: status=delivering
order_service-1     |   Courier 5: status=delivering
order_service-1     | [Order 10] No idle couriers available
order_service-1     | INFO:     172.18.0.7:49332 - "POST /api/orders/10/assign HTTP/1.1" 200 OK
order_service-1     | [Order 9] Found 5 couriers
order_service-1     |   Courier 1: status=delivering
order_service-1     |   Courier 2: status=delivering
order_service-1     |   Courier 3: status=delivering
order_service-1     |   Courier 4: status=delivering
order_service-1     |   Courier 5: status=delivering
order_service-1     | [Order 9] No idle couriers available
order_service-1     | INFO:     172.18.0.7:49332 - "POST /api/orders/9/assign HTTP/1.1" 200 OK
order_service-1     | INFO:     172.18.0.8:48528 - "GET /api/orders/ HTTP/1.1" 200 OK
order_service-1     | [Order 8] Found 5 couriers
order_service-1     |   Courier 1: status=delivering
order_service-1     |   Courier 2: status=delivering
order_service-1     |   Courier 3: status=delivering
order_service-1     |   Courier 4: status=delivering
courier_service-1   | INFO:     172.18.0.6:43098 - "GET /api/couriers/ HTTP/1.1" 200 OK
courier_service-1   | Ответ assign для заказа 14: 200 - {"status":"no_couriers_available"}
courier_service-1   | Маршрут для заказа 13: 4 -> 33 = [4, 33]
courier_service-1   | INFO:     172.18.0.6:43114 - "GET /api/couriers/ HTTP/1.1" 200 OK
courier_service-1   | Ответ assign для заказа 13: 200 - {"status":"no_couriers_available"}
courier_service-1   | Маршрут для заказа 12: 37 -> 10 = [37, 10]
courier_service-1   | INFO:     172.18.0.6:43126 - "GET /api/couriers/ HTTP/1.1" 200 OK
courier_service-1   | Ответ assign для заказа 12: 200 - {"status":"no_couriers_available"}
courier_service-1   | Маршрут для заказа 11: 20 -> 37 = [20, 37]
courier_service-1   | INFO:     172.18.0.6:43132 - "GET /api/couriers/ HTTP/1.1" 200 OK
courier_service-1   | Ответ assign для заказа 11: 200 - {"status":"no_couriers_available"}
courier_service-1   | Маршрут для заказа 10: 3 -> 14 = [3, 14]
courier_service-1   | INFO:     172.18.0.6:43140 - "GET /api/couriers/ HTTP/1.1" 200 OK
courier_service-1   | Ответ assign для заказа 10: 200 - {"status":"no_couriers_available"}
courier_service-1   | Маршрут для заказа 9: 36 -> 41 = [36, 41]
courier_service-1   | INFO:     172.18.0.6:43154 - "GET /api/couriers/ HTTP/1.1" 200 OK
courier_service-1   | Ответ assign для заказа 9: 200 - {"status":"no_couriers_available"}
courier_service-1   | Маршрут для заказа 8: 19 -> 18 = [19, 18]
courier_service-1   | INFO:     172.18.0.6:43162 - "GET /api/couriers/ HTTP/1.1" 200 OK
order_service-1     |   Courier 5: status=delivering
order_service-1     | [Order 8] No idle couriers available
courier_service-1   | Ответ assign для заказа 8: 200 - {"status":"no_couriers_available"}
courier_service-1   | Маршрут для заказа 7: 2 -> 45 = [2, 45]
courier_service-1   | INFO:     172.18.0.6:43176 - "GET /api/couriers/ HTTP/1.1" 200 OK
courier_service-1   | Ответ assign для заказа 7: 200 - {"status":"no_couriers_available"}
courier_service-1   | Маршрут для заказа 6: 35 -> 22 = [35, 22]
courier_service-1   | INFO:     172.18.0.6:43180 - "GET /api/couriers/ HTTP/1.1" 200 OK
courier_service-1   | Ответ assign для заказа 6: 200 - {"status":"no_couriers_available"}
courier_service-1   | Маршрут для заказа 5: 18 -> 49 = [18, 49]
courier_service-1   | INFO:     172.18.0.6:43184 - "GET /api/couriers/ HTTP/1.1" 200 OK
courier_service-1   | Ответ assign для заказа 5: 200 - {"status":"no_couriers_available"}
courier_service-1   | Маршрут для заказа 4: 1 -> 26 = [1, 26]
courier_service-1   | INFO:     172.18.0.6:43188 - "GET /api/couriers/ HTTP/1.1" 200 OK
courier_service-1   | Ответ assign для заказа 4: 200 - {"status":"no_couriers_available"}
courier_service-1   | Маршрут для заказа 3: 34 -> 3 = [34, 3]
courier_service-1   | INFO:     172.18.0.6:43200 - "GET /api/couriers/ HTTP/1.1" 200 OK
courier_service-1   | Ответ assign для заказа 3: 200 - {"status":"no_couriers_available"}
courier_service-1   | Маршрут для заказа 2: 17 -> 30 = [17, 30]
courier_service-1   | INFO:     172.18.0.6:43212 - "GET /api/couriers/ HTTP/1.1" 200 OK
courier_service-1   | Ответ assign для заказа 2: 200 - {"status":"no_couriers_available"}
courier_service-1   | Маршрут для заказа 1: 0 -> 7 = [0, 7]
courier_service-1   | INFO:     172.18.0.6:43214 - "GET /api/couriers/ HTTP/1.1" 200 OK
courier_service-1   | Ответ assign для заказа 1: 200 - {"status":"no_couriers_available"}
courier_service-1   | INFO:     172.18.0.8:48918 - "GET /api/couriers/ HTTP/1.1" 200 OK
courier_service-1   | INFO:     172.18.0.8:48924 - "GET /api/couriers/ HTTP/1.1" 200 OK
courier_service-1   | Найдено 20 заказов без курьеров
courier_service-1   | Маршрут для заказа 20: 23 -> 44 = [23, 44]
courier_service-1   | INFO:     172.18.0.6:48578 - "GET /api/couriers/ HTTP/1.1" 200 OK
courier_service-1   | Ответ assign для заказа 20: 200 - {"status":"no_couriers_available"}
order_service-1     | INFO:     172.18.0.7:49332 - "POST /api/orders/8/assign HTTP/1.1" 200 OK
order_service-1     | [Order 7] Found 5 couriers
order_service-1     |   Courier 1: status=delivering
order_service-1     |   Courier 2: status=delivering
order_service-1     |   Courier 3: status=delivering
order_service-1     |   Courier 4: status=delivering
order_service-1     |   Courier 5: status=delivering
order_service-1     | [Order 7] No idle couriers available
order_service-1     | INFO:     172.18.0.7:49332 - "POST /api/orders/7/assign HTTP/1.1" 200 OK
order_service-1     | [Order 6] Found 5 couriers
order_service-1     |   Courier 1: status=delivering
order_service-1     |   Courier 2: status=delivering
order_service-1     |   Courier 3: status=delivering
order_service-1     |   Courier 4: status=delivering
order_service-1     |   Courier 5: status=delivering
order_service-1     | [Order 6] No idle couriers available
courier_service-1   | Маршрут для заказа 19: 6 -> 21 = [6, 21]
courier_service-1   | INFO:     172.18.0.6:48590 - "GET /api/couriers/ HTTP/1.1" 200 OK
courier_service-1   | Ответ assign для заказа 19: 200 - {"status":"no_couriers_available"}
courier_service-1   | Маршрут для заказа 18: 39 -> 48 = [39, 48]
courier_service-1   | INFO:     172.18.0.6:48592 - "GET /api/couriers/ HTTP/1.1" 200 OK
courier_service-1   | Ответ assign для заказа 18: 200 - {"status":"no_couriers_available"}
courier_service-1   | Маршрут для заказа 17: 22 -> 25 = [22, 25]
courier_service-1   | INFO:     172.18.0.6:48604 - "GET /api/couriers/ HTTP/1.1" 200 OK
courier_service-1   | Ответ assign для заказа 17: 200 - {"status":"no_couriers_available"}
courier_service-1   | Маршрут для заказа 16: 5 -> 2 = [5, 2]
courier_service-1   | INFO:     172.18.0.6:48616 - "GET /api/couriers/ HTTP/1.1" 200 OK
courier_service-1   | Ответ assign для заказа 16: 200 - {"status":"no_couriers_available"}
courier_service-1   | Маршрут для заказа 15: 38 -> 29 = [38, 29]
courier_service-1   | INFO:     172.18.0.6:48630 - "GET /api/couriers/ HTTP/1.1" 200 OK
courier_service-1   | Ответ assign для заказа 15: 200 - {"status":"no_couriers_available"}
courier_service-1   | Маршрут для заказа 14: 21 -> 6 = [21, 6]
courier_service-1   | INFO:     172.18.0.6:48638 - "GET /api/couriers/ HTTP/1.1" 200 OK
courier_service-1   | Ответ assign для заказа 14: 200 - {"status":"no_couriers_available"}
courier_service-1   | Маршрут для заказа 13: 4 -> 33 = [4, 33]
courier_service-1   | INFO:     172.18.0.6:48654 - "GET /api/couriers/ HTTP/1.1" 200 OK
order_service-1     | INFO:     172.18.0.7:49332 - "POST /api/orders/6/assign HTTP/1.1" 200 OK
order_service-1     | [Order 5] Found 5 couriers
order_service-1     |   Courier 1: status=delivering
order_service-1     |   Courier 2: status=delivering
order_service-1     |   Courier 3: status=delivering
order_service-1     |   Courier 4: status=delivering
order_service-1     |   Courier 5: status=delivering
order_service-1     | [Order 5] No idle couriers available
order_service-1     | INFO:     172.18.0.7:49332 - "POST /api/orders/5/assign HTTP/1.1" 200 OK
order_service-1     | [Order 4] Found 5 couriers
order_service-1     |   Courier 1: status=delivering
order_service-1     |   Courier 2: status=delivering
order_service-1     |   Courier 3: status=delivering
order_service-1     |   Courier 4: status=delivering
order_service-1     |   Courier 5: status=delivering
order_service-1     | [Order 4] No idle couriers available
order_service-1     | INFO:     172.18.0.7:49332 - "POST /api/orders/4/assign HTTP/1.1" 200 OK
order_service-1     | [Order 3] Found 5 couriers
order_service-1     |   Courier 1: status=delivering
order_service-1     |   Courier 2: status=delivering
order_service-1     |   Courier 3: status=delivering
order_service-1     |   Courier 4: status=delivering
order_service-1     |   Courier 5: status=delivering
order_service-1     | [Order 3] No idle couriers available
order_service-1     | INFO:     172.18.0.7:49332 - "POST /api/orders/3/assign HTTP/1.1" 200 OK
order_service-1     | [Order 2] Found 5 couriers
order_service-1     |   Courier 1: status=delivering
order_service-1     |   Courier 2: status=delivering
order_service-1     |   Courier 3: status=delivering
order_service-1     |   Courier 4: status=delivering
order_service-1     |   Courier 5: status=delivering
order_service-1     | [Order 2] No idle couriers available
order_service-1     | INFO:     172.18.0.7:49332 - "POST /api/orders/2/assign HTTP/1.1" 200 OK
order_service-1     | [Order 1] Found 5 couriers
courier_service-1   | Ответ assign для заказа 13: 200 - {"status":"no_couriers_available"}
courier_service-1   | Маршрут для заказа 12: 37 -> 10 = [37, 10]
courier_service-1   | INFO:     172.18.0.6:48658 - "GET /api/couriers/ HTTP/1.1" 200 OK
courier_service-1   | Ответ assign для заказа 12: 200 - {"status":"no_couriers_available"}
courier_service-1   | Маршрут для заказа 11: 20 -> 37 = [20, 37]
courier_service-1   | INFO:     172.18.0.6:48666 - "GET /api/couriers/ HTTP/1.1" 200 OK
courier_service-1   | Ответ assign для заказа 11: 200 - {"status":"no_couriers_available"}
courier_service-1   | Маршрут для заказа 10: 3 -> 14 = [3, 14]
courier_service-1   | INFO:     172.18.0.6:48682 - "GET /api/couriers/ HTTP/1.1" 200 OK
courier_service-1   | Ответ assign для заказа 10: 200 - {"status":"no_couriers_available"}
courier_service-1   | Маршрут для заказа 9: 36 -> 41 = [36, 41]
courier_service-1   | INFO:     172.18.0.6:48692 - "GET /api/couriers/ HTTP/1.1" 200 OK
courier_service-1   | Ответ assign для заказа 9: 200 - {"status":"no_couriers_available"}
courier_service-1   | Маршрут для заказа 8: 19 -> 18 = [19, 18]
courier_service-1   | INFO:     172.18.0.6:48694 - "GET /api/couriers/ HTTP/1.1" 200 OK
courier_service-1   | Ответ assign для заказа 8: 200 - {"status":"no_couriers_available"}
courier_service-1   | Маршрут для заказа 7: 2 -> 45 = [2, 45]
courier_service-1   | INFO:     172.18.0.6:48700 - "GET /api/couriers/ HTTP/1.1" 200 OK
courier_service-1   | Ответ assign для заказа 7: 200 - {"status":"no_couriers_available"}
courier_service-1   | Маршрут для заказа 6: 35 -> 22 = [35, 22]
courier_service-1   | INFO:     172.18.0.6:48702 - "GET /api/couriers/ HTTP/1.1" 200 OK
courier_service-1   | Ответ assign для заказа 6: 200 - {"status":"no_couriers_available"}
courier_service-1   | Маршрут для заказа 5: 18 -> 49 = [18, 49]
courier_service-1   | INFO:     172.18.0.6:48704 - "GET /api/couriers/ HTTP/1.1" 200 OK
courier_service-1   | Ответ assign для заказа 5: 200 - {"status":"no_couriers_available"}
courier_service-1   | Маршрут для заказа 4: 1 -> 26 = [1, 26]
courier_service-1   | INFO:     172.18.0.6:48720 - "GET /api/couriers/ HTTP/1.1" 200 OK
courier_service-1   | Ответ assign для заказа 4: 200 - {"status":"no_couriers_available"}
courier_service-1   | Маршрут для заказа 3: 34 -> 3 = [34, 3]
courier_service-1   | INFO:     172.18.0.6:48730 - "GET /api/couriers/ HTTP/1.1" 200 OK
courier_service-1   | Ответ assign для заказа 3: 200 - {"status":"no_couriers_available"}
courier_service-1   | Маршрут для заказа 2: 17 -> 30 = [17, 30]
order_service-1     |   Courier 1: status=delivering
order_service-1     |   Courier 2: status=delivering
order_service-1     |   Courier 3: status=delivering
order_service-1     |   Courier 4: status=delivering
order_service-1     |   Courier 5: status=delivering
order_service-1     | [Order 1] No idle couriers available
order_service-1     | INFO:     172.18.0.7:49332 - "POST /api/orders/1/assign HTTP/1.1" 200 OK
order_service-1     | INFO:     172.18.0.3:49766 - "GET /metrics HTTP/1.1" 200 OK
order_service-1     | INFO:     172.18.0.8:48534 - "GET /api/orders/ HTTP/1.1" 200 OK
order_service-1     | INFO:     172.18.0.7:49338 - "GET /api/orders/ HTTP/1.1" 200 OK
order_service-1     | [Order 20] Found 5 couriers
order_service-1     |   Courier 1: status=delivering
order_service-1     |   Courier 2: status=delivering
order_service-1     |   Courier 3: status=delivering
order_service-1     |   Courier 4: status=delivering
order_service-1     |   Courier 5: status=delivering
order_service-1     | [Order 20] No idle couriers available
order_service-1     | INFO:     172.18.0.7:49338 - "POST /api/orders/20/assign HTTP/1.1" 200 OK
order_service-1     | [Order 19] Found 5 couriers
order_service-1     |   Courier 1: status=delivering
order_service-1     |   Courier 2: status=delivering
order_service-1     |   Courier 3: status=delivering
order_service-1     |   Courier 4: status=delivering
order_service-1     |   Courier 5: status=delivering
order_service-1     | [Order 19] No idle couriers available
order_service-1     | INFO:     172.18.0.7:49338 - "POST /api/orders/19/assign HTTP/1.1" 200 OK
order_service-1     | [Order 18] Found 5 couriers
order_service-1     |   Courier 1: status=delivering
order_service-1     |   Courier 2: status=delivering
order_service-1     |   Courier 3: status=delivering
order_service-1     |   Courier 4: status=delivering
order_service-1     |   Courier 5: status=delivering
order_service-1     | [Order 18] No idle couriers available
order_service-1     | INFO:     172.18.0.7:49338 - "POST /api/orders/18/assign HTTP/1.1" 200 OK
order_service-1     | [Order 17] Found 5 couriers
order_service-1     |   Courier 1: status=delivering
order_service-1     |   Courier 2: status=delivering
order_service-1     |   Courier 3: status=delivering
order_service-1     |   Courier 4: status=delivering
order_service-1     |   Courier 5: status=delivering
order_service-1     | [Order 17] No idle couriers available
order_service-1     | INFO:     172.18.0.7:49338 - "POST /api/orders/17/assign HTTP/1.1" 200 OK
order_service-1     | [Order 16] Found 5 couriers
order_service-1     |   Courier 1: status=delivering
order_service-1     |   Courier 2: status=delivering
order_service-1     |   Courier 3: status=delivering
order_service-1     |   Courier 4: status=delivering
order_service-1     |   Courier 5: status=delivering
order_service-1     | [Order 16] No idle couriers available
order_service-1     | INFO:     172.18.0.7:49338 - "POST /api/orders/16/assign HTTP/1.1" 200 OK
order_service-1     | [Order 15] Found 5 couriers
order_service-1     |   Courier 1: status=delivering
order_service-1     |   Courier 2: status=delivering
order_service-1     |   Courier 3: status=delivering
order_service-1     |   Courier 4: status=delivering
order_service-1     |   Courier 5: status=delivering
order_service-1     | [Order 15] No idle couriers available
order_service-1     | INFO:     172.18.0.7:49338 - "POST /api/orders/15/assign HTTP/1.1" 200 OK
order_service-1     | [Order 14] Found 5 couriers
order_service-1     |   Courier 1: status=delivering
order_service-1     |   Courier 2: status=delivering
order_service-1     |   Courier 3: status=delivering
order_service-1     |   Courier 4: status=delivering
order_service-1     |   Courier 5: status=delivering
order_service-1     | [Order 14] No idle couriers available
order_service-1     | INFO:     172.18.0.7:49338 - "POST /api/orders/14/assign HTTP/1.1" 200 OK
order_service-1     | [Order 13] Found 5 couriers
order_service-1     |   Courier 1: status=delivering
order_service-1     |   Courier 2: status=delivering
order_service-1     |   Courier 3: status=delivering
order_service-1     |   Courier 4: status=delivering
order_service-1     |   Courier 5: status=delivering
order_service-1     | [Order 13] No idle couriers available
order_service-1     | INFO:     172.18.0.7:49338 - "POST /api/orders/13/assign HTTP/1.1" 200 OK
order_service-1     | [Order 12] Found 5 couriers
order_service-1     |   Courier 1: status=delivering
order_service-1     |   Courier 2: status=delivering
order_service-1     |   Courier 3: status=delivering
order_service-1     |   Courier 4: status=delivering
order_service-1     |   Courier 5: status=delivering
order_service-1     | [Order 12] No idle couriers available
order_service-1     | INFO:     172.18.0.7:49338 - "POST /api/orders/12/assign HTTP/1.1" 200 OK
order_service-1     | [Order 11] Found 5 couriers
order_service-1     |   Courier 1: status=delivering
order_service-1     |   Courier 2: status=delivering
order_service-1     |   Courier 3: status=delivering
order_service-1     |   Courier 4: status=delivering
order_service-1     |   Courier 5: status=delivering
order_service-1     | [Order 11] No idle couriers available
order_service-1     | INFO:     172.18.0.7:49338 - "POST /api/orders/11/assign HTTP/1.1" 200 OK
order_service-1     | [Order 10] Found 5 couriers
order_service-1     |   Courier 1: status=delivering
order_service-1     |   Courier 2: status=delivering
order_service-1     |   Courier 3: status=delivering
order_service-1     |   Courier 4: status=delivering
order_service-1     |   Courier 5: status=delivering
order_service-1     | [Order 10] No idle couriers available
order_service-1     | INFO:     172.18.0.7:49338 - "POST /api/orders/10/assign HTTP/1.1" 200 OK
order_service-1     | [Order 9] Found 5 couriers
order_service-1     |   Courier 1: status=delivering
order_service-1     |   Courier 2: status=delivering
order_service-1     |   Courier 3: status=delivering
order_service-1     |   Courier 4: status=delivering
order_service-1     |   Courier 5: status=delivering
order_service-1     | [Order 9] No idle couriers available
order_service-1     | INFO:     172.18.0.7:49338 - "POST /api/orders/9/assign HTTP/1.1" 200 OK
order_service-1     | [Order 8] Found 5 couriers
order_service-1     |   Courier 1: status=delivering
order_service-1     |   Courier 2: status=delivering
order_service-1     |   Courier 3: status=delivering
order_service-1     |   Courier 4: status=delivering
order_service-1     |   Courier 5: status=delivering
order_service-1     | [Order 8] No idle couriers available
courier_service-1   | INFO:     172.18.0.6:48744 - "GET /api/couriers/ HTTP/1.1" 200 OK
courier_service-1   | Ответ assign для заказа 2: 200 - {"status":"no_couriers_available"}
courier_service-1   | Маршрут для заказа 1: 0 -> 7 = [0, 7]
courier_service-1   | INFO:     172.18.0.6:48756 - "GET /api/couriers/ HTTP/1.1" 200 OK
courier_service-1   | Ответ assign для заказа 1: 200 - {"status":"no_couriers_available"}
courier_service-1   | INFO:     172.18.0.8:48930 - "GET /api/couriers/ HTTP/1.1" 200 OK
courier_service-1   | INFO:     172.18.0.8:48936 - "GET /api/couriers/ HTTP/1.1" 200 OK
courier_service-1   | Найдено 20 заказов без курьеров
courier_service-1   | Маршрут для заказа 20: 23 -> 44 = [23, 44]
courier_service-1   | INFO:     172.18.0.6:48758 - "GET /api/couriers/ HTTP/1.1" 200 OK
courier_service-1   | Ответ assign для заказа 20: 200 - {"status":"no_couriers_available"}
courier_service-1   | Маршрут для заказа 19: 6 -> 21 = [6, 21]
courier_service-1   | INFO:     172.18.0.6:48768 - "GET /api/couriers/ HTTP/1.1" 200 OK
courier_service-1   | Ответ assign для заказа 19: 200 - {"status":"no_couriers_available"}
order_service-1     | INFO:     172.18.0.7:49338 - "POST /api/orders/8/assign HTTP/1.1" 200 OK
order_service-1     | [Order 7] Found 5 couriers
order_service-1     |   Courier 1: status=delivering
order_service-1     |   Courier 2: status=delivering
order_service-1     |   Courier 3: status=delivering
order_service-1     |   Courier 4: status=delivering
order_service-1     |   Courier 5: status=delivering
order_service-1     | [Order 7] No idle couriers available
order_service-1     | INFO:     172.18.0.7:49338 - "POST /api/orders/7/assign HTTP/1.1" 200 OK
order_service-1     | [Order 6] Found 5 couriers
order_service-1     |   Courier 1: status=delivering
order_service-1     |   Courier 2: status=delivering
order_service-1     |   Courier 3: status=delivering
order_service-1     |   Courier 4: status=delivering
order_service-1     |   Courier 5: status=delivering
order_service-1     | [Order 6] No idle couriers available
courier_service-1   | Маршрут для заказа 18: 39 -> 48 = [39, 48]
courier_service-1   | INFO:     172.18.0.6:48780 - "GET /api/couriers/ HTTP/1.1" 200 OK
courier_service-1   | Ответ assign для заказа 18: 200 - {"status":"no_couriers_available"}
courier_service-1   | Маршрут для заказа 17: 22 -> 25 = [22, 25]
courier_service-1   | INFO:     172.18.0.6:48784 - "GET /api/couriers/ HTTP/1.1" 200 OK
courier_service-1   | Ответ assign для заказа 17: 200 - {"status":"no_couriers_available"}
courier_service-1   | Маршрут для заказа 16: 5 -> 2 = [5, 2]
courier_service-1   | INFO:     172.18.0.6:48800 - "GET /api/couriers/ HTTP/1.1" 200 OK
courier_service-1   | Ответ assign для заказа 16: 200 - {"status":"no_couriers_available"}
courier_service-1   | Маршрут для заказа 15: 38 -> 29 = [38, 29]
courier_service-1   | INFO:     172.18.0.6:48814 - "GET /api/couriers/ HTTP/1.1" 200 OK
courier_service-1   | Ответ assign для заказа 15: 200 - {"status":"no_couriers_available"}
courier_service-1   | Маршрут для заказа 14: 21 -> 6 = [21, 6]
courier_service-1   | INFO:     172.18.0.6:48820 - "GET /api/couriers/ HTTP/1.1" 200 OK
courier_service-1   | Ответ assign для заказа 14: 200 - {"status":"no_couriers_available"}
courier_service-1   | Маршрут для заказа 13: 4 -> 33 = [4, 33]
courier_service-1   | INFO:     172.18.0.6:48824 - "GET /api/couriers/ HTTP/1.1" 200 OK
courier_service-1   | Ответ assign для заказа 13: 200 - {"status":"no_couriers_available"}
courier_service-1   | Маршрут для заказа 12: 37 -> 10 = [37, 10]
courier_service-1   | INFO:     172.18.0.6:48838 - "GET /api/couriers/ HTTP/1.1" 200 OK
courier_service-1   | Ответ assign для заказа 12: 200 - {"status":"no_couriers_available"}
courier_service-1   | Маршрут для заказа 11: 20 -> 37 = [20, 37]
courier_service-1   | INFO:     172.18.0.6:48844 - "GET /api/couriers/ HTTP/1.1" 200 OK
courier_service-1   | Ответ assign для заказа 11: 200 - {"status":"no_couriers_available"}
courier_service-1   | Маршрут для заказа 10: 3 -> 14 = [3, 14]
courier_service-1   | INFO:     172.18.0.6:48858 - "GET /api/couriers/ HTTP/1.1" 200 OK
courier_service-1   | Ответ assign для заказа 10: 200 - {"status":"no_couriers_available"}
courier_service-1   | Маршрут для заказа 9: 36 -> 41 = [36, 41]
courier_service-1   | INFO:     172.18.0.6:48864 - "GET /api/couriers/ HTTP/1.1" 200 OK
courier_service-1   | Ответ assign для заказа 9: 200 - {"status":"no_couriers_available"}
courier_service-1   | Маршрут для заказа 8: 19 -> 18 = [19, 18]
courier_service-1   | INFO:     172.18.0.6:48866 - "GET /api/couriers/ HTTP/1.1" 200 OK
courier_service-1   | Ответ assign для заказа 8: 200 - {"status":"no_couriers_available"}
courier_service-1   | Маршрут для заказа 7: 2 -> 45 = [2, 45]
courier_service-1   | INFO:     172.18.0.6:48874 - "GET /api/couriers/ HTTP/1.1" 200 OK
courier_service-1   | Ответ assign для заказа 7: 200 - {"status":"no_couriers_available"}
courier_service-1   | Маршрут для заказа 6: 35 -> 22 = [35, 22]
courier_service-1   | INFO:     172.18.0.6:48880 - "GET /api/couriers/ HTTP/1.1" 200 OK
courier_service-1   | Ответ assign для заказа 6: 200 - {"status":"no_couriers_available"}
courier_service-1   | Маршрут для заказа 5: 18 -> 49 = [18, 49]
courier_service-1   | INFO:     172.18.0.6:48892 - "GET /api/couriers/ HTTP/1.1" 200 OK
courier_service-1   | Ответ assign для заказа 5: 200 - {"status":"no_couriers_available"}
courier_service-1   | Маршрут для заказа 4: 1 -> 26 = [1, 26]
courier_service-1   | INFO:     172.18.0.6:48908 - "GET /api/couriers/ HTTP/1.1" 200 OK
order_service-1     | INFO:     172.18.0.7:49338 - "POST /api/orders/6/assign HTTP/1.1" 200 OK
order_service-1     | [Order 5] Found 5 couriers
order_service-1     |   Courier 1: status=delivering
order_service-1     |   Courier 2: status=delivering
order_service-1     |   Courier 3: status=delivering
order_service-1     |   Courier 4: status=delivering
order_service-1     |   Courier 5: status=delivering
order_service-1     | [Order 5] No idle couriers available
order_service-1     | INFO:     172.18.0.7:49338 - "POST /api/orders/5/assign HTTP/1.1" 200 OK
order_service-1     | [Order 4] Found 5 couriers
order_service-1     |   Courier 1: status=delivering
order_service-1     |   Courier 2: status=delivering
order_service-1     |   Courier 3: status=delivering
order_service-1     |   Courier 4: status=delivering
order_service-1     |   Courier 5: status=delivering
order_service-1     | [Order 4] No idle couriers available
courier_service-1   | Ответ assign для заказа 4: 200 - {"status":"no_couriers_available"}
order_service-1     | INFO:     172.18.0.7:49338 - "POST /api/orders/4/assign HTTP/1.1" 200 OK
order_service-1     | [Order 3] Found 5 couriers
order_service-1     |   Courier 1: status=delivering
order_service-1     |   Courier 2: status=delivering
order_service-1     |   Courier 3: status=delivering
order_service-1     |   Courier 4: status=delivering
order_service-1     |   Courier 5: status=delivering
order_service-1     | [Order 3] No idle couriers available
order_service-1     | INFO:     172.18.0.7:49338 - "POST /api/orders/3/assign HTTP/1.1" 200 OK
order_service-1     | [Order 2] Found 5 couriers
order_service-1     |   Courier 1: status=delivering
order_service-1     |   Courier 2: status=delivering
order_service-1     |   Courier 3: status=delivering
order_service-1     |   Courier 4: status=delivering
order_service-1     |   Courier 5: status=delivering
order_service-1     | [Order 2] No idle couriers available
order_service-1     | INFO:     172.18.0.7:49338 - "POST /api/orders/2/assign HTTP/1.1" 200 OK
order_service-1     | [Order 1] Found 5 couriers
order_service-1     |   Courier 1: status=delivering
order_service-1     |   Courier 2: status=delivering
order_service-1     |   Courier 3: status=delivering
order_service-1     |   Courier 4: status=delivering
order_service-1     |   Courier 5: status=delivering
order_service-1     | [Order 1] No idle couriers available
order_service-1     | INFO:     172.18.0.7:49338 - "POST /api/orders/1/assign HTTP/1.1" 200 OK
order_service-1     | INFO:     172.18.0.8:48536 - "GET /api/orders/ HTTP/1.1" 200 OK
order_service-1     | INFO:     172.18.0.7:49352 - "GET /api/orders/ HTTP/1.1" 200 OK
order_service-1     | [Order 20] Found 5 couriers
order_service-1     |   Courier 1: status=delivering
order_service-1     |   Courier 2: status=delivering
order_service-1     |   Courier 3: status=delivering
order_service-1     |   Courier 4: status=delivering
order_service-1     |   Courier 5: status=delivering
order_service-1     | [Order 20] No idle couriers available
courier_service-1   | Маршрут для заказа 3: 34 -> 3 = [34, 3]
courier_service-1   | INFO:     172.18.0.6:48920 - "GET /api/couriers/ HTTP/1.1" 200 OK
courier_service-1   | Ответ assign для заказа 3: 200 - {"status":"no_couriers_available"}
courier_service-1   | Маршрут для заказа 2: 17 -> 30 = [17, 30]
courier_service-1   | INFO:     172.18.0.6:48924 - "GET /api/couriers/ HTTP/1.1" 200 OK
courier_service-1   | Ответ assign для заказа 2: 200 - {"status":"no_couriers_available"}
courier_service-1   | Маршрут для заказа 1: 0 -> 7 = [0, 7]
courier_service-1   | INFO:     172.18.0.6:48938 - "GET /api/couriers/ HTTP/1.1" 200 OK
courier_service-1   | Ответ assign для заказа 1: 200 - {"status":"no_couriers_available"}
courier_service-1   | INFO:     172.18.0.8:48940 - "GET /api/couriers/ HTTP/1.1" 200 OK
courier_service-1   | INFO:     172.18.0.8:48956 - "GET /api/couriers/ HTTP/1.1" 200 OK
courier_service-1   | Найдено 20 заказов без курьеров
courier_service-1   | Маршрут для заказа 20: 23 -> 44 = [23, 44]
order_service-1     | INFO:     172.18.0.7:49352 - "POST /api/orders/20/assign HTTP/1.1" 200 OK
order_service-1     | [Order 19] Found 5 couriers
order_service-1     |   Courier 1: status=delivering
order_service-1     |   Courier 2: status=delivering
order_service-1     |   Courier 3: status=delivering
order_service-1     |   Courier 4: status=delivering
order_service-1     |   Courier 5: status=delivering
order_service-1     | [Order 19] No idle couriers available
order_service-1     | INFO:     172.18.0.7:49352 - "POST /api/orders/19/assign HTTP/1.1" 200 OK
order_service-1     | [Order 18] Found 5 couriers
order_service-1     |   Courier 1: status=delivering
order_service-1     |   Courier 2: status=delivering
order_service-1     |   Courier 3: status=delivering
order_service-1     |   Courier 4: status=delivering
order_service-1     |   Courier 5: status=delivering
order_service-1     | [Order 18] No idle couriers available
order_service-1     | INFO:     172.18.0.7:49352 - "POST /api/orders/18/assign HTTP/1.1" 200 OK
order_service-1     | [Order 17] Found 5 couriers
order_service-1     |   Courier 1: status=delivering
order_service-1     |   Courier 2: status=delivering
order_service-1     |   Courier 3: status=delivering
order_service-1     |   Courier 4: status=delivering
order_service-1     |   Courier 5: status=delivering
order_service-1     | [Order 17] No idle couriers available
order_service-1     | INFO:     172.18.0.7:49352 - "POST /api/orders/17/assign HTTP/1.1" 200 OK
order_service-1     | [Order 16] Found 5 couriers
order_service-1     |   Courier 1: status=delivering
order_service-1     |   Courier 2: status=delivering
order_service-1     |   Courier 3: status=delivering
order_service-1     |   Courier 4: status=delivering
order_service-1     |   Courier 5: status=delivering
order_service-1     | [Order 16] No idle couriers available
order_service-1     | INFO:     172.18.0.7:49352 - "POST /api/orders/16/assign HTTP/1.1" 200 OK
order_service-1     | [Order 15] Found 5 couriers
order_service-1     |   Courier 1: status=delivering
courier_service-1   | INFO:     172.18.0.6:48952 - "GET /api/couriers/ HTTP/1.1" 200 OK
courier_service-1   | Ответ assign для заказа 20: 200 - {"status":"no_couriers_available"}
courier_service-1   | Маршрут для заказа 19: 6 -> 21 = [6, 21]
order_service-1     |   Courier 2: status=delivering
order_service-1     |   Courier 3: status=delivering
order_service-1     |   Courier 4: status=delivering
order_service-1     |   Courier 5: status=delivering
order_service-1     | [Order 15] No idle couriers available
order_service-1     | INFO:     172.18.0.7:49352 - "POST /api/orders/15/assign HTTP/1.1" 200 OK
order_service-1     | [Order 14] Found 5 couriers
order_service-1     |   Courier 1: status=delivering
order_service-1     |   Courier 2: status=delivering
order_service-1     |   Courier 3: status=delivering
order_service-1     |   Courier 4: status=delivering
order_service-1     |   Courier 5: status=delivering
order_service-1     | [Order 14] No idle couriers available
order_service-1     | INFO:     172.18.0.7:49352 - "POST /api/orders/14/assign HTTP/1.1" 200 OK
order_service-1     | [Order 13] Found 5 couriers
order_service-1     |   Courier 1: status=delivering
order_service-1     |   Courier 2: status=delivering
order_service-1     |   Courier 3: status=delivering
order_service-1     |   Courier 4: status=delivering
order_service-1     |   Courier 5: status=delivering
courier_service-1   | INFO:     172.18.0.6:48964 - "GET /api/couriers/ HTTP/1.1" 200 OK
courier_service-1   | Ответ assign для заказа 19: 200 - {"status":"no_couriers_available"}
order_service-1     | [Order 13] No idle couriers available
order_service-1     | INFO:     172.18.0.7:49352 - "POST /api/orders/13/assign HTTP/1.1" 200 OK
order_service-1     | [Order 12] Found 5 couriers
order_service-1     |   Courier 1: status=delivering
order_service-1     |   Courier 2: status=delivering
order_service-1     |   Courier 3: status=delivering
order_service-1     |   Courier 4: status=delivering
order_service-1     |   Courier 5: status=delivering
order_service-1     | [Order 12] No idle couriers available
order_service-1     | INFO:     172.18.0.7:49352 - "POST /api/orders/12/assign HTTP/1.1" 200 OK
order_service-1     | [Order 11] Found 5 couriers
order_service-1     |   Courier 1: status=delivering
courier_service-1   | Маршрут для заказа 18: 39 -> 48 = [39, 48]
order_service-1     |   Courier 2: status=delivering
order_service-1     |   Courier 3: status=delivering
order_service-1     |   Courier 4: status=delivering
order_service-1     |   Courier 5: status=delivering
order_service-1     | [Order 11] No idle couriers available
order_service-1     | INFO:     172.18.0.7:49352 - "POST /api/orders/11/assign HTTP/1.1" 200 OK
order_service-1     | [Order 10] Found 5 couriers
order_service-1     |   Courier 1: status=delivering
order_service-1     |   Courier 2: status=delivering
order_service-1     |   Courier 3: status=delivering
order_service-1     |   Courier 4: status=delivering
order_service-1     |   Courier 5: status=delivering
order_service-1     | [Order 10] No idle couriers available
order_service-1     | INFO:     172.18.0.7:49352 - "POST /api/orders/10/assign HTTP/1.1" 200 OK
order_service-1     | [Order 9] Found 5 couriers
order_service-1     |   Courier 1: status=delivering
order_service-1     |   Courier 2: status=delivering
order_service-1     |   Courier 3: status=delivering
order_service-1     |   Courier 4: status=delivering
order_service-1     |   Courier 5: status=delivering
order_service-1     | [Order 9] No idle couriers available
order_service-1     | INFO:     172.18.0.7:49352 - "POST /api/orders/9/assign HTTP/1.1" 200 OK
order_service-1     | [Order 8] Found 5 couriers
order_service-1     |   Courier 1: status=delivering
order_service-1     |   Courier 2: status=delivering
order_service-1     |   Courier 3: status=delivering
order_service-1     |   Courier 4: status=delivering
courier_service-1   | INFO:     172.18.0.6:48978 - "GET /api/couriers/ HTTP/1.1" 200 OK
courier_service-1   | Ответ assign для заказа 18: 200 - {"status":"no_couriers_available"}
courier_service-1   | Маршрут для заказа 17: 22 -> 25 = [22, 25]
courier_service-1   | INFO:     172.18.0.6:48994 - "GET /api/couriers/ HTTP/1.1" 200 OK
courier_service-1   | Ответ assign для заказа 17: 200 - {"status":"no_couriers_available"}
courier_service-1   | Маршрут для заказа 16: 5 -> 2 = [5, 2]
courier_service-1   | INFO:     172.18.0.6:48996 - "GET /api/couriers/ HTTP/1.1" 200 OK
courier_service-1   | Ответ assign для заказа 16: 200 - {"status":"no_couriers_available"}
courier_service-1   | Маршрут для заказа 15: 38 -> 29 = [38, 29]
courier_service-1   | INFO:     172.18.0.6:49010 - "GET /api/couriers/ HTTP/1.1" 200 OK
courier_service-1   | Ответ assign для заказа 15: 200 - {"status":"no_couriers_available"}
courier_service-1   | Маршрут для заказа 14: 21 -> 6 = [21, 6]
courier_service-1   | INFO:     172.18.0.6:49020 - "GET /api/couriers/ HTTP/1.1" 200 OK
courier_service-1   | Ответ assign для заказа 14: 200 - {"status":"no_couriers_available"}
courier_service-1   | Маршрут для заказа 13: 4 -> 33 = [4, 33]
courier_service-1   | INFO:     172.18.0.6:49034 - "GET /api/couriers/ HTTP/1.1" 200 OK
courier_service-1   | Ответ assign для заказа 13: 200 - {"status":"no_couriers_available"}
courier_service-1   | Маршрут для заказа 12: 37 -> 10 = [37, 10]
courier_service-1   | INFO:     172.18.0.6:49048 - "GET /api/couriers/ HTTP/1.1" 200 OK
courier_service-1   | Ответ assign для заказа 12: 200 - {"status":"no_couriers_available"}
courier_service-1   | Маршрут для заказа 11: 20 -> 37 = [20, 37]
courier_service-1   | INFO:     172.18.0.6:49062 - "GET /api/couriers/ HTTP/1.1" 200 OK
order_service-1     |   Courier 5: status=delivering
order_service-1     | [Order 8] No idle couriers available
order_service-1     | INFO:     172.18.0.7:49352 - "POST /api/orders/8/assign HTTP/1.1" 200 OK
order_service-1     | [Order 7] Found 5 couriers
order_service-1     |   Courier 1: status=delivering
order_service-1     |   Courier 2: status=delivering
order_service-1     |   Courier 3: status=delivering
order_service-1     |   Courier 4: status=delivering
order_service-1     |   Courier 5: status=delivering
order_service-1     | [Order 7] No idle couriers available
order_service-1     | INFO:     172.18.0.7:49352 - "POST /api/orders/7/assign HTTP/1.1" 200 OK
order_service-1     | [Order 6] Found 5 couriers
order_service-1     |   Courier 1: status=delivering
order_service-1     |   Courier 2: status=delivering
order_service-1     |   Courier 3: status=delivering
order_service-1     |   Courier 4: status=delivering
order_service-1     |   Courier 5: status=delivering
order_service-1     | [Order 6] No idle couriers available
order_service-1     | INFO:     172.18.0.7:49352 - "POST /api/orders/6/assign HTTP/1.1" 200 OK
order_service-1     | [Order 5] Found 5 couriers
order_service-1     |   Courier 1: status=delivering
order_service-1     |   Courier 2: status=delivering
order_service-1     |   Courier 3: status=delivering
order_service-1     |   Courier 4: status=delivering
order_service-1     |   Courier 5: status=delivering
order_service-1     | [Order 5] No idle couriers available
order_service-1     | INFO:     172.18.0.7:49352 - "POST /api/orders/5/assign HTTP/1.1" 200 OK
order_service-1     | [Order 4] Found 5 couriers
order_service-1     |   Courier 1: status=delivering
order_service-1     |   Courier 2: status=delivering
order_service-1     |   Courier 3: status=delivering
order_service-1     |   Courier 4: status=delivering
order_service-1     |   Courier 5: status=delivering
order_service-1     | [Order 4] No idle couriers available
order_service-1     | INFO:     172.18.0.7:49352 - "POST /api/orders/4/assign HTTP/1.1" 200 OK
order_service-1     | [Order 3] Found 5 couriers
order_service-1     |   Courier 1: status=delivering
order_service-1     |   Courier 2: status=delivering
order_service-1     |   Courier 3: status=delivering
courier_service-1   | Ответ assign для заказа 11: 200 - {"status":"no_couriers_available"}
courier_service-1   | Маршрут для заказа 10: 3 -> 14 = [3, 14]
courier_service-1   | INFO:     172.18.0.6:49078 - "GET /api/couriers/ HTTP/1.1" 200 OK
courier_service-1   | Ответ assign для заказа 10: 200 - {"status":"no_couriers_available"}
courier_service-1   | Маршрут для заказа 9: 36 -> 41 = [36, 41]
courier_service-1   | INFO:     172.18.0.6:49082 - "GET /api/couriers/ HTTP/1.1" 200 OK
courier_service-1   | Ответ assign для заказа 9: 200 - {"status":"no_couriers_available"}
courier_service-1   | Маршрут для заказа 8: 19 -> 18 = [19, 18]
courier_service-1   | INFO:     172.18.0.3:33138 - "GET /metrics HTTP/1.1" 200 OK
courier_service-1   | INFO:     172.18.0.6:49096 - "GET /api/couriers/ HTTP/1.1" 200 OK
courier_service-1   | Ответ assign для заказа 8: 200 - {"status":"no_couriers_available"}
courier_service-1   | Маршрут для заказа 7: 2 -> 45 = [2, 45]
courier_service-1   | INFO:     172.18.0.6:49098 - "GET /api/couriers/ HTTP/1.1" 200 OK
courier_service-1   | Ответ assign для заказа 7: 200 - {"status":"no_couriers_available"}
courier_service-1   | Маршрут для заказа 6: 35 -> 22 = [35, 22]
courier_service-1   | INFO:     172.18.0.6:49112 - "GET /api/couriers/ HTTP/1.1" 200 OK
courier_service-1   | Ответ assign для заказа 6: 200 - {"status":"no_couriers_available"}
courier_service-1   | Маршрут для заказа 5: 18 -> 49 = [18, 49]
courier_service-1   | INFO:     172.18.0.6:49120 - "GET /api/couriers/ HTTP/1.1" 200 OK
courier_service-1   | Ответ assign для заказа 5: 200 - {"status":"no_couriers_available"}
courier_service-1   | Маршрут для заказа 4: 1 -> 26 = [1, 26]
courier_service-1   | INFO:     172.18.0.6:49136 - "GET /api/couriers/ HTTP/1.1" 200 OK
courier_service-1   | Ответ assign для заказа 4: 200 - {"status":"no_couriers_available"}
courier_service-1   | Маршрут для заказа 3: 34 -> 3 = [34, 3]
courier_service-1   | INFO:     172.18.0.6:49150 - "GET /api/couriers/ HTTP/1.1" 200 OK
courier_service-1   | Ответ assign для заказа 3: 200 - {"status":"no_couriers_available"}
courier_service-1   | Маршрут для заказа 2: 17 -> 30 = [17, 30]
courier_service-1   | INFO:     172.18.0.6:49162 - "GET /api/couriers/ HTTP/1.1" 200 OK
courier_service-1   | Ответ assign для заказа 2: 200 - {"status":"no_couriers_available"}
courier_service-1   | Маршрут для заказа 1: 0 -> 7 = [0, 7]
courier_service-1   | INFO:     172.18.0.6:49176 - "GET /api/couriers/ HTTP/1.1" 200 OK
courier_service-1   | INFO:     Shutting down
courier_service-1   | INFO:     Waiting for application shutdown.
courier_service-1   | INFO:     Application shutdown complete.
courier_service-1   | INFO:     Finished server process [1]
courier_service-1   | Ответ assign для заказа 1: 200 - {"status":"no_couriers_available"}
order_service-1     |   Courier 4: status=delivering
order_service-1     |   Courier 5: status=delivering
order_service-1     | [Order 3] No idle couriers available
order_service-1     | INFO:     172.18.0.7:49352 - "POST /api/orders/3/assign HTTP/1.1" 200 OK
order_service-1     | [Order 2] Found 5 couriers
order_service-1     |   Courier 1: status=delivering
order_service-1     |   Courier 2: status=delivering
order_service-1     |   Courier 3: status=delivering
order_service-1     |   Courier 4: status=delivering
order_service-1     |   Courier 5: status=delivering
order_service-1     | [Order 2] No idle couriers available
order_service-1     | INFO:     172.18.0.7:49352 - "POST /api/orders/2/assign HTTP/1.1" 200 OK
order_service-1     | [Order 1] Found 5 couriers
order_service-1     |   Courier 1: status=delivering
order_service-1     |   Courier 2: status=delivering
order_service-1     |   Courier 3: status=delivering
order_service-1     |   Courier 4: status=delivering
order_service-1     |   Courier 5: status=delivering
order_service-1     | [Order 1] No idle couriers available
order_service-1     | INFO:     172.18.0.7:49352 - "POST /api/orders/1/assign HTTP/1.1" 200 OK
order_service-1     | INFO:     172.18.0.8:35818 - "GET /api/orders/ HTTP/1.1" 200 OK
order_service-1     | INFO:     172.18.0.7:50678 - "GET /api/orders/ HTTP/1.1" 200 OK
order_service-1     | [Order 20] Found 5 couriers
order_service-1     |   Courier 1: status=delivering
order_service-1     |   Courier 2: status=delivering
order_service-1     |   Courier 3: status=delivering
order_service-1     |   Courier 4: status=delivering
order_service-1     |   Courier 5: status=delivering
order_service-1     | [Order 20] No idle couriers available
order_service-1     | INFO:     172.18.0.7:50678 - "POST /api/orders/20/assign HTTP/1.1" 200 OK
order_service-1     | [Order 19] Found 5 couriers
order_service-1     |   Courier 1: status=delivering
order_service-1     |   Courier 2: status=delivering
order_service-1     |   Courier 3: status=delivering
order_service-1     |   Courier 4: status=delivering
order_service-1     |   Courier 5: status=delivering
order_service-1     | [Order 19] No idle couriers available
order_service-1     | INFO:     172.18.0.7:50678 - "POST /api/orders/19/assign HTTP/1.1" 200 OK
order_service-1     | [Order 18] Found 5 couriers
order_service-1     |   Courier 1: status=delivering
order_service-1     |   Courier 2: status=delivering
order_service-1     |   Courier 3: status=delivering
order_service-1     |   Courier 4: status=delivering
order_service-1     |   Courier 5: status=delivering
order_service-1     | [Order 18] No idle couriers available
order_service-1     | INFO:     172.18.0.7:50678 - "POST /api/orders/18/assign HTTP/1.1" 200 OK
order_service-1     | [Order 17] Found 5 couriers
order_service-1     |   Courier 1: status=delivering
order_service-1     |   Courier 2: status=delivering
order_service-1     |   Courier 3: status=delivering
order_service-1     |   Courier 4: status=delivering
order_service-1     |   Courier 5: status=delivering
order_service-1     | [Order 17] No idle couriers available
order_service-1     | INFO:     172.18.0.7:50678 - "POST /api/orders/17/assign HTTP/1.1" 200 OK
order_service-1     | [Order 16] Found 5 couriers
order_service-1     |   Courier 1: status=delivering
order_service-1     |   Courier 2: status=delivering
order_service-1     |   Courier 3: status=delivering
order_service-1     |   Courier 4: status=delivering
order_service-1     |   Courier 5: status=delivering
order_service-1     | [Order 16] No idle couriers available
order_service-1     | INFO:     172.18.0.7:50678 - "POST /api/orders/16/assign HTTP/1.1" 200 OK
order_service-1     | [Order 15] Found 5 couriers
order_service-1     |   Courier 1: status=delivering
order_service-1     |   Courier 2: status=delivering
order_service-1     |   Courier 3: status=delivering
order_service-1     |   Courier 4: status=delivering
order_service-1     |   Courier 5: status=delivering
order_service-1     | [Order 15] No idle couriers available
order_service-1     | INFO:     172.18.0.7:50678 - "POST /api/orders/15/assign HTTP/1.1" 200 OK
order_service-1     | [Order 14] Found 5 couriers
order_service-1     |   Courier 1: status=delivering
order_service-1     |   Courier 2: status=delivering
order_service-1     |   Courier 3: status=delivering
order_service-1     |   Courier 4: status=delivering
order_service-1     |   Courier 5: status=delivering
order_service-1     | [Order 14] No idle couriers available
order_service-1     | INFO:     172.18.0.7:50678 - "POST /api/orders/14/assign HTTP/1.1" 200 OK
order_service-1     | [Order 13] Found 5 couriers
order_service-1     |   Courier 1: status=delivering
order_service-1     |   Courier 2: status=delivering
order_service-1     |   Courier 3: status=delivering
order_service-1     |   Courier 4: status=delivering
order_service-1     |   Courier 5: status=delivering
order_service-1     | [Order 13] No idle couriers available
order_service-1     | INFO:     172.18.0.7:50678 - "POST /api/orders/13/assign HTTP/1.1" 200 OK
order_service-1     | [Order 12] Found 5 couriers
order_service-1     |   Courier 1: status=delivering
order_service-1     |   Courier 2: status=delivering
order_service-1     |   Courier 3: status=delivering
order_service-1     |   Courier 4: status=delivering
order_service-1     |   Courier 5: status=delivering
order_service-1     | [Order 12] No idle couriers available
order_service-1     | INFO:     172.18.0.7:50678 - "POST /api/orders/12/assign HTTP/1.1" 200 OK
order_service-1     | [Order 11] Found 5 couriers
order_service-1     |   Courier 1: status=delivering
order_service-1     |   Courier 2: status=delivering
order_service-1     |   Courier 3: status=delivering
order_service-1     |   Courier 4: status=delivering
order_service-1     |   Courier 5: status=delivering
order_service-1     | [Order 11] No idle couriers available
order_service-1     | INFO:     172.18.0.7:50678 - "POST /api/orders/11/assign HTTP/1.1" 200 OK
order_service-1     | [Order 10] Found 5 couriers
order_service-1     |   Courier 1: status=delivering
order_service-1     |   Courier 2: status=delivering
order_service-1     |   Courier 3: status=delivering
order_service-1     |   Courier 4: status=delivering
order_service-1     |   Courier 5: status=delivering
order_service-1     | [Order 10] No idle couriers available
order_service-1     | INFO:     172.18.0.7:50678 - "POST /api/orders/10/assign HTTP/1.1" 200 OK
order_service-1     | [Order 9] Found 5 couriers
order_service-1     |   Courier 1: status=delivering
order_service-1     |   Courier 2: status=delivering
order_service-1     |   Courier 3: status=delivering
order_service-1     |   Courier 4: status=delivering
order_service-1     |   Courier 5: status=delivering
order_service-1     | [Order 9] No idle couriers available
order_service-1     | INFO:     172.18.0.7:50678 - "POST /api/orders/9/assign HTTP/1.1" 200 OK
order_service-1     | [Order 8] Found 5 couriers
order_service-1     |   Courier 1: status=delivering
order_service-1     |   Courier 2: status=delivering
order_service-1     |   Courier 3: status=delivering
order_service-1     |   Courier 4: status=delivering
order_service-1     |   Courier 5: status=delivering
order_service-1     | [Order 8] No idle couriers available
order_service-1     | INFO:     172.18.0.7:50678 - "POST /api/orders/8/assign HTTP/1.1" 200 OK
order_service-1     | [Order 7] Found 5 couriers
order_service-1     |   Courier 1: status=delivering
order_service-1     |   Courier 2: status=delivering
order_service-1     |   Courier 3: status=delivering
order_service-1     |   Courier 4: status=delivering
order_service-1     |   Courier 5: status=delivering
order_service-1     | [Order 7] No idle couriers available
order_service-1     | INFO:     172.18.0.7:50678 - "POST /api/orders/7/assign HTTP/1.1" 200 OK
order_service-1     | [Order 6] Found 5 couriers
order_service-1     |   Courier 1: status=delivering
order_service-1     |   Courier 2: status=delivering
order_service-1     |   Courier 3: status=delivering
order_service-1     |   Courier 4: status=delivering
order_service-1     |   Courier 5: status=delivering
order_service-1     | [Order 6] No idle couriers available
order_service-1     | INFO:     172.18.0.7:50678 - "POST /api/orders/6/assign HTTP/1.1" 200 OK
order_service-1     | [Order 5] Found 5 couriers
order_service-1     |   Courier 1: status=delivering
order_service-1     |   Courier 2: status=delivering
order_service-1     |   Courier 3: status=delivering
order_service-1     |   Courier 4: status=delivering
order_service-1     |   Courier 5: status=delivering
order_service-1     | [Order 5] No idle couriers available
order_service-1     | INFO:     172.18.0.7:50678 - "POST /api/orders/5/assign HTTP/1.1" 200 OK
order_service-1     | [Order 4] Found 5 couriers
order_service-1     |   Courier 1: status=delivering
order_service-1     |   Courier 2: status=delivering
order_service-1     |   Courier 3: status=delivering
order_service-1     |   Courier 4: status=delivering
order_service-1     |   Courier 5: status=delivering
order_service-1     | [Order 4] No idle couriers available
order_service-1     | INFO:     172.18.0.7:50678 - "POST /api/orders/4/assign HTTP/1.1" 200 OK
order_service-1     | [Order 3] Found 5 couriers
order_service-1     |   Courier 1: status=delivering
order_service-1     |   Courier 2: status=delivering
order_service-1     |   Courier 3: status=delivering
order_service-1     |   Courier 4: status=delivering
order_service-1     |   Courier 5: status=delivering
order_service-1     | [Order 3] No idle couriers available
order_service-1     | INFO:     172.18.0.7:50678 - "POST /api/orders/3/assign HTTP/1.1" 200 OK
order_service-1     | [Order 2] Found 5 couriers
order_service-1     |   Courier 1: status=delivering
order_service-1     |   Courier 2: status=delivering
order_service-1     |   Courier 3: status=delivering
order_service-1     |   Courier 4: status=delivering
order_service-1     |   Courier 5: status=delivering
order_service-1     | [Order 2] No idle couriers available
order_service-1     | INFO:     172.18.0.7:50678 - "POST /api/orders/2/assign HTTP/1.1" 200 OK
order_service-1     | [Order 1] Found 5 couriers
order_service-1     |   Courier 1: status=delivering
order_service-1     |   Courier 2: status=delivering
order_service-1     |   Courier 3: status=delivering
order_service-1     |   Courier 4: status=delivering
order_service-1     |   Courier 5: status=delivering
order_service-1     | [Order 1] No idle couriers available
order_service-1     | INFO:     172.18.0.7:50678 - "POST /api/orders/1/assign HTTP/1.1" 200 OK
order_service-1     | INFO:     172.18.0.8:35834 - "GET /api/orders/ HTTP/1.1" 200 OK
order_service-1     | INFO:     172.18.0.7:50682 - "GET /api/orders/ HTTP/1.1" 200 OK
order_service-1     | [Order 20] Found 5 couriers
order_service-1     |   Courier 1: status=delivering
order_service-1     |   Courier 2: status=delivering
order_service-1     |   Courier 3: status=delivering
order_service-1     |   Courier 4: status=delivering
order_service-1     |   Courier 5: status=delivering
order_service-1     | [Order 20] No idle couriers available
order_service-1     | INFO:     172.18.0.7:50682 - "POST /api/orders/20/assign HTTP/1.1" 200 OK
order_service-1     | [Order 19] Found 5 couriers
order_service-1     |   Courier 1: status=delivering
order_service-1     |   Courier 2: status=delivering
order_service-1     |   Courier 3: status=delivering
order_service-1     |   Courier 4: status=delivering
order_service-1     |   Courier 5: status=delivering
order_service-1     | [Order 19] No idle couriers available
order_service-1     | INFO:     172.18.0.7:50682 - "POST /api/orders/19/assign HTTP/1.1" 200 OK
order_service-1     | [Order 18] Found 5 couriers
order_service-1     |   Courier 1: status=delivering
order_service-1     |   Courier 2: status=delivering
order_service-1     |   Courier 3: status=delivering
order_service-1     |   Courier 4: status=delivering
order_service-1     |   Courier 5: status=delivering
order_service-1     | [Order 18] No idle couriers available
order_service-1     | INFO:     172.18.0.7:50682 - "POST /api/orders/18/assign HTTP/1.1" 200 OK
order_service-1     | [Order 17] Found 5 couriers
order_service-1     |   Courier 1: status=delivering
order_service-1     |   Courier 2: status=delivering
order_service-1     |   Courier 3: status=delivering
order_service-1     |   Courier 4: status=delivering
order_service-1     |   Courier 5: status=delivering
order_service-1     | [Order 17] No idle couriers available
order_service-1     | INFO:     172.18.0.7:50682 - "POST /api/orders/17/assign HTTP/1.1" 200 OK
order_service-1     | [Order 16] Found 5 couriers
order_service-1     |   Courier 1: status=delivering
order_service-1     |   Courier 2: status=delivering
order_service-1     |   Courier 3: status=delivering
order_service-1     |   Courier 4: status=delivering
order_service-1     |   Courier 5: status=delivering
order_service-1     | [Order 16] No idle couriers available
order_service-1     | INFO:     172.18.0.7:50682 - "POST /api/orders/16/assign HTTP/1.1" 200 OK
order_service-1     | [Order 15] Found 5 couriers
order_service-1     |   Courier 1: status=delivering
order_service-1     |   Courier 2: status=delivering
order_service-1     |   Courier 3: status=delivering
order_service-1     |   Courier 4: status=delivering
order_service-1     |   Courier 5: status=delivering
order_service-1     | [Order 15] No idle couriers available
order_service-1     | INFO:     172.18.0.7:50682 - "POST /api/orders/15/assign HTTP/1.1" 200 OK
order_service-1     | [Order 14] Found 5 couriers
order_service-1     |   Courier 1: status=delivering
order_service-1     |   Courier 2: status=delivering
order_service-1     |   Courier 3: status=delivering
order_service-1     |   Courier 4: status=delivering
order_service-1     |   Courier 5: status=delivering
order_service-1     | [Order 14] No idle couriers available
order_service-1     | INFO:     172.18.0.7:50682 - "POST /api/orders/14/assign HTTP/1.1" 200 OK
order_service-1     | [Order 13] Found 5 couriers
order_service-1     |   Courier 1: status=delivering
order_service-1     |   Courier 2: status=delivering
order_service-1     |   Courier 3: status=delivering
order_service-1     |   Courier 4: status=delivering
order_service-1     |   Courier 5: status=delivering
order_service-1     | [Order 13] No idle couriers available
order_service-1     | INFO:     172.18.0.7:50682 - "POST /api/orders/13/assign HTTP/1.1" 200 OK
order_service-1     | [Order 12] Found 5 couriers
order_service-1     |   Courier 1: status=delivering
order_service-1     |   Courier 2: status=delivering
order_service-1     |   Courier 3: status=delivering
order_service-1     |   Courier 4: status=delivering
order_service-1     |   Courier 5: status=delivering
order_service-1     | [Order 12] No idle couriers available
order_service-1     | INFO:     172.18.0.7:50682 - "POST /api/orders/12/assign HTTP/1.1" 200 OK
order_service-1     | [Order 11] Found 5 couriers
order_service-1     |   Courier 1: status=delivering
order_service-1     |   Courier 2: status=delivering
order_service-1     |   Courier 3: status=delivering
order_service-1     |   Courier 4: status=delivering
order_service-1     |   Courier 5: status=delivering
order_service-1     | [Order 11] No idle couriers available
order_service-1     | INFO:     172.18.0.7:50682 - "POST /api/orders/11/assign HTTP/1.1" 200 OK
order_service-1     | [Order 10] Found 5 couriers
order_service-1     |   Courier 1: status=delivering
order_service-1     |   Courier 2: status=delivering
order_service-1     |   Courier 3: status=delivering
order_service-1     |   Courier 4: status=delivering
order_service-1     |   Courier 5: status=delivering
order_service-1     | [Order 10] No idle couriers available
order_service-1     | INFO:     172.18.0.7:50682 - "POST /api/orders/10/assign HTTP/1.1" 200 OK
order_service-1     | [Order 9] Found 5 couriers
order_service-1     |   Courier 1: status=delivering
order_service-1     |   Courier 2: status=delivering
order_service-1     |   Courier 3: status=delivering
order_service-1     |   Courier 4: status=delivering
order_service-1     |   Courier 5: status=delivering
order_service-1     | [Order 9] No idle couriers available
order_service-1     | INFO:     172.18.0.7:50682 - "POST /api/orders/9/assign HTTP/1.1" 200 OK
order_service-1     | [Order 8] Found 5 couriers
order_service-1     |   Courier 1: status=delivering
order_service-1     |   Courier 2: status=delivering
order_service-1     |   Courier 3: status=delivering
order_service-1     |   Courier 4: status=delivering
order_service-1     |   Courier 5: status=delivering
order_service-1     | [Order 8] No idle couriers available
order_service-1     | INFO:     172.18.0.7:50682 - "POST /api/orders/8/assign HTTP/1.1" 200 OK
order_service-1     | [Order 7] Found 5 couriers
order_service-1     |   Courier 1: status=delivering
order_service-1     |   Courier 2: status=delivering
order_service-1     |   Courier 3: status=delivering
order_service-1     |   Courier 4: status=delivering
order_service-1     |   Courier 5: status=delivering
order_service-1     | [Order 7] No idle couriers available
order_service-1     | INFO:     172.18.0.7:50682 - "POST /api/orders/7/assign HTTP/1.1" 200 OK
order_service-1     | [Order 6] Found 5 couriers
order_service-1     |   Courier 1: status=delivering
order_service-1     |   Courier 2: status=delivering
order_service-1     |   Courier 3: status=delivering
order_service-1     |   Courier 4: status=delivering
order_service-1     |   Courier 5: status=delivering
order_service-1     | [Order 6] No idle couriers available
order_service-1     | INFO:     172.18.0.7:50682 - "POST /api/orders/6/assign HTTP/1.1" 200 OK
order_service-1     | [Order 5] Found 5 couriers
order_service-1     |   Courier 1: status=delivering
order_service-1     |   Courier 2: status=delivering
order_service-1     |   Courier 3: status=delivering
order_service-1     |   Courier 4: status=delivering
order_service-1     |   Courier 5: status=delivering
order_service-1     | [Order 5] No idle couriers available
order_service-1     | INFO:     172.18.0.7:50682 - "POST /api/orders/5/assign HTTP/1.1" 200 OK
order_service-1     | [Order 4] Found 5 couriers
order_service-1     |   Courier 1: status=delivering
order_service-1     |   Courier 2: status=delivering
order_service-1     |   Courier 3: status=delivering
order_service-1     |   Courier 4: status=delivering
order_service-1     |   Courier 5: status=delivering
order_service-1     | [Order 4] No idle couriers available
order_service-1     | INFO:     172.18.0.7:50682 - "POST /api/orders/4/assign HTTP/1.1" 200 OK
order_service-1     | [Order 3] Found 5 couriers
order_service-1     |   Courier 1: status=delivering
order_service-1     |   Courier 2: status=delivering
order_service-1     |   Courier 3: status=delivering
order_service-1     |   Courier 4: status=delivering
order_service-1     |   Courier 5: status=delivering
order_service-1     | [Order 3] No idle couriers available
order_service-1     | INFO:     172.18.0.7:50682 - "POST /api/orders/3/assign HTTP/1.1" 200 OK
order_service-1     | [Order 2] Found 5 couriers
order_service-1     |   Courier 1: status=delivering
order_service-1     |   Courier 2: status=delivering
order_service-1     |   Courier 3: status=delivering
order_service-1     |   Courier 4: status=delivering
order_service-1     |   Courier 5: status=delivering
order_service-1     | [Order 2] No idle couriers available
order_service-1     | INFO:     172.18.0.7:50682 - "POST /api/orders/2/assign HTTP/1.1" 200 OK
order_service-1     | [Order 1] Found 5 couriers
order_service-1     |   Courier 1: status=delivering
order_service-1     |   Courier 2: status=delivering
order_service-1     |   Courier 3: status=delivering
order_service-1     |   Courier 4: status=delivering
order_service-1     |   Courier 5: status=delivering
order_service-1     | [Order 1] No idle couriers available
order_service-1     | INFO:     172.18.0.7:50682 - "POST /api/orders/1/assign HTTP/1.1" 200 OK
order_service-1     | INFO:     172.18.0.8:35850 - "GET /api/orders/ HTTP/1.1" 200 OK
order_service-1     | INFO:     172.18.0.7:50684 - "GET /api/orders/ HTTP/1.1" 200 OK
order_service-1     | [Order 20] Found 5 couriers
order_service-1     |   Courier 1: status=delivering
order_service-1     |   Courier 2: status=delivering
order_service-1     |   Courier 3: status=delivering
order_service-1     |   Courier 4: status=delivering
order_service-1     |   Courier 5: status=delivering
order_service-1     | [Order 20] No idle couriers available
order_service-1     | INFO:     172.18.0.7:50684 - "POST /api/orders/20/assign HTTP/1.1" 200 OK
order_service-1     | [Order 19] Found 5 couriers
order_service-1     |   Courier 1: status=delivering
order_service-1     |   Courier 2: status=delivering
order_service-1     |   Courier 3: status=delivering
order_service-1     |   Courier 4: status=delivering
order_service-1     |   Courier 5: status=delivering
order_service-1     | [Order 19] No idle couriers available
order_service-1     | INFO:     172.18.0.7:50684 - "POST /api/orders/19/assign HTTP/1.1" 200 OK
order_service-1     | [Order 18] Found 5 couriers
order_service-1     |   Courier 1: status=delivering
order_service-1     |   Courier 2: status=delivering
order_service-1     |   Courier 3: status=delivering
order_service-1     |   Courier 4: status=delivering
order_service-1     |   Courier 5: status=delivering
order_service-1     | [Order 18] No idle couriers available
order_service-1     | INFO:     172.18.0.7:50684 - "POST /api/orders/18/assign HTTP/1.1" 200 OK
order_service-1     | [Order 17] Found 5 couriers
order_service-1     |   Courier 1: status=delivering
order_service-1     |   Courier 2: status=delivering
order_service-1     |   Courier 3: status=delivering
order_service-1     |   Courier 4: status=delivering
order_service-1     |   Courier 5: status=delivering
order_service-1     | [Order 17] No idle couriers available
order_service-1     | INFO:     172.18.0.7:50684 - "POST /api/orders/17/assign HTTP/1.1" 200 OK
order_service-1     | [Order 16] Found 5 couriers
order_service-1     |   Courier 1: status=delivering
order_service-1     |   Courier 2: status=delivering
order_service-1     |   Courier 3: status=delivering
order_service-1     |   Courier 4: status=delivering
order_service-1     |   Courier 5: status=delivering
order_service-1     | [Order 16] No idle couriers available
order_service-1     | INFO:     172.18.0.7:50684 - "POST /api/orders/16/assign HTTP/1.1" 200 OK
order_service-1     | [Order 15] Found 5 couriers
order_service-1     |   Courier 1: status=delivering
order_service-1     |   Courier 2: status=delivering
order_service-1     |   Courier 3: status=delivering
order_service-1     |   Courier 4: status=delivering
order_service-1     |   Courier 5: status=delivering
order_service-1     | [Order 15] No idle couriers available
order_service-1     | INFO:     172.18.0.7:50684 - "POST /api/orders/15/assign HTTP/1.1" 200 OK
order_service-1     | [Order 14] Found 5 couriers
order_service-1     |   Courier 1: status=delivering
order_service-1     |   Courier 2: status=delivering
order_service-1     |   Courier 3: status=delivering
order_service-1     |   Courier 4: status=delivering
order_service-1     |   Courier 5: status=delivering
order_service-1     | [Order 14] No idle couriers available
order_service-1     | INFO:     172.18.0.7:50684 - "POST /api/orders/14/assign HTTP/1.1" 200 OK
order_service-1     | [Order 13] Found 5 couriers
order_service-1     |   Courier 1: status=delivering
order_service-1     |   Courier 2: status=delivering
order_service-1     |   Courier 3: status=delivering
order_service-1     |   Courier 4: status=delivering
order_service-1     |   Courier 5: status=delivering
order_service-1     | [Order 13] No idle couriers available
order_service-1     | INFO:     172.18.0.7:50684 - "POST /api/orders/13/assign HTTP/1.1" 200 OK
order_service-1     | [Order 12] Found 5 couriers
order_service-1     |   Courier 1: status=delivering
order_service-1     |   Courier 2: status=delivering
order_service-1     |   Courier 3: status=delivering
order_service-1     |   Courier 4: status=delivering
order_service-1     |   Courier 5: status=delivering
order_service-1     | [Order 12] No idle couriers available
order_service-1     | INFO:     172.18.0.7:50684 - "POST /api/orders/12/assign HTTP/1.1" 200 OK
order_service-1     | [Order 11] Found 5 couriers
order_service-1     |   Courier 1: status=delivering
order_service-1     |   Courier 2: status=delivering
order_service-1     |   Courier 3: status=delivering
order_service-1     |   Courier 4: status=delivering
order_service-1     |   Courier 5: status=delivering
order_service-1     | [Order 11] No idle couriers available
order_service-1     | INFO:     172.18.0.7:50684 - "POST /api/orders/11/assign HTTP/1.1" 200 OK
order_service-1     | [Order 10] Found 5 couriers
order_service-1     |   Courier 1: status=delivering
order_service-1     |   Courier 2: status=delivering
order_service-1     |   Courier 3: status=delivering
order_service-1     |   Courier 4: status=delivering
order_service-1     |   Courier 5: status=delivering
order_service-1     | [Order 10] No idle couriers available
order_service-1     | INFO:     172.18.0.7:50684 - "POST /api/orders/10/assign HTTP/1.1" 200 OK
order_service-1     | [Order 9] Found 5 couriers
order_service-1     |   Courier 1: status=delivering
order_service-1     |   Courier 2: status=delivering
order_service-1     |   Courier 3: status=delivering
order_service-1     |   Courier 4: status=delivering
order_service-1     |   Courier 5: status=delivering
order_service-1     | [Order 9] No idle couriers available
order_service-1     | INFO:     172.18.0.7:50684 - "POST /api/orders/9/assign HTTP/1.1" 200 OK
order_service-1     | [Order 8] Found 5 couriers
order_service-1     |   Courier 1: status=delivering
order_service-1     |   Courier 2: status=delivering
order_service-1     |   Courier 3: status=delivering
order_service-1     |   Courier 4: status=delivering
order_service-1     |   Courier 5: status=delivering
order_service-1     | [Order 8] No idle couriers available
order_service-1     | INFO:     172.18.0.7:50684 - "POST /api/orders/8/assign HTTP/1.1" 200 OK
order_service-1     | [Order 7] Found 5 couriers
order_service-1     |   Courier 1: status=delivering
order_service-1     |   Courier 2: status=delivering
order_service-1     |   Courier 3: status=delivering
order_service-1     |   Courier 4: status=delivering
order_service-1     |   Courier 5: status=delivering
order_service-1     | [Order 7] No idle couriers available
order_service-1     | INFO:     172.18.0.7:50684 - "POST /api/orders/7/assign HTTP/1.1" 200 OK
order_service-1     | [Order 6] Found 5 couriers
order_service-1     |   Courier 1: status=delivering
order_service-1     |   Courier 2: status=delivering
order_service-1     |   Courier 3: status=delivering
order_service-1     |   Courier 4: status=delivering
order_service-1     |   Courier 5: status=delivering
order_service-1     | [Order 6] No idle couriers available
order_service-1     | INFO:     172.18.0.7:50684 - "POST /api/orders/6/assign HTTP/1.1" 200 OK
order_service-1     | [Order 5] Found 5 couriers
order_service-1     |   Courier 1: status=delivering
order_service-1     |   Courier 2: status=delivering
order_service-1     |   Courier 3: status=delivering
order_service-1     |   Courier 4: status=delivering
order_service-1     |   Courier 5: status=delivering
order_service-1     | [Order 5] No idle couriers available
order_service-1     | INFO:     172.18.0.7:50684 - "POST /api/orders/5/assign HTTP/1.1" 200 OK
order_service-1     | [Order 4] Found 5 couriers
order_service-1     |   Courier 1: status=delivering
order_service-1     |   Courier 2: status=delivering
order_service-1     |   Courier 3: status=delivering
order_service-1     |   Courier 4: status=delivering
order_service-1     |   Courier 5: status=delivering
order_service-1     | [Order 4] No idle couriers available
order_service-1     | INFO:     172.18.0.7:50684 - "POST /api/orders/4/assign HTTP/1.1" 200 OK
order_service-1     | [Order 3] Found 5 couriers
order_service-1     |   Courier 1: status=delivering
order_service-1     |   Courier 2: status=delivering
order_service-1     |   Courier 3: status=delivering
order_service-1     |   Courier 4: status=delivering
order_service-1     |   Courier 5: status=delivering
order_service-1     | [Order 3] No idle couriers available
order_service-1     | INFO:     172.18.0.7:50684 - "POST /api/orders/3/assign HTTP/1.1" 200 OK
order_service-1     | [Order 2] Found 5 couriers
order_service-1     |   Courier 1: status=delivering
order_service-1     |   Courier 2: status=delivering
order_service-1     |   Courier 3: status=delivering
order_service-1     |   Courier 4: status=delivering
order_service-1     |   Courier 5: status=delivering
order_service-1     | [Order 2] No idle couriers available
order_service-1     | INFO:     172.18.0.7:50684 - "POST /api/orders/2/assign HTTP/1.1" 200 OK
order_service-1     | [Order 1] Found 5 couriers
order_service-1     |   Courier 1: status=delivering
order_service-1     |   Courier 2: status=delivering
order_service-1     |   Courier 3: status=delivering
order_service-1     |   Courier 4: status=delivering
order_service-1     |   Courier 5: status=delivering
order_service-1     | [Order 1] No idle couriers available
order_service-1     | INFO:     172.18.0.7:50684 - "POST /api/orders/1/assign HTTP/1.1" 200 OK
order_service-1     | INFO:     Shutting down
order_service-1     | INFO:     Waiting for application shutdown.
order_service-1     | INFO:     Application shutdown complete.
order_service-1     | INFO:     Finished server process [1]
