postgres_order-1  | The files belonging to this database system will be owned by user "postgres".
postgres_order-1  | This user must also own the server process.
postgres_order-1  | 
postgres_order-1  | The database cluster will be initialized with locale "en_US.utf8".
postgres_order-1  | The default database encoding has accordingly been set to "UTF8".
postgres_order-1  | The default text search configuration will be set to "english".
postgres_order-1  | 
postgres_order-1  | Data page checksums are disabled.
postgres_order-1  | 
postgres_order-1  | fixing permissions on existing directory /var/lib/postgresql/data ... ok
postgres_order-1  | creating subdirectories ... ok
postgres_order-1  | selecting dynamic shared memory implementation ... posix
postgres_courier-1  | The files belonging to this database system will be owned by user "postgres".
postgres_courier-1  | This user must also own the server process.
postgres_order-1    | selecting default max_connections ... 100
postgres_courier-1  | 
postgres_courier-1  | The database cluster will be initialized with locale "en_US.utf8".
postgres_courier-1  | The default database encoding has accordingly been set to "UTF8".
postgres_courier-1  | The default text search configuration will be set to "english".
postgres_courier-1  | 
postgres_courier-1  | Data page checksums are disabled.
postgres_order-1    | selecting default shared_buffers ... 128MB
postgres_order-1    | selecting default time zone ... UTC
postgres_order-1    | creating configuration files ... ok
postgres_order-1    | running bootstrap script ... ok
postgres_order-1    | sh: locale: not found
postgres_order-1    | 2026-05-04 10:30:03.520 UTC [35] WARNING:  no usable system locales were found
postgres_order-1    | performing post-bootstrap initialization ... ok
postgres_order-1    | initdb: warning: enabling "trust" authentication for local connections
postgres_order-1    | syncing data to disk ... ok
postgres_order-1    | 
postgres_order-1    | 
postgres_order-1    | Success. You can now start the database server using:
postgres_order-1    | 
postgres_order-1    |     pg_ctl -D /var/lib/postgresql/data -l logfile start
postgres_order-1    | 
postgres_order-1    | initdb: hint: You can change this by editing pg_hba.conf or using the option -A, or --auth-local and --auth-host, the next time you run initdb.
postgres_order-1    | waiting for server to start....2026-05-04 10:30:03.804 UTC [41] LOG:  starting PostgreSQL 15.17 on x86_64-pc-linux-musl, compiled by gcc (Alpine 15.2.0) 15.2.0, 64-bit
postgres_order-1    | 2026-05-04 10:30:03.805 UTC [41] LOG:  listening on Unix socket "/var/run/postgresql/.s.PGSQL.5432"
postgres_order-1    | 2026-05-04 10:30:03.806 UTC [44] LOG:  database system was shut down at 2026-05-04 10:30:03 UTC
postgres_order-1    | 2026-05-04 10:30:03.808 UTC [41] LOG:  database system is ready to accept connections
postgres_order-1    |  done
postgres_order-1    | server started
postgres_order-1    | CREATE DATABASE
postgres_order-1    | 
postgres_order-1    | 
postgres_order-1    | /usr/local/bin/docker-entrypoint.sh: ignoring /docker-entrypoint-initdb.d/*
postgres_order-1    | 
postgres_order-1    | waiting for server to shut down....2026-05-04 10:30:03.925 UTC [41] LOG:  received fast shutdown request
postgres_order-1    | 2026-05-04 10:30:03.926 UTC [41] LOG:  aborting any active transactions
postgres_order-1    | 2026-05-04 10:30:03.927 UTC [41] LOG:  background worker "logical replication launcher" (PID 47) exited with exit code 1
postgres_order-1    | 2026-05-04 10:30:03.927 UTC [42] LOG:  shutting down
postgres_order-1    | 2026-05-04 10:30:03.927 UTC [42] LOG:  checkpoint starting: shutdown immediate
postgres_order-1    | 2026-05-04 10:30:03.941 UTC [42] LOG:  checkpoint complete: wrote 921 buffers (5.6%); 0 WAL file(s) added, 0 removed, 0 recycled; write=0.008 s, sync=0.006 s, total=0.015 s; sync files=301, longest=0.001 s, average=0.001 s; distance=4239 kB, estimate=4239 kB
postgres_order-1    | 2026-05-04 10:30:03.944 UTC [41] LOG:  database system is shut down
postgres_order-1    |  done
postgres_order-1    | server stopped
postgres_order-1    | 
postgres_order-1    | PostgreSQL init process complete; ready for start up.
postgres_order-1    | 
postgres_order-1    | 2026-05-04 10:30:04.038 UTC [1] LOG:  starting PostgreSQL 15.17 on x86_64-pc-linux-musl, compiled by gcc (Alpine 15.2.0) 15.2.0, 64-bit
postgres_order-1    | 2026-05-04 10:30:04.038 UTC [1] LOG:  listening on IPv4 address "0.0.0.0", port 5432
postgres_order-1    | 2026-05-04 10:30:04.038 UTC [1] LOG:  listening on IPv6 address "::", port 5432
postgres_order-1    | 2026-05-04 10:30:04.039 UTC [1] LOG:  listening on Unix socket "/var/run/postgresql/.s.PGSQL.5432"
postgres_order-1    | 2026-05-04 10:30:04.040 UTC [57] LOG:  database system was shut down at 2026-05-04 10:30:03 UTC
postgres_order-1    | 2026-05-04 10:30:04.043 UTC [1] LOG:  database system is ready to accept connections
postgres_courier-1  | 
postgres_courier-1  | fixing permissions on existing directory /var/lib/postgresql/data ... ok
postgres_courier-1  | creating subdirectories ... ok
postgres_courier-1  | selecting dynamic shared memory implementation ... posix
postgres_courier-1  | selecting default max_connections ... 100
postgres_courier-1  | selecting default shared_buffers ... 128MB
postgres_courier-1  | selecting default time zone ... UTC
postgres_courier-1  | creating configuration files ... ok
postgres_courier-1  | running bootstrap script ... ok
postgres_courier-1  | sh: locale: not found
postgres_courier-1  | 2026-05-04 10:30:03.493 UTC [35] WARNING:  no usable system locales were found
postgres_courier-1  | performing post-bootstrap initialization ... ok
postgres_courier-1  | initdb: warning: enabling "trust" authentication for local connections
postgres_courier-1  | initdb: hint: You can change this by editing pg_hba.conf or using the option -A, or --auth-local and --auth-host, the next time you run initdb.
postgres_courier-1  | syncing data to disk ... ok
postgres_courier-1  | 
postgres_courier-1  | 
web_service-1       | INFO:     Started server process [1]
web_service-1       | INFO:     Waiting for application startup.
web_service-1       | INFO:     Application startup complete.
postgres_courier-1  | Success. You can now start the database server using:
postgres_courier-1  | 
web_service-1       | INFO:     Uvicorn running on http://0.0.0.0:5000 (Press CTRL+C to quit)
postgres_courier-1  |     pg_ctl -D /var/lib/postgresql/data -l logfile start
web_service-1       | INFO:web_service.main:Fetching couriers from http://courier_service:8002/api/couriers/
web_service-1       | INFO:web_service.main:Fetching orders from http://order_service:8001/api/orders/
web_service-1       | INFO:httpx:HTTP Request: GET http://courier_service:8002/api/couriers/ "HTTP/1.1 200 OK"
postgres_courier-1  | 
postgres_courier-1  | waiting for server to start....2026-05-04 10:30:03.761 UTC [41] LOG:  starting PostgreSQL 15.17 on x86_64-pc-linux-musl, compiled by gcc (Alpine 15.2.0) 15.2.0, 64-bit
postgres_courier-1  | 2026-05-04 10:30:03.762 UTC [41] LOG:  listening on Unix socket "/var/run/postgresql/.s.PGSQL.5432"
postgres_courier-1  | 2026-05-04 10:30:03.764 UTC [44] LOG:  database system was shut down at 2026-05-04 10:30:03 UTC
postgres_courier-1  | 2026-05-04 10:30:03.766 UTC [41] LOG:  database system is ready to accept connections
postgres_courier-1  |  done
postgres_courier-1  | server started
order_service-1     | INFO:     Started server process [1]
order_service-1     | INFO:     Waiting for application startup.
order_service-1     | INFO:     Application startup complete.
order_service-1     | INFO:     Uvicorn running on http://0.0.0.0:8001 (Press CTRL+C to quit)
order_service-1     | INFO:     172.18.0.8:50450 - "GET /api/orders/ HTTP/1.1" 200 OK
order_service-1     | INFO:     172.18.0.8:50452 - "GET /api/orders/ HTTP/1.1" 200 OK
order_service-1     | INFO:     172.18.0.3:58090 - "GET /metrics HTTP/1.1" 200 OK
order_service-1     | INFO:     172.18.0.8:50458 - "POST /api/orders/clear HTTP/1.1" 200 OK
order_service-1     | INFO:     172.18.0.8:50460 - "GET /api/orders/ HTTP/1.1" 200 OK
postgres_courier-1  | CREATE DATABASE
postgres_courier-1  | 
postgres_courier-1  | 
postgres_courier-1  | /usr/local/bin/docker-entrypoint.sh: ignoring /docker-entrypoint-initdb.d/*
postgres_courier-1  | 
postgres_courier-1  | waiting for server to shut down....2026-05-04 10:30:03.894 UTC [41] LOG:  received fast shutdown request
postgres_courier-1  | 2026-05-04 10:30:03.894 UTC [41] LOG:  aborting any active transactions
postgres_courier-1  | 2026-05-04 10:30:03.896 UTC [41] LOG:  background worker "logical replication launcher" (PID 47) exited with exit code 1
postgres_courier-1  | 2026-05-04 10:30:03.896 UTC [42] LOG:  shutting down
postgres_courier-1  | 2026-05-04 10:30:03.896 UTC [42] LOG:  checkpoint starting: shutdown immediate
order_service-1     | INFO:     172.18.0.7:54644 - "POST /api/orders/ HTTP/1.1" 200 OK
order_service-1     | [Order 1] Received assign request: route=[0, 7], type=<class 'list'>
order_service-1     | [Order 1] Found 5 couriers
order_service-1     |   Courier 1: status=idle
order_service-1     |   Courier 2: status=idle
order_service-1     |   Courier 3: status=idle
order_service-1     |   Courier 4: status=idle
order_service-1     |   Courier 5: status=idle
order_service-1     | [Order 1] Trying courier 1 (status=idle)
order_service-1     | [Order 1] Assign response: 200 - {"status":"assigned","courier_id":1,"order_id":1,"route":[0,7]}
order_service-1     | [Order 1] assign_data keys: dict_keys(['status', 'courier_id', 'order_id', 'route']), status: assigned
order_service-1     | [OrderService] assign_courier called: order_id=1, courier_id=1, route=[0, 7], len=2
order_service-1     | [Order 1] Updated order with route: [0, 7]
order_service-1     | INFO:     172.18.0.7:54644 - "POST /api/orders/1/assign HTTP/1.1" 200 OK
order_service-1     | INFO:     172.18.0.7:54644 - "POST /api/orders/ HTTP/1.1" 200 OK
order_service-1     | [Order 2] Received assign request: route=[17, 5, 29, 34, 42, 40, 24, 46, 19, 30], type=<class 'list'>
order_service-1     | [Order 2] Found 5 couriers
order_service-1     |   Courier 2: status=idle
order_service-1     |   Courier 3: status=idle
order_service-1     |   Courier 4: status=idle
order_service-1     |   Courier 5: status=idle
order_service-1     |   Courier 1: status=delivering
order_service-1     | [Order 2] Trying courier 2 (status=idle)
order_service-1     | [Order 2] Assign response: 200 - {"status":"assigned","courier_id":2,"order_id":2,"route":[10,2,7,24,40,42,34,29,5,17,5,29,34,42,40,24,46,19,30]}
order_service-1     | [Order 2] assign_data keys: dict_keys(['status', 'courier_id', 'order_id', 'route']), status: assigned
order_service-1     | [OrderService] assign_courier called: order_id=2, courier_id=2, route=[10, 2, 7, 24, 40, 42, 34, 29, 5, 17, 5, 29, 34, 42, 40, 24, 46, 19, 30], len=19
order_service-1     | [Order 2] Updated order with route: [10, 2, 7, 24, 40, 42, 34, 29, 5, 17, 5, 29, 34, 42, 40, 24, 46, 19, 30]
order_service-1     | INFO:     172.18.0.7:54644 - "POST /api/orders/2/assign HTTP/1.1" 200 OK
order_service-1     | INFO:     172.18.0.7:54644 - "POST /api/orders/ HTTP/1.1" 200 OK
order_service-1     | [Order 3] Received assign request: route=[34, 3], type=<class 'list'>
order_service-1     | [Order 3] Found 5 couriers
order_service-1     |   Courier 3: status=idle
order_service-1     |   Courier 4: status=idle
order_service-1     |   Courier 5: status=idle
order_service-1     |   Courier 1: status=delivering
order_service-1     |   Courier 2: status=delivering
order_service-1     | [Order 3] Trying courier 3 (status=idle)
order_service-1     | [Order 3] Assign response: 200 - {"status":"assigned","courier_id":3,"order_id":3,"route":[20,34,3]}
order_service-1     | [Order 3] assign_data keys: dict_keys(['status', 'courier_id', 'order_id', 'route']), status: assigned
order_service-1     | [OrderService] assign_courier called: order_id=3, courier_id=3, route=[20, 34, 3], len=3
order_service-1     | [Order 3] Updated order with route: [20, 34, 3]
order_service-1     | INFO:     172.18.0.7:54644 - "POST /api/orders/3/assign HTTP/1.1" 200 OK
order_service-1     | INFO:     172.18.0.7:54644 - "POST /api/orders/ HTTP/1.1" 200 OK
order_service-1     | [Order 4] Received assign request: route=[1, 26], type=<class 'list'>
order_service-1     | [Order 4] Found 5 couriers
order_service-1     |   Courier 4: status=idle
order_service-1     |   Courier 5: status=idle
order_service-1     |   Courier 1: status=delivering
order_service-1     |   Courier 2: status=delivering
order_service-1     |   Courier 3: status=delivering
order_service-1     | [Order 4] Trying courier 4 (status=idle)
order_service-1     | [Order 4] Assign response: 200 - {"status":"assigned","courier_id":4,"order_id":4,"route":[30,19,46,24,40,42,1,26]}
order_service-1     | [Order 4] assign_data keys: dict_keys(['status', 'courier_id', 'order_id', 'route']), status: assigned
order_service-1     | [OrderService] assign_courier called: order_id=4, courier_id=4, route=[30, 19, 46, 24, 40, 42, 1, 26], len=8
order_service-1     | [Order 4] Updated order with route: [30, 19, 46, 24, 40, 42, 1, 26]
order_service-1     | INFO:     172.18.0.7:54644 - "POST /api/orders/4/assign HTTP/1.1" 200 OK
order_service-1     | INFO:     172.18.0.7:54644 - "POST /api/orders/ HTTP/1.1" 200 OK
order_service-1     | [Order 5] Received assign request: route=[18, 32, 49], type=<class 'list'>
order_service-1     | [Order 5] Found 5 couriers
order_service-1     |   Courier 5: status=idle
order_service-1     |   Courier 1: status=delivering
order_service-1     |   Courier 2: status=delivering
order_service-1     |   Courier 3: status=delivering
order_service-1     |   Courier 4: status=delivering
order_service-1     | [Order 5] Trying courier 5 (status=idle)
order_service-1     | [Order 5] Assign response: 200 - {"status":"assigned","courier_id":5,"order_id":5,"route":[40,24,46,18,32,49]}
order_service-1     | [Order 5] assign_data keys: dict_keys(['status', 'courier_id', 'order_id', 'route']), status: assigned
order_service-1     | [OrderService] assign_courier called: order_id=5, courier_id=5, route=[40, 24, 46, 18, 32, 49], len=6
order_service-1     | [Order 5] Updated order with route: [40, 24, 46, 18, 32, 49]
order_service-1     | INFO:     172.18.0.7:54644 - "POST /api/orders/5/assign HTTP/1.1" 200 OK
order_service-1     | INFO:     172.18.0.7:54644 - "POST /api/orders/ HTTP/1.1" 200 OK
order_service-1     | [Order 6] Received assign request: route=[35, 22], type=<class 'list'>
order_service-1     | [Order 6] Found 5 couriers
order_service-1     |   Courier 1: status=delivering
order_service-1     |   Courier 2: status=delivering
redis-1             | 1:C 04 May 2026 10:30:03.281 # WARNING Memory overcommit must be enabled! Without it, a background save or replication may fail under low memory condition. Being disabled, it can also cause failures without low memory condition, see https://github.com/jemalloc/jemalloc/issues/1328. To fix this issue add 'vm.overcommit_memory = 1' to /etc/sysctl.conf and then reboot or run the command 'sysctl vm.overcommit_memory=1' for this to take effect.
redis-1             | 1:C 04 May 2026 10:30:03.281 * oO0OoO0OoO0Oo Redis is starting oO0OoO0OoO0Oo
redis-1             | 1:C 04 May 2026 10:30:03.281 * Redis version=7.4.8, bits=64, commit=00000000, modified=0, pid=1, just started
redis-1             | 1:C 04 May 2026 10:30:03.281 # Warning: no config file specified, using the default config. In order to specify a config file use redis-server /path/to/redis.conf
redis-1             | 1:M 04 May 2026 10:30:03.282 * Increased maximum number of open files to 10032 (it was originally set to 1024).
redis-1             | 1:M 04 May 2026 10:30:03.282 * monotonic clock: POSIX clock_gettime
redis-1             | 1:M 04 May 2026 10:30:03.282 * Running mode=standalone, port=6379.
redis-1             | 1:M 04 May 2026 10:30:03.282 * Server initialized
redis-1             | 1:M 04 May 2026 10:30:03.282 * Ready to accept connections tcp
postgres_courier-1  | 2026-05-04 10:30:03.912 UTC [42] LOG:  checkpoint complete: wrote 921 buffers (5.6%); 0 WAL file(s) added, 0 removed, 0 recycled; write=0.006 s, sync=0.009 s, total=0.016 s; sync files=301, longest=0.001 s, average=0.001 s; distance=4239 kB, estimate=4239 kB
postgres_courier-1  | 2026-05-04 10:30:03.916 UTC [41] LOG:  database system is shut down
postgres_courier-1  |  done
postgres_courier-1  | server stopped
postgres_courier-1  | 
postgres_courier-1  | PostgreSQL init process complete; ready for start up.
postgres_courier-1  | 
postgres_courier-1  | 2026-05-04 10:30:04.015 UTC [1] LOG:  starting PostgreSQL 15.17 on x86_64-pc-linux-musl, compiled by gcc (Alpine 15.2.0) 15.2.0, 64-bit
postgres_courier-1  | 2026-05-04 10:30:04.015 UTC [1] LOG:  listening on IPv4 address "0.0.0.0", port 5432
postgres_courier-1  | 2026-05-04 10:30:04.015 UTC [1] LOG:  listening on IPv6 address "::", port 5432
postgres_courier-1  | 2026-05-04 10:30:04.016 UTC [1] LOG:  listening on Unix socket "/var/run/postgresql/.s.PGSQL.5432"
postgres_courier-1  | 2026-05-04 10:30:04.017 UTC [57] LOG:  database system was shut down at 2026-05-04 10:30:03 UTC
postgres_courier-1  | 2026-05-04 10:30:04.019 UTC [1] LOG:  database system is ready to accept connections
postgres_courier-1  | 2026-05-04 10:30:28.216 UTC [147] LOG:  unexpected EOF on client connection with an open transaction
web_service-1       | INFO:web_service.main:Couriers response: 200
web_service-1       | INFO:     172.18.0.1:43366 - "GET /api/couriers HTTP/1.1" 200 OK
web_service-1       | INFO:httpx:HTTP Request: GET http://order_service:8001/api/orders/ "HTTP/1.1 200 OK"
prometheus-1        | time=2026-05-04T10:30:03.265Z level=INFO source=main.go:1678 msg="updated GOGC" old=100 new=75
order_service-1     |   Courier 3: status=delivering
prometheus-1        | time=2026-05-04T10:30:03.267Z level=INFO source=main.go:744 msg="Leaving GOMAXPROCS=12: CPU quota undefined" component=automaxprocs
web_service-1       | INFO:web_service.main:Orders response: 200
prometheus-1        | time=2026-05-04T10:30:03.267Z level=INFO source=memlimit.go:198 msg="GOMEMLIMIT is updated" component=automemlimit package=github.com/KimMachineGun/automemlimit/memlimit GOMEMLIMIT=14808770150 previous=9223372036854775807
order_service-1     |   Courier 4: status=delivering
order_service-1     |   Courier 5: status=delivering
prometheus-1        | time=2026-05-04T10:30:03.267Z level=INFO source=main.go:851 msg="Starting Prometheus Server" mode=server version="(version=3.11.3, branch=HEAD, revision=eb173f5256d4022afba1e9bc3d19740a76859fae)"
prometheus-1        | time=2026-05-04T10:30:03.267Z level=INFO source=main.go:856 msg="operational information" build_context="(go=go1.26.2, platform=linux/amd64, user=root@83aad33dd38e, date=20260427-14:45:32, tags=netgo,builtinassets)" host_details="(Linux 6.17.7-arch1-1 #1 SMP PREEMPT_DYNAMIC Sun, 02 Nov 2025 17:27:22 +0000 x86_64 977a52dbc41c (none))" fd_limits="(soft=524287, hard=524288)" vm_limits="(soft=unlimited, hard=unlimited)"
prometheus-1        | time=2026-05-04T10:30:03.345Z level=INFO source=web.go:710 msg="Start listening for connections" component=web address=0.0.0.0:9090
prometheus-1        | time=2026-05-04T10:30:03.346Z level=INFO source=main.go:1410 msg="Starting TSDB ..."
prometheus-1        | time=2026-05-04T10:30:03.347Z level=INFO source=tls_config.go:354 msg="Listening on" component=web address=[::]:9090
prometheus-1        | time=2026-05-04T10:30:03.347Z level=INFO source=tls_config.go:357 msg="TLS is disabled." component=web http2=false address=[::]:9090
order_service-1     | [Order 6] No idle couriers available
order_service-1     | INFO:     172.18.0.7:54644 - "POST /api/orders/6/assign HTTP/1.1" 200 OK
prometheus-1        | time=2026-05-04T10:30:03.348Z level=INFO source=head.go:698 msg="Replaying on-disk memory mappable chunks if any" component=tsdb
order_service-1     | INFO:     172.18.0.7:54644 - "POST /api/orders/ HTTP/1.1" 200 OK
prometheus-1        | time=2026-05-04T10:30:03.348Z level=INFO source=head.go:784 msg="On-disk memory mappable chunks replay completed" component=tsdb duration=1.006µs
order_service-1     | [Order 7] Received assign request: route=[2, 7, 24, 40, 42, 34, 29, 5, 45], type=<class 'list'>
order_service-1     | [Order 7] Found 5 couriers
order_service-1     |   Courier 1: status=delivering
order_service-1     |   Courier 2: status=delivering
web_service-1       | INFO:     172.18.0.1:43376 - "GET /api/orders HTTP/1.1" 200 OK
web_service-1       | INFO:web_service.main:Fetching couriers from http://courier_service:8002/api/couriers/
web_service-1       | INFO:httpx:HTTP Request: GET http://courier_service:8002/api/couriers/ "HTTP/1.1 200 OK"
order_service-1     |   Courier 3: status=delivering
order_service-1     |   Courier 4: status=delivering
web_service-1       | INFO:web_service.main:Couriers response: 200
web_service-1       | INFO:     172.18.0.1:43376 - "GET /api/couriers HTTP/1.1" 200 OK
web_service-1       | INFO:     172.18.0.1:43376 - "GET / HTTP/1.1" 200 OK
web_service-1       | INFO:     172.18.0.1:43376 - "GET /static/js/script.js HTTP/1.1" 304 Not Modified
web_service-1       | INFO:httpx:HTTP Request: GET http://courier_service:8002/api/graph/nodes "HTTP/1.1 200 OK"
prometheus-1        | time=2026-05-04T10:30:03.348Z level=INFO source=head.go:792 msg="Replaying WAL, this may take a while" component=tsdb
prometheus-1        | time=2026-05-04T10:30:03.348Z level=INFO source=head.go:865 msg="WAL segment loaded" component=tsdb segment=0 maxSegment=0 duration=211.472µs
web_service-1       | INFO:     172.18.0.1:43376 - "GET /api/graph/nodes HTTP/1.1" 200 OK
web_service-1       | INFO:web_service.main:Fetching couriers from http://courier_service:8002/api/couriers/
web_service-1       | INFO:web_service.main:Fetching orders from http://order_service:8001/api/orders/
web_service-1       | INFO:httpx:HTTP Request: GET http://courier_service:8002/api/couriers/ "HTTP/1.1 200 OK"
web_service-1       | INFO:web_service.main:Couriers response: 200
web_service-1       | INFO:httpx:HTTP Request: GET http://order_service:8001/api/orders/ "HTTP/1.1 200 OK"
web_service-1       | INFO:     172.18.0.1:43376 - "GET /api/couriers HTTP/1.1" 200 OK
prometheus-1        | time=2026-05-04T10:30:03.348Z level=INFO source=head.go:902 msg="WAL replay completed" component=tsdb checkpoint_replay_duration=17.748µs wal_replay_duration=227.274µs wbl_replay_duration=128ns chunk_snapshot_load_duration=0s mmap_chunk_replay_duration=1.006µs total_replay_duration=268.755µs
prometheus-1        | time=2026-05-04T10:30:03.349Z level=INFO source=main.go:1431 msg="filesystem information" fs_type=EXT4_SUPER_MAGIC
prometheus-1        | time=2026-05-04T10:30:03.349Z level=INFO source=main.go:1434 msg="TSDB started"
prometheus-1        | time=2026-05-04T10:30:03.349Z level=INFO source=main.go:1632 msg="Loading configuration file" filename=/etc/prometheus/prometheus.yml
prometheus-1        | time=2026-05-04T10:30:03.349Z level=INFO source=main.go:1048 msg="TSDB retention updated" duration=15d size=0B percentage=0
prometheus-1        | time=2026-05-04T10:30:03.349Z level=INFO source=main.go:1671 msg="Completed loading of configuration file" db_storage=21.726µs remote_storage=1.423µs web_handler=346ns query_engine=783ns scrape=181.852µs scrape_sd=22.071µs notify=781ns notify_sd=469ns rules=1.186µs tracing=2.184µs filename=/etc/prometheus/prometheus.yml totalDuration=402.182µs
prometheus-1        | time=2026-05-04T10:30:03.349Z level=INFO source=main.go:1395 msg="Server is ready to receive web requests."
prometheus-1        | time=2026-05-04T10:30:03.349Z level=INFO source=manager.go:209 msg="Starting rule manager..." component="rule manager"
web_service-1       | INFO:web_service.main:Orders response: 200
web_service-1       | INFO:     172.18.0.1:43366 - "GET /api/orders HTTP/1.1" 200 OK
web_service-1       | INFO:     172.18.0.1:43380 - "WebSocket /ws" [accepted]
web_service-1       | INFO:     connection open
web_service-1       | INFO:     172.18.0.1:43396 - "WebSocket /api/orders/ws/web_client" 403
order_service-1     |   Courier 5: status=delivering
order_service-1     | [Order 7] No idle couriers available
web_service-1       | INFO:     connection rejected (403 Forbidden)
web_service-1       | INFO:     connection closed
web_service-1       | INFO:web_service.main:Fetching couriers from http://courier_service:8002/api/couriers/
web_service-1       | INFO:httpx:HTTP Request: GET http://courier_service:8002/api/couriers/ "HTTP/1.1 200 OK"
web_service-1       | INFO:web_service.main:Couriers response: 200
web_service-1       | INFO:     172.18.0.1:43366 - "GET /api/couriers HTTP/1.1" 200 OK
order_service-1     | INFO:     172.18.0.7:54644 - "POST /api/orders/7/assign HTTP/1.1" 200 OK
order_service-1     | INFO:     172.18.0.7:54644 - "POST /api/orders/ HTTP/1.1" 200 OK
order_service-1     | [Order 8] Received assign request: route=[19, 18], type=<class 'list'>
order_service-1     | [Order 8] Found 5 couriers
web_service-1       | INFO:web_service.main:Full simulation: 5 couriers, 20 orders
courier_service-1   | INFO:     Started server process [1]
order_service-1     |   Courier 1: status=delivering
order_service-1     |   Courier 2: status=delivering
order_service-1     |   Courier 3: status=delivering
order_service-1     |   Courier 4: status=delivering
order_service-1     |   Courier 5: status=delivering
order_service-1     | [Order 8] No idle couriers available
order_service-1     | INFO:     172.18.0.7:54644 - "POST /api/orders/8/assign HTTP/1.1" 200 OK
order_service-1     | INFO:     172.18.0.7:54644 - "POST /api/orders/ HTTP/1.1" 200 OK
order_service-1     | [Order 9] Received assign request: route=[36, 41], type=<class 'list'>
order_service-1     | [Order 9] Found 5 couriers
order_service-1     |   Courier 1: status=delivering
courier_service-1   | INFO:     Waiting for application startup.
courier_service-1   | INFO:     Application startup complete.
courier_service-1   | INFO:     Uvicorn running on http://0.0.0.0:8002 (Press CTRL+C to quit)
courier_service-1   | INFO:     172.18.0.8:41940 - "GET /api/couriers/ HTTP/1.1" 200 OK
courier_service-1   | INFO:     172.18.0.8:41954 - "GET /api/couriers/ HTTP/1.1" 200 OK
courier_service-1   | INFO:     172.18.0.8:41964 - "GET /api/graph/nodes HTTP/1.1" 200 OK
courier_service-1   | INFO:     172.18.0.8:41980 - "GET /api/couriers/ HTTP/1.1" 200 OK
courier_service-1   | INFO:     172.18.0.8:41992 - "GET /api/couriers/ HTTP/1.1" 200 OK
courier_service-1   | INFO:     172.18.0.8:42008 - "POST /api/couriers/clear HTTP/1.1" 200 OK
courier_service-1   | === SIMULATE-FULL: courier_count=5, order_count=20 ===
courier_service-1   | INFO:     172.18.0.8:42012 - "GET /api/couriers/ HTTP/1.1" 200 OK
order_service-1     |   Courier 2: status=delivering
order_service-1     |   Courier 3: status=delivering
order_service-1     |   Courier 4: status=delivering
courier_service-1   | INFO:     172.18.0.8:42014 - "GET /api/couriers/ HTTP/1.1" 200 OK
courier_service-1   | Создаём 20 заказов...
courier_service-1   | Создан заказ 1: ресторан=0, клиент=7, статус=200
web_service-1       | INFO:httpx:HTTP Request: POST http://order_service:8001/api/orders/clear "HTTP/1.1 200 OK"
order_service-1     |   Courier 5: status=delivering
order_service-1     | [Order 9] No idle couriers available
web_service-1       | INFO:httpx:HTTP Request: POST http://courier_service:8002/api/couriers/clear "HTTP/1.1 200 OK"
order_service-1     | INFO:     172.18.0.7:54644 - "POST /api/orders/9/assign HTTP/1.1" 200 OK
order_service-1     | INFO:     172.18.0.7:54644 - "POST /api/orders/ HTTP/1.1" 200 OK
web_service-1       | INFO:web_service.main:Fetching couriers from http://courier_service:8002/api/couriers/
web_service-1       | INFO:web_service.main:Fetching orders from http://order_service:8001/api/orders/
web_service-1       | INFO:httpx:HTTP Request: GET http://courier_service:8002/api/couriers/ "HTTP/1.1 200 OK"
web_service-1       | INFO:web_service.main:Couriers response: 200
web_service-1       | INFO:     172.18.0.1:43418 - "GET /api/couriers HTTP/1.1" 200 OK
web_service-1       | INFO:httpx:HTTP Request: GET http://order_service:8001/api/orders/ "HTTP/1.1 200 OK"
web_service-1       | INFO:web_service.main:Orders response: 200
web_service-1       | INFO:     172.18.0.1:43430 - "GET /api/orders HTTP/1.1" 200 OK
web_service-1       | INFO:web_service.main:Fetching couriers from http://courier_service:8002/api/couriers/
courier_service-1   | Маршрут A*: 0 -> 7 = None, dist=inf
courier_service-1   | INFO:     172.18.0.6:42240 - "GET /api/couriers/ HTTP/1.1" 200 OK
courier_service-1   | [assign_order] Received order_id=1, restaurant=0, customer=7, route=[0, 7]
courier_service-1   | Всего курьеров в БД: 5
courier_service-1   |   Курьер 1: Курьер_1, status=CourierStatus.IDLE, current_order_id=None
courier_service-1   |   Курьер 2: Курьер_2, status=CourierStatus.IDLE, current_order_id=None
courier_service-1   |   Курьер 3: Курьер_3, status=CourierStatus.IDLE, current_order_id=None
order_service-1     | [Order 10] Received assign request: route=[3, 14], type=<class 'list'>
order_service-1     | [Order 10] Found 5 couriers
order_service-1     |   Courier 1: status=delivering
order_service-1     |   Courier 2: status=delivering
order_service-1     |   Courier 3: status=delivering
order_service-1     |   Courier 4: status=delivering
courier_service-1   |   Курьер 4: Курьер_4, status=CourierStatus.IDLE, current_order_id=None
courier_service-1   |   Курьер 5: Курьер_5, status=CourierStatus.IDLE, current_order_id=None
courier_service-1   | Пытаемся назначить заказ 1 курьеру 1
courier_service-1   | Маршрут для курьера 1: [0, 7]
courier_service-1   | Успешно назначили курьера 1 на заказ 1
courier_service-1   | INFO:     172.18.0.6:42240 - "POST /api/couriers/assign HTTP/1.1" 200 OK
courier_service-1   | Назначение заказа 1: 200 - {"status":"assigned","courier_id":1,"route":[0,7]}
courier_service-1   | [simulate-full] assign_data for order 1: {'status': 'assigned', 'courier_id': 1, 'route': [0, 7]}
courier_service-1   | Создан заказ 2: ресторан=17, клиент=30, статус=200
courier_service-1   | Маршрут A*: 17 -> 30 = [17, 5, 29, 34, 42, 40, 24, 46, 19, 30], dist=1362.6175535722086
courier_service-1   | INFO:     172.18.0.6:42250 - "GET /api/couriers/ HTTP/1.1" 200 OK
courier_service-1   | [assign_order] Received order_id=2, restaurant=17, customer=30, route=[17, 5, 29, 34, 42, 40, 24, 46, 19, 30]
courier_service-1   | Всего курьеров в БД: 5
courier_service-1   |   Курьер 2: Курьер_2, status=CourierStatus.IDLE, current_order_id=None
courier_service-1   |   Курьер 3: Курьер_3, status=CourierStatus.IDLE, current_order_id=None
courier_service-1   |   Курьер 4: Курьер_4, status=CourierStatus.IDLE, current_order_id=None
courier_service-1   |   Курьер 5: Курьер_5, status=CourierStatus.IDLE, current_order_id=None
courier_service-1   |   Курьер 1: Курьер_1, status=CourierStatus.DELIVERING, current_order_id=1
courier_service-1   | Пытаемся назначить заказ 2 курьеру 2
courier_service-1   | Маршрут для курьера 2: [10, 2, 7, 24, 40, 42, 34, 29, 5, 17, 5, 29, 34, 42, 40, 24, 46, 19, 30]
courier_service-1   | Успешно назначили курьера 2 на заказ 2
courier_service-1   | INFO:     172.18.0.6:42250 - "POST /api/couriers/assign HTTP/1.1" 200 OK
order_service-1     |   Courier 5: status=delivering
order_service-1     | [Order 10] No idle couriers available
order_service-1     | INFO:     172.18.0.7:54644 - "POST /api/orders/10/assign HTTP/1.1" 200 OK
order_service-1     | INFO:     172.18.0.7:54644 - "POST /api/orders/ HTTP/1.1" 200 OK
order_service-1     | [Order 11] Received assign request: route=[20, 37], type=<class 'list'>
order_service-1     | [Order 11] Found 5 couriers
order_service-1     |   Courier 1: status=delivering
courier_service-1   | Назначение заказа 2: 200 - {"status":"assigned","courier_id":2,"route":[10,2,7,24,40,42,34,29,5,17,5,29,34,42,40,24,46,19,30]}
courier_service-1   | [simulate-full] assign_data for order 2: {'status': 'assigned', 'courier_id': 2, 'route': [10, 2, 7, 24, 40, 42, 34, 29, 5, 17, 5, 29, 34, 42, 40, 24, 46, 19, 30]}
courier_service-1   | Создан заказ 3: ресторан=34, клиент=3, статус=200
courier_service-1   | Маршрут A*: 34 -> 3 = None, dist=inf
courier_service-1   | INFO:     172.18.0.6:42264 - "GET /api/couriers/ HTTP/1.1" 200 OK
order_service-1     |   Courier 2: status=delivering
order_service-1     |   Courier 3: status=delivering
order_service-1     |   Courier 4: status=delivering
order_service-1     |   Courier 5: status=delivering
courier_service-1   | [assign_order] Received order_id=3, restaurant=34, customer=3, route=[34, 3]
courier_service-1   | Всего курьеров в БД: 5
courier_service-1   |   Курьер 3: Курьер_3, status=CourierStatus.IDLE, current_order_id=None
web_service-1       | INFO:httpx:HTTP Request: GET http://courier_service:8002/api/couriers/ "HTTP/1.1 200 OK"
web_service-1       | INFO:web_service.main:Couriers response: 200
courier_service-1   |   Курьер 4: Курьер_4, status=CourierStatus.IDLE, current_order_id=None
web_service-1       | INFO:     172.18.0.1:43430 - "GET /api/couriers HTTP/1.1" 200 OK
web_service-1       | INFO:httpx:HTTP Request: POST http://courier_service:8002/api/couriers/simulate-full?courier_count=5&order_count=20 "HTTP/1.1 200 OK"
web_service-1       | INFO:web_service.main:Simulate-full response: 200
order_service-1     | [Order 11] No idle couriers available
order_service-1     | INFO:     172.18.0.7:54644 - "POST /api/orders/11/assign HTTP/1.1" 200 OK
order_service-1     | INFO:     172.18.0.7:54644 - "POST /api/orders/ HTTP/1.1" 200 OK
order_service-1     | [Order 12] Received assign request: route=[37, 7, 2, 10], type=<class 'list'>
order_service-1     | [Order 12] Found 5 couriers
order_service-1     |   Courier 1: status=delivering
courier_service-1   |   Курьер 5: Курьер_5, status=CourierStatus.IDLE, current_order_id=None
courier_service-1   |   Курьер 1: Курьер_1, status=CourierStatus.DELIVERING, current_order_id=1
courier_service-1   |   Курьер 2: Курьер_2, status=CourierStatus.DELIVERING, current_order_id=2
courier_service-1   | Пытаемся назначить заказ 3 курьеру 3
courier_service-1   | Маршрут для курьера 3: [20, 34, 3]
courier_service-1   | Успешно назначили курьера 3 на заказ 3
order_service-1     |   Courier 2: status=delivering
order_service-1     |   Courier 3: status=delivering
order_service-1     |   Courier 4: status=delivering
order_service-1     |   Courier 5: status=delivering
order_service-1     | [Order 12] No idle couriers available
order_service-1     | INFO:     172.18.0.7:54644 - "POST /api/orders/12/assign HTTP/1.1" 200 OK
order_service-1     | INFO:     172.18.0.7:54644 - "POST /api/orders/ HTTP/1.1" 200 OK
order_service-1     | [Order 13] Received assign request: route=[4, 33], type=<class 'list'>
web_service-1       | INFO:     172.18.0.1:43410 - "POST /api/simulate-full HTTP/1.1" 200 OK
web_service-1       | INFO:     172.18.0.1:43410 - "GET /%E2%9C%93 HTTP/1.1" 404 Not Found
web_service-1       | INFO:web_service.main:Fetching couriers from http://courier_service:8002/api/couriers/
web_service-1       | INFO:web_service.main:Fetching orders from http://order_service:8001/api/orders/
web_service-1       | INFO:httpx:HTTP Request: GET http://order_service:8001/api/orders/ "HTTP/1.1 200 OK"
web_service-1       | INFO:web_service.main:Orders response: 200
web_service-1       | INFO:     172.18.0.1:43430 - "GET /api/orders HTTP/1.1" 200 OK
web_service-1       | INFO:httpx:HTTP Request: GET http://courier_service:8002/api/couriers/ "HTTP/1.1 500 Internal Server Error"
web_service-1       | INFO:web_service.main:Couriers response: 500
web_service-1       | INFO:     172.18.0.1:43410 - "GET /api/couriers HTTP/1.1" 500 Internal Server Error
web_service-1       | INFO:web_service.main:Fetching couriers from http://courier_service:8002/api/couriers/
web_service-1       | INFO:httpx:HTTP Request: GET http://courier_service:8002/api/couriers/ "HTTP/1.1 500 Internal Server Error"
web_service-1       | INFO:web_service.main:Couriers response: 500
web_service-1       | INFO:     172.18.0.1:43430 - "GET /api/couriers HTTP/1.1" 500 Internal Server Error
courier_service-1   | INFO:     172.18.0.6:42264 - "POST /api/couriers/assign HTTP/1.1" 200 OK
courier_service-1   | Назначение заказа 3: 200 - {"status":"assigned","courier_id":3,"route":[20,34,3]}
courier_service-1   | [simulate-full] assign_data for order 3: {'status': 'assigned', 'courier_id': 3, 'route': [20, 34, 3]}
courier_service-1   | Создан заказ 4: ресторан=1, клиент=26, статус=200
courier_service-1   | Маршрут A*: 1 -> 26 = None, dist=inf
courier_service-1   | INFO:     172.18.0.6:42272 - "GET /api/couriers/ HTTP/1.1" 200 OK
courier_service-1   | [assign_order] Received order_id=4, restaurant=1, customer=26, route=[1, 26]
courier_service-1   | Всего курьеров в БД: 5
order_service-1     | [Order 13] Found 5 couriers
order_service-1     |   Courier 1: status=delivering
order_service-1     |   Courier 2: status=delivering
order_service-1     |   Courier 3: status=delivering
order_service-1     |   Courier 4: status=delivering
web_service-1       | INFO:web_service.main:Fetching couriers from http://courier_service:8002/api/couriers/
web_service-1       | INFO:web_service.main:Fetching orders from http://order_service:8001/api/orders/
web_service-1       | INFO:httpx:HTTP Request: GET http://courier_service:8002/api/couriers/ "HTTP/1.1 200 OK"
web_service-1       | INFO:web_service.main:Couriers response: 200
web_service-1       | INFO:     172.18.0.1:43430 - "GET /api/couriers HTTP/1.1" 200 OK
web_service-1       | INFO:httpx:HTTP Request: GET http://order_service:8001/api/orders/ "HTTP/1.1 200 OK"
web_service-1       | INFO:web_service.main:Orders response: 200
web_service-1       | INFO:     172.18.0.1:43410 - "GET /api/orders HTTP/1.1" 200 OK
web_service-1       | INFO:web_service.main:Fetching couriers from http://courier_service:8002/api/couriers/
web_service-1       | INFO:httpx:HTTP Request: GET http://courier_service:8002/api/couriers/ "HTTP/1.1 200 OK"
web_service-1       | INFO:web_service.main:Couriers response: 200
web_service-1       | INFO:     172.18.0.1:43410 - "GET /api/couriers HTTP/1.1" 200 OK
web_service-1       | INFO:web_service.main:Fetching couriers from http://courier_service:8002/api/couriers/
web_service-1       | INFO:web_service.main:Fetching orders from http://order_service:8001/api/orders/
web_service-1       | INFO:httpx:HTTP Request: GET http://order_service:8001/api/orders/ "HTTP/1.1 200 OK"
web_service-1       | INFO:web_service.main:Orders response: 200
web_service-1       | INFO:     172.18.0.1:43430 - "GET /api/orders HTTP/1.1" 200 OK
web_service-1       | INFO:httpx:HTTP Request: GET http://courier_service:8002/api/couriers/ "HTTP/1.1 200 OK"
web_service-1       | INFO:web_service.main:Couriers response: 200
web_service-1       | INFO:     172.18.0.1:43410 - "GET /api/couriers HTTP/1.1" 200 OK
web_service-1       | INFO:web_service.main:Fetching couriers from http://courier_service:8002/api/couriers/
web_service-1       | INFO:httpx:HTTP Request: GET http://courier_service:8002/api/couriers/ "HTTP/1.1 500 Internal Server Error"
web_service-1       | INFO:web_service.main:Couriers response: 500
web_service-1       | INFO:     172.18.0.1:43430 - "GET /api/couriers HTTP/1.1" 500 Internal Server Error
web_service-1       | INFO:web_service.main:Fetching couriers from http://courier_service:8002/api/couriers/
web_service-1       | INFO:web_service.main:Fetching orders from http://order_service:8001/api/orders/
web_service-1       | INFO:httpx:HTTP Request: GET http://order_service:8001/api/orders/ "HTTP/1.1 200 OK"
web_service-1       | INFO:web_service.main:Orders response: 200
web_service-1       | INFO:     172.18.0.1:43410 - "GET /api/orders HTTP/1.1" 200 OK
web_service-1       | INFO:httpx:HTTP Request: GET http://courier_service:8002/api/couriers/ "HTTP/1.1 200 OK"
order_service-1     |   Courier 5: status=delivering
order_service-1     | [Order 13] No idle couriers available
order_service-1     | INFO:     172.18.0.7:54644 - "POST /api/orders/13/assign HTTP/1.1" 200 OK
order_service-1     | INFO:     172.18.0.7:54644 - "POST /api/orders/ HTTP/1.1" 200 OK
order_service-1     | [Order 14] Received assign request: route=[21, 22, 6], type=<class 'list'>
order_service-1     | [Order 14] Found 5 couriers
web_service-1       | INFO:web_service.main:Couriers response: 200
web_service-1       | INFO:     172.18.0.1:43430 - "GET /api/couriers HTTP/1.1" 200 OK
web_service-1       | INFO:web_service.main:Fetching couriers from http://courier_service:8002/api/couriers/
web_service-1       | INFO:httpx:HTTP Request: GET http://courier_service:8002/api/couriers/ "HTTP/1.1 500 Internal Server Error"
web_service-1       | INFO:web_service.main:Couriers response: 500
order_service-1     |   Courier 1: status=delivering
order_service-1     |   Courier 2: status=delivering
order_service-1     |   Courier 3: status=delivering
order_service-1     |   Courier 4: status=delivering
order_service-1     |   Courier 5: status=delivering
order_service-1     | [Order 14] No idle couriers available
order_service-1     | INFO:     172.18.0.7:54644 - "POST /api/orders/14/assign HTTP/1.1" 200 OK
order_service-1     | INFO:     172.18.0.7:54644 - "POST /api/orders/ HTTP/1.1" 200 OK
order_service-1     | [Order 15] Received assign request: route=[38, 46, 24, 40, 42, 34, 29], type=<class 'list'>
web_service-1       | INFO:     172.18.0.1:43410 - "GET /api/couriers HTTP/1.1" 500 Internal Server Error
web_service-1       | INFO:web_service.main:Fetching couriers from http://courier_service:8002/api/couriers/
web_service-1       | INFO:web_service.main:Fetching orders from http://order_service:8001/api/orders/
web_service-1       | INFO:httpx:HTTP Request: GET http://order_service:8001/api/orders/ "HTTP/1.1 200 OK"
web_service-1       | INFO:web_service.main:Orders response: 200
web_service-1       | INFO:     172.18.0.1:43430 - "GET /api/orders HTTP/1.1" 200 OK
web_service-1       | INFO:httpx:HTTP Request: GET http://courier_service:8002/api/couriers/ "HTTP/1.1 200 OK"
order_service-1     | [Order 15] Found 5 couriers
order_service-1     |   Courier 1: status=delivering
order_service-1     |   Courier 2: status=delivering
order_service-1     |   Courier 3: status=delivering
order_service-1     |   Courier 4: status=delivering
order_service-1     |   Courier 5: status=delivering
order_service-1     | [Order 15] No idle couriers available
web_service-1       | INFO:web_service.main:Couriers response: 200
web_service-1       | INFO:     172.18.0.1:43410 - "GET /api/couriers HTTP/1.1" 200 OK
web_service-1       | INFO:web_service.main:Fetching couriers from http://courier_service:8002/api/couriers/
web_service-1       | INFO:httpx:HTTP Request: GET http://courier_service:8002/api/couriers/ "HTTP/1.1 200 OK"
web_service-1       | INFO:web_service.main:Couriers response: 200
web_service-1       | INFO:     172.18.0.1:43430 - "GET /api/couriers HTTP/1.1" 200 OK
web_service-1       | INFO:web_service.main:Fetching couriers from http://courier_service:8002/api/couriers/
web_service-1       | INFO:web_service.main:Fetching orders from http://order_service:8001/api/orders/
web_service-1       | INFO:httpx:HTTP Request: GET http://order_service:8001/api/orders/ "HTTP/1.1 200 OK"
web_service-1       | INFO:web_service.main:Orders response: 200
web_service-1       | INFO:     172.18.0.1:43410 - "GET /api/orders HTTP/1.1" 200 OK
web_service-1       | INFO:httpx:HTTP Request: GET http://courier_service:8002/api/couriers/ "HTTP/1.1 200 OK"
web_service-1       | INFO:web_service.main:Couriers response: 200
web_service-1       | INFO:     172.18.0.1:43430 - "GET /api/couriers HTTP/1.1" 200 OK
web_service-1       | INFO:web_service.main:Fetching couriers from http://courier_service:8002/api/couriers/
web_service-1       | INFO:httpx:HTTP Request: GET http://courier_service:8002/api/couriers/ "HTTP/1.1 200 OK"
web_service-1       | INFO:web_service.main:Couriers response: 200
web_service-1       | INFO:     172.18.0.1:43410 - "GET /api/couriers HTTP/1.1" 200 OK
web_service-1       | INFO:web_service.main:Fetching couriers from http://courier_service:8002/api/couriers/
courier_service-1   |   Курьер 4: Курьер_4, status=CourierStatus.IDLE, current_order_id=None
courier_service-1   |   Курьер 5: Курьер_5, status=CourierStatus.IDLE, current_order_id=None
courier_service-1   |   Курьер 1: Курьер_1, status=CourierStatus.DELIVERING, current_order_id=1
courier_service-1   |   Курьер 2: Курьер_2, status=CourierStatus.DELIVERING, current_order_id=2
courier_service-1   |   Курьер 3: Курьер_3, status=CourierStatus.DELIVERING, current_order_id=3
courier_service-1   | Пытаемся назначить заказ 4 курьеру 4
courier_service-1   | Маршрут для курьера 4: [30, 19, 46, 24, 40, 42, 1, 26]
courier_service-1   | Успешно назначили курьера 4 на заказ 4
courier_service-1   | INFO:     172.18.0.6:42272 - "POST /api/couriers/assign HTTP/1.1" 200 OK
courier_service-1   | Назначение заказа 4: 200 - {"status":"assigned","courier_id":4,"route":[30,19,46,24,40,42,1,26]}
courier_service-1   | [simulate-full] assign_data for order 4: {'status': 'assigned', 'courier_id': 4, 'route': [30, 19, 46, 24, 40, 42, 1, 26]}
courier_service-1   | Создан заказ 5: ресторан=18, клиент=49, статус=200
courier_service-1   | Маршрут A*: 18 -> 49 = [18, 32, 49], dist=311.7725939418504
courier_service-1   | INFO:     172.18.0.6:42284 - "GET /api/couriers/ HTTP/1.1" 200 OK
courier_service-1   | [assign_order] Received order_id=5, restaurant=18, customer=49, route=[18, 32, 49]
courier_service-1   | Всего курьеров в БД: 5
courier_service-1   |   Курьер 5: Курьер_5, status=CourierStatus.IDLE, current_order_id=None
courier_service-1   |   Курьер 1: Курьер_1, status=CourierStatus.DELIVERING, current_order_id=1
web_service-1       | INFO:web_service.main:Fetching orders from http://order_service:8001/api/orders/
web_service-1       | INFO:httpx:HTTP Request: GET http://order_service:8001/api/orders/ "HTTP/1.1 200 OK"
web_service-1       | INFO:web_service.main:Orders response: 200
web_service-1       | INFO:     172.18.0.1:43430 - "GET /api/orders HTTP/1.1" 200 OK
web_service-1       | INFO:httpx:HTTP Request: GET http://courier_service:8002/api/couriers/ "HTTP/1.1 200 OK"
web_service-1       | INFO:web_service.main:Couriers response: 200
web_service-1       | INFO:     172.18.0.1:43410 - "GET /api/couriers HTTP/1.1" 200 OK
courier_service-1   |   Курьер 2: Курьер_2, status=CourierStatus.DELIVERING, current_order_id=2
courier_service-1   |   Курьер 3: Курьер_3, status=CourierStatus.DELIVERING, current_order_id=3
courier_service-1   |   Курьер 4: Курьер_4, status=CourierStatus.DELIVERING, current_order_id=4
courier_service-1   | Пытаемся назначить заказ 5 курьеру 5
courier_service-1   | Маршрут для курьера 5: [40, 24, 46, 18, 32, 49]
courier_service-1   | Успешно назначили курьера 5 на заказ 5
courier_service-1   | INFO:     172.18.0.6:42284 - "POST /api/couriers/assign HTTP/1.1" 200 OK
courier_service-1   | Назначение заказа 5: 200 - {"status":"assigned","courier_id":5,"route":[40,24,46,18,32,49]}
courier_service-1   | [simulate-full] assign_data for order 5: {'status': 'assigned', 'courier_id': 5, 'route': [40, 24, 46, 18, 32, 49]}
courier_service-1   | Создан заказ 6: ресторан=35, клиент=22, статус=200
courier_service-1   | Маршрут A*: 35 -> 22 = None, dist=inf
courier_service-1   | INFO:     172.18.0.6:42300 - "GET /api/couriers/ HTTP/1.1" 200 OK
courier_service-1   | Назначение заказа 6: 200 - {"status":"no_couriers_available"}
order_service-1     | INFO:     172.18.0.7:54644 - "POST /api/orders/15/assign HTTP/1.1" 200 OK
order_service-1     | INFO:     172.18.0.7:54644 - "POST /api/orders/ HTTP/1.1" 200 OK
order_service-1     | [Order 16] Received assign request: route=[5, 29, 34, 42, 40, 24, 7, 2], type=<class 'list'>
order_service-1     | [Order 16] Found 5 couriers
order_service-1     |   Courier 1: status=delivering
order_service-1     |   Courier 2: status=delivering
order_service-1     |   Courier 3: status=delivering
order_service-1     |   Courier 4: status=delivering
order_service-1     |   Courier 5: status=delivering
courier_service-1   | [simulate-full] assign_data for order 6: {'status': 'no_couriers_available'}
courier_service-1   | Не удалось назначить курьера на заказ 6: {'status': 'no_couriers_available'}
courier_service-1   | Создан заказ 7: ресторан=2, клиент=45, статус=200
courier_service-1   | Маршрут A*: 2 -> 45 = [2, 7, 24, 40, 42, 34, 29, 5, 45], dist=1219.025564973712
courier_service-1   | INFO:     172.18.0.6:42316 - "GET /api/couriers/ HTTP/1.1" 200 OK
courier_service-1   | Назначение заказа 7: 200 - {"status":"no_couriers_available"}
courier_service-1   | [simulate-full] assign_data for order 7: {'status': 'no_couriers_available'}
order_service-1     | [Order 16] No idle couriers available
order_service-1     | INFO:     172.18.0.7:54644 - "POST /api/orders/16/assign HTTP/1.1" 200 OK
order_service-1     | INFO:     172.18.0.7:54644 - "POST /api/orders/ HTTP/1.1" 200 OK
order_service-1     | [Order 17] Received assign request: route=[22, 1, 25], type=<class 'list'>
order_service-1     | [Order 17] Found 5 couriers
order_service-1     |   Courier 1: status=delivering
order_service-1     |   Courier 2: status=delivering
order_service-1     |   Courier 3: status=delivering
order_service-1     |   Courier 4: status=delivering
order_service-1     |   Courier 5: status=delivering
order_service-1     | [Order 17] No idle couriers available
order_service-1     | INFO:     172.18.0.7:54644 - "POST /api/orders/17/assign HTTP/1.1" 200 OK
order_service-1     | INFO:     172.18.0.7:54644 - "POST /api/orders/ HTTP/1.1" 200 OK
order_service-1     | [Order 18] Received assign request: route=[39, 42, 40, 24, 46, 38, 48], type=<class 'list'>
web_service-1       | INFO:web_service.main:Fetching couriers from http://courier_service:8002/api/couriers/
web_service-1       | INFO:httpx:HTTP Request: GET http://courier_service:8002/api/couriers/ "HTTP/1.1 500 Internal Server Error"
web_service-1       | INFO:web_service.main:Couriers response: 500
web_service-1       | INFO:     172.18.0.1:43430 - "GET /api/couriers HTTP/1.1" 500 Internal Server Error
web_service-1       | INFO:web_service.main:Fetching orders from http://order_service:8001/api/orders/
web_service-1       | INFO:web_service.main:Fetching couriers from http://courier_service:8002/api/couriers/
order_service-1     | [Order 18] Found 5 couriers
order_service-1     |   Courier 1: status=delivering
order_service-1     |   Courier 2: status=delivering
order_service-1     |   Courier 3: status=delivering
order_service-1     |   Courier 4: status=delivering
order_service-1     |   Courier 5: status=delivering
order_service-1     | [Order 18] No idle couriers available
web_service-1       | INFO:httpx:HTTP Request: GET http://order_service:8001/api/orders/ "HTTP/1.1 200 OK"
web_service-1       | INFO:web_service.main:Orders response: 200
web_service-1       | INFO:     172.18.0.1:43410 - "GET /api/orders HTTP/1.1" 200 OK
web_service-1       | INFO:httpx:HTTP Request: GET http://courier_service:8002/api/couriers/ "HTTP/1.1 200 OK"
web_service-1       | INFO:web_service.main:Couriers response: 200
web_service-1       | INFO:     172.18.0.1:43430 - "GET /api/couriers HTTP/1.1" 200 OK
web_service-1       | INFO:web_service.main:Fetching couriers from http://courier_service:8002/api/couriers/
web_service-1       | INFO:httpx:HTTP Request: GET http://courier_service:8002/api/couriers/ "HTTP/1.1 200 OK"
web_service-1       | INFO:web_service.main:Couriers response: 200
web_service-1       | INFO:     172.18.0.1:43410 - "GET /api/couriers HTTP/1.1" 200 OK
web_service-1       | INFO:web_service.main:Fetching couriers from http://courier_service:8002/api/couriers/
web_service-1       | INFO:web_service.main:Fetching orders from http://order_service:8001/api/orders/
web_service-1       | INFO:httpx:HTTP Request: GET http://order_service:8001/api/orders/ "HTTP/1.1 200 OK"
web_service-1       | INFO:web_service.main:Orders response: 200
web_service-1       | INFO:     172.18.0.1:43430 - "GET /api/orders HTTP/1.1" 200 OK
web_service-1       | INFO:httpx:HTTP Request: GET http://courier_service:8002/api/couriers/ "HTTP/1.1 200 OK"
web_service-1       | INFO:web_service.main:Couriers response: 200
web_service-1       | INFO:     172.18.0.1:43410 - "GET /api/couriers HTTP/1.1" 200 OK
web_service-1       | INFO:web_service.main:Fetching couriers from http://courier_service:8002/api/couriers/
web_service-1       | INFO:httpx:HTTP Request: GET http://courier_service:8002/api/couriers/ "HTTP/1.1 200 OK"
web_service-1       | INFO:web_service.main:Couriers response: 200
web_service-1       | INFO:     172.18.0.1:43430 - "GET /api/couriers HTTP/1.1" 200 OK
courier_service-1   | Не удалось назначить курьера на заказ 7: {'status': 'no_couriers_available'}
web_service-1       | INFO:web_service.main:Fetching couriers from http://courier_service:8002/api/couriers/
order_service-1     | INFO:     172.18.0.7:54644 - "POST /api/orders/18/assign HTTP/1.1" 200 OK
order_service-1     | INFO:     172.18.0.7:54644 - "POST /api/orders/ HTTP/1.1" 200 OK
order_service-1     | [Order 19] Received assign request: route=[6, 22, 21], type=<class 'list'>
order_service-1     | [Order 19] Found 5 couriers
order_service-1     |   Courier 1: status=delivering
order_service-1     |   Courier 2: status=delivering
order_service-1     |   Courier 3: status=delivering
order_service-1     |   Courier 4: status=delivering
order_service-1     |   Courier 5: status=delivering
order_service-1     | [Order 19] No idle couriers available
order_service-1     | INFO:     172.18.0.7:54644 - "POST /api/orders/19/assign HTTP/1.1" 200 OK
order_service-1     | INFO:     172.18.0.7:54644 - "POST /api/orders/ HTTP/1.1" 200 OK
order_service-1     | [Order 20] Received assign request: route=[23, 13, 44], type=<class 'list'>
courier_service-1   | Создан заказ 8: ресторан=19, клиент=18, статус=200
courier_service-1   | Маршрут A*: 19 -> 18 = [19, 18], dist=52.32787334957218
courier_service-1   | INFO:     172.18.0.6:42326 - "GET /api/couriers/ HTTP/1.1" 200 OK
courier_service-1   | Назначение заказа 8: 200 - {"status":"no_couriers_available"}
courier_service-1   | [simulate-full] assign_data for order 8: {'status': 'no_couriers_available'}
courier_service-1   | Не удалось назначить курьера на заказ 8: {'status': 'no_couriers_available'}
courier_service-1   | Создан заказ 9: ресторан=36, клиент=41, статус=200
order_service-1     | [Order 20] Found 5 couriers
order_service-1     |   Courier 1: status=delivering
order_service-1     |   Courier 2: status=delivering
order_service-1     |   Courier 3: status=delivering
order_service-1     |   Courier 4: status=delivering
order_service-1     |   Courier 5: status=delivering
order_service-1     | [Order 20] No idle couriers available
web_service-1       | INFO:web_service.main:Fetching orders from http://order_service:8001/api/orders/
web_service-1       | INFO:httpx:HTTP Request: GET http://courier_service:8002/api/couriers/ "HTTP/1.1 200 OK"
web_service-1       | INFO:web_service.main:Couriers response: 200
web_service-1       | INFO:     172.18.0.1:43430 - "GET /api/couriers HTTP/1.1" 200 OK
web_service-1       | INFO:httpx:HTTP Request: GET http://order_service:8001/api/orders/ "HTTP/1.1 200 OK"
web_service-1       | INFO:web_service.main:Orders response: 200
web_service-1       | INFO:     172.18.0.1:43410 - "GET /api/orders HTTP/1.1" 200 OK
web_service-1       | INFO:web_service.main:Fetching couriers from http://courier_service:8002/api/couriers/
web_service-1       | INFO:httpx:HTTP Request: GET http://courier_service:8002/api/couriers/ "HTTP/1.1 200 OK"
web_service-1       | INFO:web_service.main:Couriers response: 200
order_service-1     | INFO:     172.18.0.7:54644 - "POST /api/orders/20/assign HTTP/1.1" 200 OK
order_service-1     | INFO:     172.18.0.8:50470 - "GET /api/orders/ HTTP/1.1" 200 OK
order_service-1     | INFO:     172.18.0.7:54650 - "GET /api/orders/ HTTP/1.1" 200 OK
order_service-1     | [Order 20] Received assign request: route=[23, 13, 44], type=<class 'list'>
order_service-1     | [Order 20] Found 5 couriers
order_service-1     |   Courier 1: status=delivering
order_service-1     |   Courier 4: status=delivering
order_service-1     |   Courier 2: status=delivering
order_service-1     |   Courier 3: status=delivering
order_service-1     |   Courier 5: status=delivering
order_service-1     | [Order 20] No idle couriers available
order_service-1     | INFO:     172.18.0.7:54650 - "POST /api/orders/20/assign HTTP/1.1" 200 OK
order_service-1     | [Order 19] Received assign request: route=[6, 22, 21], type=<class 'list'>
web_service-1       | INFO:     172.18.0.1:43410 - "GET /api/couriers HTTP/1.1" 200 OK
order_service-1     | [Order 19] Assignment error: 500: Failed to get couriers
order_service-1     | INFO:     172.18.0.7:54650 - "POST /api/orders/19/assign HTTP/1.1" 500 Internal Server Error
order_service-1     | [Order 18] Received assign request: route=[39, 42, 40, 24, 46, 38, 48], type=<class 'list'>
order_service-1     | [Order 18] Assignment error: 500: Failed to get couriers
order_service-1     | INFO:     172.18.0.7:54650 - "POST /api/orders/18/assign HTTP/1.1" 500 Internal Server Error
courier_service-1   | Маршрут A*: 36 -> 41 = None, dist=inf
courier_service-1   | INFO:     172.18.0.6:42338 - "GET /api/couriers/ HTTP/1.1" 200 OK
courier_service-1   | Назначение заказа 9: 200 - {"status":"no_couriers_available"}
order_service-1     | [Order 17] Received assign request: route=[22, 1, 25], type=<class 'list'>
order_service-1     | [Order 17] Found 5 couriers
order_service-1     |   Courier 1: status=delivering
order_service-1     |   Courier 4: status=delivering
order_service-1     |   Courier 2: status=delivering
courier_service-1   | [simulate-full] assign_data for order 9: {'status': 'no_couriers_available'}
courier_service-1   | Не удалось назначить курьера на заказ 9: {'status': 'no_couriers_available'}
courier_service-1   | Создан заказ 10: ресторан=3, клиент=14, статус=200
courier_service-1   | Маршрут A*: 3 -> 14 = None, dist=inf
courier_service-1   | INFO:     172.18.0.6:42346 - "GET /api/couriers/ HTTP/1.1" 200 OK
courier_service-1   | Назначение заказа 10: 200 - {"status":"no_couriers_available"}
courier_service-1   | [simulate-full] assign_data for order 10: {'status': 'no_couriers_available'}
order_service-1     |   Courier 3: status=delivering
order_service-1     |   Courier 5: status=delivering
order_service-1     | [Order 17] No idle couriers available
order_service-1     | INFO:     172.18.0.7:54650 - "POST /api/orders/17/assign HTTP/1.1" 200 OK
order_service-1     | [Order 16] Received assign request: route=[5, 29, 34, 42, 40, 24, 7, 2], type=<class 'list'>
order_service-1     | [Order 16] Found 5 couriers
order_service-1     |   Courier 1: status=delivering
courier_service-1   | Не удалось назначить курьера на заказ 10: {'status': 'no_couriers_available'}
courier_service-1   | Создан заказ 11: ресторан=20, клиент=37, статус=200
courier_service-1   | Маршрут A*: 20 -> 37 = None, dist=inf
courier_service-1   | INFO:     172.18.0.6:42356 - "GET /api/couriers/ HTTP/1.1" 200 OK
courier_service-1   | Назначение заказа 11: 200 - {"status":"no_couriers_available"}
courier_service-1   | [simulate-full] assign_data for order 11: {'status': 'no_couriers_available'}
order_service-1     |   Courier 4: status=delivering
courier_service-1   | Не удалось назначить курьера на заказ 11: {'status': 'no_couriers_available'}
courier_service-1   | Создан заказ 12: ресторан=37, клиент=10, статус=200
courier_service-1   | Маршрут A*: 37 -> 10 = [37, 7, 2, 10], dist=379.66191963534567
courier_service-1   | INFO:     172.18.0.6:42364 - "GET /api/couriers/ HTTP/1.1" 200 OK
courier_service-1   | Назначение заказа 12: 200 - {"status":"no_couriers_available"}
courier_service-1   | [simulate-full] assign_data for order 12: {'status': 'no_couriers_available'}
courier_service-1   | Не удалось назначить курьера на заказ 12: {'status': 'no_couriers_available'}
order_service-1     |   Courier 2: status=delivering
courier_service-1   | Создан заказ 13: ресторан=4, клиент=33, статус=200
courier_service-1   | Маршрут A*: 4 -> 33 = [4, 33], dist=192.88749695534662
courier_service-1   | INFO:     172.18.0.6:42378 - "GET /api/couriers/ HTTP/1.1" 200 OK
courier_service-1   | Назначение заказа 13: 200 - {"status":"no_couriers_available"}
courier_service-1   | [simulate-full] assign_data for order 13: {'status': 'no_couriers_available'}
order_service-1     |   Courier 3: status=delivering
order_service-1     |   Courier 5: status=delivering
order_service-1     | [Order 16] No idle couriers available
order_service-1     | INFO:     172.18.0.7:54650 - "POST /api/orders/16/assign HTTP/1.1" 200 OK
order_service-1     | [Order 15] Received assign request: route=[38, 46, 24, 40, 42, 34, 29], type=<class 'list'>
order_service-1     | [Order 15] Found 5 couriers
order_service-1     |   Courier 1: status=delivering
order_service-1     |   Courier 4: status=delivering
order_service-1     |   Courier 2: status=delivering
order_service-1     |   Courier 3: status=delivering
courier_service-1   | Не удалось назначить курьера на заказ 13: {'status': 'no_couriers_available'}
courier_service-1   | Создан заказ 14: ресторан=21, клиент=6, статус=200
courier_service-1   | Маршрут A*: 21 -> 6 = [21, 22, 6], dist=221.71062443835586
courier_service-1   | INFO:     172.18.0.6:42382 - "GET /api/couriers/ HTTP/1.1" 200 OK
courier_service-1   | Назначение заказа 14: 200 - {"status":"no_couriers_available"}
courier_service-1   | [simulate-full] assign_data for order 14: {'status': 'no_couriers_available'}
courier_service-1   | Не удалось назначить курьера на заказ 14: {'status': 'no_couriers_available'}
courier_service-1   | Создан заказ 15: ресторан=38, клиент=29, статус=200
order_service-1     |   Courier 5: status=delivering
order_service-1     | [Order 15] No idle couriers available
order_service-1     | INFO:     172.18.0.7:54650 - "POST /api/orders/15/assign HTTP/1.1" 200 OK
order_service-1     | [Order 14] Received assign request: route=[21, 22, 6], type=<class 'list'>
order_service-1     | [Order 14] Found 5 couriers
order_service-1     |   Courier 1: status=delivering
order_service-1     |   Courier 4: status=delivering
courier_service-1   | Маршрут A*: 38 -> 29 = [38, 46, 24, 40, 42, 34, 29], dist=873.9684604054432
courier_service-1   | INFO:     172.18.0.6:42386 - "GET /api/couriers/ HTTP/1.1" 200 OK
courier_service-1   | Назначение заказа 15: 200 - {"status":"no_couriers_available"}
courier_service-1   | [simulate-full] assign_data for order 15: {'status': 'no_couriers_available'}
courier_service-1   | Не удалось назначить курьера на заказ 15: {'status': 'no_couriers_available'}
courier_service-1   | Создан заказ 16: ресторан=5, клиент=2, статус=200
courier_service-1   | Маршрут A*: 5 -> 2 = [5, 29, 34, 42, 40, 24, 7, 2], dist=1055.365183910556
courier_service-1   | INFO:     172.18.0.6:42402 - "GET /api/couriers/ HTTP/1.1" 200 OK
courier_service-1   | Назначение заказа 16: 200 - {"status":"no_couriers_available"}
courier_service-1   | [simulate-full] assign_data for order 16: {'status': 'no_couriers_available'}
courier_service-1   | Не удалось назначить курьера на заказ 16: {'status': 'no_couriers_available'}
courier_service-1   | Создан заказ 17: ресторан=22, клиент=25, статус=200
courier_service-1   | Маршрут A*: 22 -> 25 = [22, 1, 25], dist=291.6056311802459
courier_service-1   | INFO:     172.18.0.6:42414 - "GET /api/couriers/ HTTP/1.1" 200 OK
courier_service-1   | Назначение заказа 17: 200 - {"status":"no_couriers_available"}
courier_service-1   | [simulate-full] assign_data for order 17: {'status': 'no_couriers_available'}
courier_service-1   | Не удалось назначить курьера на заказ 17: {'status': 'no_couriers_available'}
courier_service-1   | Создан заказ 18: ресторан=39, клиент=48, статус=200
courier_service-1   | Маршрут A*: 39 -> 48 = [39, 42, 40, 24, 46, 38, 48], dist=833.3053077708411
courier_service-1   | INFO:     172.18.0.6:42428 - "GET /api/couriers/ HTTP/1.1" 200 OK
courier_service-1   | Назначение заказа 18: 200 - {"status":"no_couriers_available"}
courier_service-1   | [simulate-full] assign_data for order 18: {'status': 'no_couriers_available'}
courier_service-1   | Не удалось назначить курьера на заказ 18: {'status': 'no_couriers_available'}
courier_service-1   | Создан заказ 19: ресторан=6, клиент=21, статус=200
courier_service-1   | Маршрут A*: 6 -> 21 = [6, 22, 21], dist=221.71062443835586
courier_service-1   | INFO:     172.18.0.6:42444 - "GET /api/couriers/ HTTP/1.1" 200 OK
courier_service-1   | Назначение заказа 19: 200 - {"status":"no_couriers_available"}
order_service-1     |   Courier 2: status=delivering
order_service-1     |   Courier 3: status=delivering
order_service-1     |   Courier 5: status=delivering
order_service-1     | [Order 14] No idle couriers available
order_service-1     | INFO:     172.18.0.7:54650 - "POST /api/orders/14/assign HTTP/1.1" 200 OK
order_service-1     | [Order 13] Received assign request: route=[4, 33], type=<class 'list'>
order_service-1     | [Order 13] Found 5 couriers
courier_service-1   | [simulate-full] assign_data for order 19: {'status': 'no_couriers_available'}
courier_service-1   | Не удалось назначить курьера на заказ 19: {'status': 'no_couriers_available'}
courier_service-1   | Создан заказ 20: ресторан=23, клиент=44, статус=200
courier_service-1   | Маршрут A*: 23 -> 44 = [23, 13, 44], dist=231.0791208816143
courier_service-1   | INFO:     172.18.0.6:42452 - "GET /api/couriers/ HTTP/1.1" 200 OK
courier_service-1   | Назначение заказа 20: 200 - {"status":"no_couriers_available"}
courier_service-1   | [simulate-full] assign_data for order 20: {'status': 'no_couriers_available'}
order_service-1     |   Courier 1: status=delivering
order_service-1     |   Courier 4: status=delivering
order_service-1     |   Courier 2: status=delivering
order_service-1     |   Courier 3: status=delivering
order_service-1     |   Courier 5: status=delivering
order_service-1     | [Order 13] No idle couriers available
order_service-1     | INFO:     172.18.0.7:54650 - "POST /api/orders/13/assign HTTP/1.1" 200 OK
order_service-1     | [Order 12] Received assign request: route=[37, 7, 2, 10], type=<class 'list'>
order_service-1     | INFO:     172.18.0.8:50482 - "GET /api/orders/ HTTP/1.1" 200 OK
order_service-1     | [Order 12] Found 5 couriers
order_service-1     |   Courier 1: status=delivering
order_service-1     |   Courier 4: status=delivering
order_service-1     |   Courier 2: status=delivering
order_service-1     |   Courier 3: status=delivering
order_service-1     |   Courier 5: status=delivering
order_service-1     | [Order 12] No idle couriers available
order_service-1     | INFO:     172.18.0.7:54650 - "POST /api/orders/12/assign HTTP/1.1" 200 OK
order_service-1     | [Order 11] Received assign request: route=[20, 37], type=<class 'list'>
order_service-1     | [Order 11] Found 5 couriers
order_service-1     |   Courier 1: status=delivering
order_service-1     |   Courier 4: status=delivering
order_service-1     |   Courier 2: status=delivering
courier_service-1   | Не удалось назначить курьера на заказ 20: {'status': 'no_couriers_available'}
order_service-1     |   Courier 3: status=delivering
courier_service-1   | Создано курьеров: 5, заказов: 5
courier_service-1   | INFO:     172.18.0.8:42008 - "POST /api/couriers/simulate-full?courier_count=5&order_count=20 HTTP/1.1" 200 OK
courier_service-1   | Exception terminating connection <AdaptedConnection <asyncpg.connection.Connection object at 0x7f46c208a5c0>>
courier_service-1   | Traceback (most recent call last):
order_service-1     |   Courier 5: status=delivering
order_service-1     | [Order 11] No idle couriers available
order_service-1     | INFO:     172.18.0.7:54650 - "POST /api/orders/11/assign HTTP/1.1" 200 OK
order_service-1     | [Order 10] Received assign request: route=[3, 14], type=<class 'list'>
order_service-1     | [Order 10] Found 5 couriers
order_service-1     |   Courier 1: status=delivering
order_service-1     |   Courier 4: status=delivering
order_service-1     |   Courier 2: status=delivering
order_service-1     |   Courier 3: status=delivering
order_service-1     |   Courier 5: status=delivering
order_service-1     | [Order 10] No idle couriers available
order_service-1     | INFO:     172.18.0.7:54650 - "POST /api/orders/10/assign HTTP/1.1" 200 OK
order_service-1     | [Order 9] Received assign request: route=[36, 41], type=<class 'list'>
order_service-1     | [Order 9] Found 5 couriers
order_service-1     |   Courier 1: status=delivering
order_service-1     |   Courier 4: status=delivering
order_service-1     |   Courier 2: status=delivering
order_service-1     |   Courier 3: status=delivering
order_service-1     |   Courier 5: status=delivering
order_service-1     | [Order 9] No idle couriers available
order_service-1     | INFO:     172.18.0.7:54650 - "POST /api/orders/9/assign HTTP/1.1" 200 OK
courier_service-1   |   File "/usr/local/lib/python3.11/site-packages/sqlalchemy/pool/base.py", line 373, in _close_connection
courier_service-1   |     self._dialect.do_terminate(connection)
courier_service-1   |   File "/usr/local/lib/python3.11/site-packages/sqlalchemy/dialects/postgresql/asyncpg.py", line 1127, in do_terminate
courier_service-1   |     dbapi_connection.terminate()
courier_service-1   |   File "/usr/local/lib/python3.11/site-packages/sqlalchemy/connectors/asyncio.py", line 402, in terminate
courier_service-1   |     self.await_(asyncio.shield(self._terminate_graceful_close()))  # type: ignore[attr-defined] # noqa: E501
courier_service-1   |     ^^^^^^^^^^^^^^^^^^^^^^^^^^^^^^^^^^^^^^^^^^^^^^^^^^^^^^^^^^^^^
courier_service-1   |   File "/usr/local/lib/python3.11/site-packages/sqlalchemy/util/_concurrency_py3k.py", line 132, in await_only
order_service-1     | [Order 8] Received assign request: route=[19, 18], type=<class 'list'>
order_service-1     | [Order 8] Found 5 couriers
order_service-1     |   Courier 1: status=delivering
order_service-1     |   Courier 4: status=delivering
order_service-1     |   Courier 2: status=delivering
order_service-1     |   Courier 3: status=delivering
order_service-1     |   Courier 5: status=delivering
order_service-1     | [Order 8] No idle couriers available
order_service-1     | INFO:     172.18.0.7:54650 - "POST /api/orders/8/assign HTTP/1.1" 200 OK
order_service-1     | [Order 7] Received assign request: route=[2, 7, 24, 40, 42, 34, 29, 5, 45], type=<class 'list'>
order_service-1     | [Order 7] Found 5 couriers
order_service-1     |   Courier 1: status=delivering
order_service-1     |   Courier 4: status=delivering
order_service-1     |   Courier 2: status=delivering
order_service-1     |   Courier 3: status=delivering
order_service-1     |   Courier 5: status=delivering
order_service-1     | [Order 7] No idle couriers available
courier_service-1   |     return current.parent.switch(awaitable)  # type: ignore[no-any-return,attr-defined] # noqa: E501
courier_service-1   |            ^^^^^^^^^^^^^^^^^^^^^^^^^^^^^^^^
courier_service-1   |   File "/usr/local/lib/python3.11/site-packages/sqlalchemy/util/_concurrency_py3k.py", line 196, in greenlet_spawn
courier_service-1   |     value = await result
courier_service-1   |             ^^^^^^^^^^^^
courier_service-1   |   File "/usr/local/lib/python3.11/site-packages/sqlalchemy/dialects/postgresql/asyncpg.py", line 912, in _terminate_graceful_close
courier_service-1   |     await self._connection.close(timeout=2)
courier_service-1   |   File "/usr/local/lib/python3.11/site-packages/asyncpg/connection.py", line 1513, in close
courier_service-1   |     await self._protocol.close(timeout)
courier_service-1   |   File "asyncpg/protocol/protocol.pyx", line 618, in close
order_service-1     | INFO:     172.18.0.7:54650 - "POST /api/orders/7/assign HTTP/1.1" 200 OK
order_service-1     | [Order 6] Received assign request: route=[35, 22], type=<class 'list'>
order_service-1     | [Order 6] Found 5 couriers
order_service-1     |   Courier 1: status=delivering
order_service-1     |   Courier 4: status=delivering
order_service-1     |   Courier 2: status=delivering
order_service-1     |   Courier 3: status=delivering
courier_service-1   | RuntimeError: Task <Task pending name='Task-135' coro=<AsyncAdapt_asyncpg_connection._terminate_graceful_close() running at /usr/local/lib/python3.11/site-packages/sqlalchemy/dialects/postgresql/asyncpg.py:912> cb=[shield.<locals>._inner_done_callback() at /usr/local/lib/python3.11/asyncio/tasks.py:891]> got Future <Future pending> attached to a different loop
courier_service-1   | Exception terminating connection <AdaptedConnection <asyncpg.connection.Connection object at 0x7f46c20187c0>>
courier_service-1   | Traceback (most recent call last):
courier_service-1   |   File "/usr/local/lib/python3.11/site-packages/sqlalchemy/pool/base.py", line 373, in _close_connection
courier_service-1   |     self._dialect.do_terminate(connection)
courier_service-1   |   File "/usr/local/lib/python3.11/site-packages/sqlalchemy/dialects/postgresql/asyncpg.py", line 1127, in do_terminate
courier_service-1   |     dbapi_connection.terminate()
order_service-1     |   Courier 5: status=delivering
order_service-1     | [Order 6] No idle couriers available
order_service-1     | INFO:     172.18.0.7:54650 - "POST /api/orders/6/assign HTTP/1.1" 200 OK
order_service-1     | INFO:     172.18.0.8:44964 - "GET /api/orders/ HTTP/1.1" 200 OK
order_service-1     | INFO:     172.18.0.7:41548 - "GET /api/orders/ HTTP/1.1" 200 OK
order_service-1     | [Order 20] Received assign request: route=[23, 13, 44], type=<class 'list'>
order_service-1     | [Order 20] Assignment error: 500: Failed to get couriers
order_service-1     | INFO:     172.18.0.7:41548 - "POST /api/orders/20/assign HTTP/1.1" 500 Internal Server Error
courier_service-1   |   File "/usr/local/lib/python3.11/site-packages/sqlalchemy/connectors/asyncio.py", line 402, in terminate
order_service-1     | [Order 19] Received assign request: route=[6, 22, 21], type=<class 'list'>
courier_service-1   |     self.await_(asyncio.shield(self._terminate_graceful_close()))  # type: ignore[attr-defined] # noqa: E501
order_service-1     | [Order 19] Assignment error: 500: Failed to get couriers
order_service-1     | INFO:     172.18.0.7:41548 - "POST /api/orders/19/assign HTTP/1.1" 500 Internal Server Error
order_service-1     | [Order 18] Received assign request: route=[39, 42, 40, 24, 46, 38, 48], type=<class 'list'>
order_service-1     | [Order 18] Assignment error: 500: Failed to get couriers
order_service-1     | INFO:     172.18.0.7:41548 - "POST /api/orders/18/assign HTTP/1.1" 500 Internal Server Error
order_service-1     | [Order 17] Received assign request: route=[22, 1, 25], type=<class 'list'>
courier_service-1   |     ^^^^^^^^^^^^^^^^^^^^^^^^^^^^^^^^^^^^^^^^^^^^^^^^^^^^^^^^^^^^^
order_service-1     | [Order 17] Found 5 couriers
courier_service-1   |   File "/usr/local/lib/python3.11/site-packages/sqlalchemy/util/_concurrency_py3k.py", line 132, in await_only
order_service-1     |   Courier 1: status=delivering
courier_service-1   |     return current.parent.switch(awaitable)  # type: ignore[no-any-return,attr-defined] # noqa: E501
order_service-1     |   Courier 2: status=delivering
courier_service-1   |            ^^^^^^^^^^^^^^^^^^^^^^^^^^^^^^^^
order_service-1     |   Courier 4: status=delivering
courier_service-1   |   File "/usr/local/lib/python3.11/site-packages/sqlalchemy/util/_concurrency_py3k.py", line 196, in greenlet_spawn
order_service-1     |   Courier 3: status=delivering
order_service-1     |   Courier 5: status=delivering
order_service-1     | [Order 17] No idle couriers available
order_service-1     | INFO:     172.18.0.7:41548 - "POST /api/orders/17/assign HTTP/1.1" 200 OK
order_service-1     | [Order 16] Received assign request: route=[5, 29, 34, 42, 40, 24, 7, 2], type=<class 'list'>
order_service-1     | [Order 16] Found 5 couriers
order_service-1     |   Courier 1: status=delivering
order_service-1     |   Courier 2: status=delivering
order_service-1     |   Courier 4: status=delivering
order_service-1     |   Courier 3: status=delivering
order_service-1     |   Courier 5: status=delivering
order_service-1     | [Order 16] No idle couriers available
order_service-1     | INFO:     172.18.0.7:41548 - "POST /api/orders/16/assign HTTP/1.1" 200 OK
order_service-1     | [Order 15] Received assign request: route=[38, 46, 24, 40, 42, 34, 29], type=<class 'list'>
order_service-1     | [Order 15] Found 5 couriers
order_service-1     |   Courier 1: status=delivering
order_service-1     |   Courier 2: status=delivering
order_service-1     |   Courier 4: status=delivering
order_service-1     |   Courier 3: status=delivering
order_service-1     |   Courier 5: status=delivering
order_service-1     | [Order 15] No idle couriers available
order_service-1     | INFO:     172.18.0.7:41548 - "POST /api/orders/15/assign HTTP/1.1" 200 OK
order_service-1     | [Order 14] Received assign request: route=[21, 22, 6], type=<class 'list'>
order_service-1     | [Order 14] Found 5 couriers
order_service-1     |   Courier 1: status=delivering
courier_service-1   |     value = await result
order_service-1     |   Courier 2: status=delivering
order_service-1     |   Courier 4: status=delivering
order_service-1     |   Courier 3: status=delivering
order_service-1     |   Courier 5: status=delivering
order_service-1     | [Order 14] No idle couriers available
order_service-1     | INFO:     172.18.0.7:41548 - "POST /api/orders/14/assign HTTP/1.1" 200 OK
order_service-1     | [Order 13] Received assign request: route=[4, 33], type=<class 'list'>
order_service-1     | [Order 13] Found 5 couriers
order_service-1     |   Courier 1: status=delivering
order_service-1     |   Courier 2: status=delivering
order_service-1     |   Courier 4: status=delivering
order_service-1     |   Courier 3: status=delivering
order_service-1     |   Courier 5: status=delivering
courier_service-1   |             ^^^^^^^^^^^^
order_service-1     | [Order 13] No idle couriers available
courier_service-1   |   File "/usr/local/lib/python3.11/site-packages/sqlalchemy/dialects/postgresql/asyncpg.py", line 912, in _terminate_graceful_close
courier_service-1   |     await self._connection.close(timeout=2)
courier_service-1   |   File "/usr/local/lib/python3.11/site-packages/asyncpg/connection.py", line 1513, in close
courier_service-1   |     await self._protocol.close(timeout)
courier_service-1   |   File "asyncpg/protocol/protocol.pyx", line 618, in close
courier_service-1   | RuntimeError: Task <Task pending name='Task-139' coro=<AsyncAdapt_asyncpg_connection._terminate_graceful_close() running at /usr/local/lib/python3.11/site-packages/sqlalchemy/dialects/postgresql/asyncpg.py:912> cb=[shield.<locals>._inner_done_callback() at /usr/local/lib/python3.11/asyncio/tasks.py:891]> got Future <Future pending> attached to a different loop
order_service-1     | INFO:     172.18.0.7:41548 - "POST /api/orders/13/assign HTTP/1.1" 200 OK
order_service-1     | [Order 12] Received assign request: route=[37, 7, 2, 10], type=<class 'list'>
order_service-1     | [Order 12] Found 5 couriers
order_service-1     |   Courier 1: status=delivering
order_service-1     |   Courier 2: status=delivering
order_service-1     |   Courier 4: status=delivering
order_service-1     |   Courier 3: status=delivering
courier_service-1   | Future exception was never retrieved
courier_service-1   | future: <Future finished exception=InternalClientError('got result for unknown protocol state 3')>
courier_service-1   | Traceback (most recent call last):
courier_service-1   |   File "asyncpg/protocol/protocol.pyx", line 892, in asyncpg.protocol.protocol.BaseProtocol._dispatch_result
courier_service-1   | asyncpg.exceptions._base.InternalClientError: got result for unknown protocol state 3
courier_service-1   | Future exception was never retrieved
courier_service-1   | future: <Future finished exception=InternalClientError('got result for unknown protocol state 3')>
courier_service-1   | Traceback (most recent call last):
courier_service-1   |   File "asyncpg/protocol/protocol.pyx", line 892, in asyncpg.protocol.protocol.BaseProtocol._dispatch_result
courier_service-1   | asyncpg.exceptions._base.InternalClientError: got result for unknown protocol state 3
courier_service-1   | Exception terminating connection <AdaptedConnection <asyncpg.connection.Connection object at 0x7f46bf7b3a60>>
courier_service-1   | Traceback (most recent call last):
courier_service-1   |   File "/usr/local/lib/python3.11/site-packages/sqlalchemy/pool/base.py", line 373, in _close_connection
courier_service-1   |     self._dialect.do_terminate(connection)
courier_service-1   |   File "/usr/local/lib/python3.11/site-packages/sqlalchemy/dialects/postgresql/asyncpg.py", line 1127, in do_terminate
courier_service-1   |     dbapi_connection.terminate()
courier_service-1   |   File "/usr/local/lib/python3.11/site-packages/sqlalchemy/connectors/asyncio.py", line 402, in terminate
courier_service-1   |     self.await_(asyncio.shield(self._terminate_graceful_close()))  # type: ignore[attr-defined] # noqa: E501
courier_service-1   |     ^^^^^^^^^^^^^^^^^^^^^^^^^^^^^^^^^^^^^^^^^^^^^^^^^^^^^^^^^^^^^
courier_service-1   |   File "/usr/local/lib/python3.11/site-packages/sqlalchemy/util/_concurrency_py3k.py", line 132, in await_only
courier_service-1   |     return current.parent.switch(awaitable)  # type: ignore[no-any-return,attr-defined] # noqa: E501
order_service-1     |   Courier 5: status=delivering
courier_service-1   |            ^^^^^^^^^^^^^^^^^^^^^^^^^^^^^^^^
order_service-1     | [Order 12] No idle couriers available
courier_service-1   |   File "/usr/local/lib/python3.11/site-packages/sqlalchemy/util/_concurrency_py3k.py", line 196, in greenlet_spawn
order_service-1     | INFO:     172.18.0.7:41548 - "POST /api/orders/12/assign HTTP/1.1" 200 OK
order_service-1     | [Order 11] Received assign request: route=[20, 37], type=<class 'list'>
order_service-1     | [Order 11] Found 5 couriers
order_service-1     |   Courier 1: status=delivering
order_service-1     |   Courier 2: status=delivering
order_service-1     |   Courier 4: status=delivering
order_service-1     |   Courier 3: status=delivering
order_service-1     |   Courier 5: status=delivering
order_service-1     | [Order 11] No idle couriers available
order_service-1     | INFO:     172.18.0.7:41548 - "POST /api/orders/11/assign HTTP/1.1" 200 OK
order_service-1     | [Order 10] Received assign request: route=[3, 14], type=<class 'list'>
order_service-1     | [Order 10] Found 5 couriers
order_service-1     |   Courier 1: status=delivering
order_service-1     |   Courier 2: status=delivering
order_service-1     |   Courier 4: status=delivering
order_service-1     |   Courier 3: status=delivering
order_service-1     |   Courier 5: status=delivering
order_service-1     | [Order 10] No idle couriers available
order_service-1     | INFO:     172.18.0.7:41548 - "POST /api/orders/10/assign HTTP/1.1" 200 OK
order_service-1     | [Order 9] Received assign request: route=[36, 41], type=<class 'list'>
courier_service-1   |     value = await result
courier_service-1   |             ^^^^^^^^^^^^
courier_service-1   |   File "/usr/local/lib/python3.11/site-packages/sqlalchemy/dialects/postgresql/asyncpg.py", line 912, in _terminate_graceful_close
courier_service-1   |     await self._connection.close(timeout=2)
courier_service-1   |   File "/usr/local/lib/python3.11/site-packages/asyncpg/connection.py", line 1513, in close
courier_service-1   |     await self._protocol.close(timeout)
courier_service-1   |   File "asyncpg/protocol/protocol.pyx", line 618, in close
courier_service-1   | RuntimeError: Task <Task pending name='Task-153' coro=<AsyncAdapt_asyncpg_connection._terminate_graceful_close() running at /usr/local/lib/python3.11/site-packages/sqlalchemy/dialects/postgresql/asyncpg.py:912> cb=[shield.<locals>._inner_done_callback() at /usr/local/lib/python3.11/asyncio/tasks.py:891]> got Future <Future pending> attached to a different loop
courier_service-1   | [CourierEmulator] move error for courier 1: Task <Task pending name='Task-134' coro=<CourierEmulator._move_along_route() running at /app/courier_service/courier_service.py:139> cb=[_run_until_complete_cb() at /usr/local/lib/python3.11/asyncio/base_events.py:181]> got Future <Future pending cb=[BaseProtocol._on_waiter_completed()]> attached to a different loop
courier_service-1   | [CourierEmulator] move error for courier 2: Task <Task pending name='Task-138' coro=<CourierEmulator._move_along_route() running at /app/courier_service/courier_service.py:139> cb=[_run_until_complete_cb() at /usr/local/lib/python3.11/asyncio/base_events.py:181]> got Future <Future pending cb=[BaseProtocol._on_waiter_completed()]> attached to a different loop
courier_service-1   | INFO:     172.18.0.8:42018 - "GET /api/couriers/ HTTP/1.1" 500 Internal Server Error
order_service-1     | [Order 9] Found 5 couriers
order_service-1     |   Courier 1: status=delivering
order_service-1     |   Courier 2: status=delivering
order_service-1     |   Courier 4: status=delivering
order_service-1     |   Courier 3: status=delivering
order_service-1     |   Courier 5: status=delivering
order_service-1     | [Order 9] No idle couriers available
order_service-1     | INFO:     172.18.0.7:41548 - "POST /api/orders/9/assign HTTP/1.1" 200 OK
order_service-1     | [Order 8] Received assign request: route=[19, 18], type=<class 'list'>
order_service-1     | [Order 8] Found 5 couriers
order_service-1     |   Courier 1: status=delivering
order_service-1     |   Courier 2: status=delivering
order_service-1     |   Courier 4: status=delivering
courier_service-1   | ERROR:    Exception in ASGI application
courier_service-1   | Traceback (most recent call last):
courier_service-1   |   File "/usr/local/lib/python3.11/site-packages/uvicorn/protocols/http/httptools_impl.py", line 421, in run_asgi
courier_service-1   |     result = await app(  # type: ignore[func-returns-value]
courier_service-1   |              ^^^^^^^^^^^^^^^^^^^^^^^^^^^^^^^^^^^^^^^^^^^^^^
courier_service-1   |   File "/usr/local/lib/python3.11/site-packages/uvicorn/middleware/proxy_headers.py", line 56, in __call__
courier_service-1   |     return await self.app(scope, receive, send)
courier_service-1   |            ^^^^^^^^^^^^^^^^^^^^^^^^^^^^^^^^^^^^
courier_service-1   |   File "/usr/local/lib/python3.11/site-packages/fastapi/applications.py", line 1159, in __call__
courier_service-1   |     await super().__call__(scope, receive, send)
courier_service-1   |   File "/usr/local/lib/python3.11/site-packages/starlette/applications.py", line 90, in __call__
courier_service-1   |     await self.middleware_stack(scope, receive, send)
courier_service-1   |   File "/usr/local/lib/python3.11/site-packages/starlette/middleware/errors.py", line 186, in __call__
order_service-1     |   Courier 3: status=delivering
order_service-1     |   Courier 5: status=delivering
order_service-1     | [Order 8] No idle couriers available
order_service-1     | INFO:     172.18.0.7:41548 - "POST /api/orders/8/assign HTTP/1.1" 200 OK
order_service-1     | [Order 7] Received assign request: route=[2, 7, 24, 40, 42, 34, 29, 5, 45], type=<class 'list'>
order_service-1     | [Order 7] Found 5 couriers
order_service-1     |   Courier 1: status=delivering
order_service-1     |   Courier 2: status=delivering
order_service-1     |   Courier 4: status=delivering
order_service-1     |   Courier 3: status=delivering
order_service-1     |   Courier 5: status=delivering
order_service-1     | [Order 7] No idle couriers available
order_service-1     | INFO:     172.18.0.7:41548 - "POST /api/orders/7/assign HTTP/1.1" 200 OK
order_service-1     | [Order 6] Received assign request: route=[35, 22], type=<class 'list'>
courier_service-1   |     raise exc
courier_service-1   |   File "/usr/local/lib/python3.11/site-packages/starlette/middleware/errors.py", line 164, in __call__
courier_service-1   |     await self.app(scope, receive, _send)
courier_service-1   |   File "/usr/local/lib/python3.11/site-packages/starlette/middleware/base.py", line 191, in __call__
courier_service-1   |     with recv_stream, send_stream, collapse_excgroups():
courier_service-1   |   File "/usr/local/lib/python3.11/contextlib.py", line 158, in __exit__
courier_service-1   |     self.gen.throw(typ, value, traceback)
courier_service-1   |   File "/usr/local/lib/python3.11/site-packages/starlette/_utils.py", line 87, in collapse_excgroups
courier_service-1   |     raise exc
courier_service-1   |   File "/usr/local/lib/python3.11/site-packages/starlette/middleware/base.py", line 193, in __call__
courier_service-1   |     response = await self.dispatch_func(request, call_next)
courier_service-1   |                ^^^^^^^^^^^^^^^^^^^^^^^^^^^^^^^^^^^^^^^^^^^^
order_service-1     | [Order 6] Found 5 couriers
order_service-1     |   Courier 1: status=delivering
order_service-1     |   Courier 2: status=delivering
order_service-1     |   Courier 4: status=delivering
order_service-1     |   Courier 3: status=delivering
order_service-1     |   Courier 5: status=delivering
order_service-1     | [Order 6] No idle couriers available
order_service-1     | INFO:     172.18.0.7:41548 - "POST /api/orders/6/assign HTTP/1.1" 200 OK
order_service-1     | INFO:     172.18.0.8:44968 - "GET /api/orders/ HTTP/1.1" 200 OK
order_service-1     | INFO:     172.18.0.7:41556 - "GET /api/orders/ HTTP/1.1" 200 OK
order_service-1     | [Order 20] Received assign request: route=[23, 13, 44], type=<class 'list'>
order_service-1     | [Order 20] Assignment error: 500: Failed to get couriers
order_service-1     | INFO:     172.18.0.7:41556 - "POST /api/orders/20/assign HTTP/1.1" 500 Internal Server Error
order_service-1     | [Order 19] Received assign request: route=[6, 22, 21], type=<class 'list'>
order_service-1     | [Order 19] Assignment error: 500: Failed to get couriers
order_service-1     | INFO:     172.18.0.7:41556 - "POST /api/orders/19/assign HTTP/1.1" 500 Internal Server Error
order_service-1     | [Order 18] Received assign request: route=[39, 42, 40, 24, 46, 38, 48], type=<class 'list'>
order_service-1     | [Order 18] Assignment error: 500: Failed to get couriers
order_service-1     | INFO:     172.18.0.7:41556 - "POST /api/orders/18/assign HTTP/1.1" 500 Internal Server Error
order_service-1     | [Order 17] Received assign request: route=[22, 1, 25], type=<class 'list'>
order_service-1     | [Order 17] Found 5 couriers
order_service-1     |   Courier 1: status=delivering
order_service-1     |   Courier 2: status=delivering
order_service-1     |   Courier 4: status=delivering
order_service-1     |   Courier 5: status=delivering
order_service-1     |   Courier 3: status=delivering
order_service-1     | [Order 17] No idle couriers available
order_service-1     | INFO:     172.18.0.7:41556 - "POST /api/orders/17/assign HTTP/1.1" 200 OK
order_service-1     | [Order 16] Received assign request: route=[5, 29, 34, 42, 40, 24, 7, 2], type=<class 'list'>
order_service-1     | [Order 16] Found 5 couriers
order_service-1     |   Courier 1: status=delivering
order_service-1     |   Courier 2: status=delivering
order_service-1     |   Courier 4: status=delivering
order_service-1     |   Courier 5: status=delivering
order_service-1     |   Courier 3: status=delivering
order_service-1     | [Order 16] No idle couriers available
courier_service-1   |   File "/app/courier_service/main.py", line 137, in prometheus_middleware
courier_service-1   |     response = await call_next(request)
courier_service-1   |                ^^^^^^^^^^^^^^^^^^^^^^^^
courier_service-1   |   File "/usr/local/lib/python3.11/site-packages/starlette/middleware/base.py", line 168, in call_next
courier_service-1   |     raise app_exc from app_exc.__cause__ or app_exc.__context__
courier_service-1   |   File "/usr/local/lib/python3.11/site-packages/starlette/middleware/base.py", line 144, in coro
courier_service-1   |     await self.app(scope, receive_or_disconnect, send_no_error)
courier_service-1   |   File "/usr/local/lib/python3.11/site-packages/starlette/middleware/exceptions.py", line 63, in __call__
order_service-1     | INFO:     172.18.0.7:41556 - "POST /api/orders/16/assign HTTP/1.1" 200 OK
order_service-1     | [Order 15] Received assign request: route=[38, 46, 24, 40, 42, 34, 29], type=<class 'list'>
order_service-1     | [Order 15] Found 5 couriers
order_service-1     |   Courier 1: status=delivering
order_service-1     |   Courier 2: status=delivering
order_service-1     |   Courier 4: status=delivering
order_service-1     |   Courier 5: status=delivering
order_service-1     |   Courier 3: status=delivering
order_service-1     | [Order 15] No idle couriers available
order_service-1     | INFO:     172.18.0.7:41556 - "POST /api/orders/15/assign HTTP/1.1" 200 OK
order_service-1     | [Order 14] Received assign request: route=[21, 22, 6], type=<class 'list'>
order_service-1     | [Order 14] Found 5 couriers
order_service-1     |   Courier 1: status=delivering
order_service-1     |   Courier 2: status=delivering
order_service-1     |   Courier 4: status=delivering
order_service-1     |   Courier 5: status=delivering
order_service-1     |   Courier 3: status=delivering
order_service-1     | [Order 14] No idle couriers available
order_service-1     | INFO:     172.18.0.7:41556 - "POST /api/orders/14/assign HTTP/1.1" 200 OK
order_service-1     | [Order 13] Received assign request: route=[4, 33], type=<class 'list'>
order_service-1     | [Order 13] Found 5 couriers
order_service-1     |   Courier 1: status=delivering
order_service-1     |   Courier 2: status=delivering
order_service-1     |   Courier 4: status=delivering
order_service-1     |   Courier 5: status=delivering
order_service-1     |   Courier 3: status=delivering
order_service-1     | [Order 13] No idle couriers available
order_service-1     | INFO:     172.18.0.7:41556 - "POST /api/orders/13/assign HTTP/1.1" 200 OK
order_service-1     | [Order 12] Received assign request: route=[37, 7, 2, 10], type=<class 'list'>
order_service-1     | [Order 12] Found 5 couriers
order_service-1     |   Courier 1: status=delivering
order_service-1     |   Courier 2: status=delivering
order_service-1     |   Courier 4: status=delivering
order_service-1     |   Courier 5: status=delivering
order_service-1     |   Courier 3: status=delivering
order_service-1     | [Order 12] No idle couriers available
order_service-1     | INFO:     172.18.0.7:41556 - "POST /api/orders/12/assign HTTP/1.1" 200 OK
order_service-1     | [Order 11] Received assign request: route=[20, 37], type=<class 'list'>
order_service-1     | [Order 11] Found 5 couriers
order_service-1     |   Courier 1: status=delivering
order_service-1     |   Courier 2: status=delivering
order_service-1     |   Courier 4: status=delivering
courier_service-1   |     await wrap_app_handling_exceptions(self.app, conn)(scope, receive, send)
order_service-1     |   Courier 5: status=delivering
courier_service-1   |   File "/usr/local/lib/python3.11/site-packages/starlette/_exception_handler.py", line 53, in wrapped_app
courier_service-1   |     raise exc
order_service-1     |   Courier 3: status=delivering
order_service-1     | [Order 11] No idle couriers available
order_service-1     | INFO:     172.18.0.7:41556 - "POST /api/orders/11/assign HTTP/1.1" 200 OK
order_service-1     | [Order 10] Received assign request: route=[3, 14], type=<class 'list'>
order_service-1     | [Order 10] Found 5 couriers
order_service-1     |   Courier 1: status=delivering
order_service-1     |   Courier 2: status=delivering
order_service-1     |   Courier 4: status=delivering
order_service-1     |   Courier 5: status=delivering
order_service-1     |   Courier 3: status=delivering
order_service-1     | [Order 10] No idle couriers available
order_service-1     | INFO:     172.18.0.7:41556 - "POST /api/orders/10/assign HTTP/1.1" 200 OK
order_service-1     | [Order 9] Received assign request: route=[36, 41], type=<class 'list'>
order_service-1     | [Order 9] Found 5 couriers
order_service-1     |   Courier 1: status=delivering
order_service-1     |   Courier 2: status=delivering
order_service-1     |   Courier 4: status=delivering
order_service-1     |   Courier 5: status=delivering
courier_service-1   |   File "/usr/local/lib/python3.11/site-packages/starlette/_exception_handler.py", line 42, in wrapped_app
courier_service-1   |     await app(scope, receive, sender)
courier_service-1   |   File "/usr/local/lib/python3.11/site-packages/fastapi/middleware/asyncexitstack.py", line 18, in __call__
courier_service-1   |     await self.app(scope, receive, send)
order_service-1     |   Courier 3: status=delivering
order_service-1     | [Order 9] No idle couriers available
order_service-1     | INFO:     172.18.0.7:41556 - "POST /api/orders/9/assign HTTP/1.1" 200 OK
order_service-1     | [Order 8] Received assign request: route=[19, 18], type=<class 'list'>
order_service-1     | [Order 8] Found 5 couriers
order_service-1     |   Courier 1: status=delivering
order_service-1     |   Courier 2: status=delivering
order_service-1     |   Courier 4: status=delivering
order_service-1     |   Courier 5: status=delivering
order_service-1     |   Courier 3: status=delivering
order_service-1     | [Order 8] No idle couriers available
order_service-1     | INFO:     172.18.0.7:41556 - "POST /api/orders/8/assign HTTP/1.1" 200 OK
order_service-1     | [Order 7] Received assign request: route=[2, 7, 24, 40, 42, 34, 29, 5, 45], type=<class 'list'>
order_service-1     | [Order 7] Found 5 couriers
courier_service-1   |   File "/usr/local/lib/python3.11/site-packages/starlette/routing.py", line 660, in __call__
courier_service-1   |     await self.middleware_stack(scope, receive, send)
courier_service-1   |   File "/usr/local/lib/python3.11/site-packages/starlette/routing.py", line 680, in app
courier_service-1   |     await route.handle(scope, receive, send)
courier_service-1   |   File "/usr/local/lib/python3.11/site-packages/starlette/routing.py", line 276, in handle
courier_service-1   |     await self.app(scope, receive, send)
courier_service-1   |   File "/usr/local/lib/python3.11/site-packages/fastapi/routing.py", line 134, in app
courier_service-1   |     await wrap_app_handling_exceptions(app, request)(scope, receive, send)
courier_service-1   |   File "/usr/local/lib/python3.11/site-packages/starlette/_exception_handler.py", line 53, in wrapped_app
courier_service-1   |     raise exc
courier_service-1   |   File "/usr/local/lib/python3.11/site-packages/starlette/_exception_handler.py", line 42, in wrapped_app
order_service-1     |   Courier 1: status=delivering
order_service-1     |   Courier 2: status=delivering
order_service-1     |   Courier 4: status=delivering
order_service-1     |   Courier 5: status=delivering
order_service-1     |   Courier 3: status=delivering
order_service-1     | [Order 7] No idle couriers available
order_service-1     | INFO:     172.18.0.7:41556 - "POST /api/orders/7/assign HTTP/1.1" 200 OK
courier_service-1   |     await app(scope, receive, sender)
courier_service-1   |   File "/usr/local/lib/python3.11/site-packages/fastapi/routing.py", line 120, in app
courier_service-1   |     response = await f(request)
courier_service-1   |                ^^^^^^^^^^^^^^^^
courier_service-1   |   File "/usr/local/lib/python3.11/site-packages/fastapi/routing.py", line 674, in app
courier_service-1   |     raw_response = await run_endpoint_function(
courier_service-1   |                    ^^^^^^^^^^^^^^^^^^^^^^^^^^^^
courier_service-1   |   File "/usr/local/lib/python3.11/site-packages/fastapi/routing.py", line 328, in run_endpoint_function
courier_service-1   |     return await dependant.call(**values)
courier_service-1   |            ^^^^^^^^^^^^^^^^^^^^^^^^^^^^^^
courier_service-1   |   File "/app/courier_service/routes.py", line 245, in list_couriers
courier_service-1   |     couriers = await service.get_all_couriers()
courier_service-1   |                ^^^^^^^^^^^^^^^^^^^^^^^^^^^^^^^^
courier_service-1   |   File "/app/courier_service/courier_service.py", line 370, in get_all_couriers
courier_service-1   |     result = await self.session.execute(select(Courier).execution_options(populate_existing=True))
courier_service-1   |              ^^^^^^^^^^^^^^^^^^^^^^^^^^^^^^^^^^^^^^^^^^^^^^^^^^^^^^^^^^^^^^^^^^^^^^^^^^^^^^^^^^^^^
courier_service-1   |   File "/usr/local/lib/python3.11/site-packages/sqlalchemy/ext/asyncio/session.py", line 449, in execute
courier_service-1   |     result = await greenlet_spawn(
order_service-1     | [Order 6] Received assign request: route=[35, 22], type=<class 'list'>
order_service-1     | [Order 6] Found 5 couriers
order_service-1     |   Courier 1: status=delivering
order_service-1     |   Courier 2: status=delivering
order_service-1     |   Courier 4: status=delivering
order_service-1     |   Courier 5: status=delivering
order_service-1     |   Courier 3: status=delivering
courier_service-1   |              ^^^^^^^^^^^^^^^^^^^^^
courier_service-1   |   File "/usr/local/lib/python3.11/site-packages/sqlalchemy/util/_concurrency_py3k.py", line 201, in greenlet_spawn
courier_service-1   |     result = context.throw(*sys.exc_info())
courier_service-1   |              ^^^^^^^^^^^^^^^^^^^^^^^^^^^^^^
courier_service-1   |   File "/usr/local/lib/python3.11/site-packages/sqlalchemy/orm/session.py", line 2351, in execute
courier_service-1   |     return self._execute_internal(
courier_service-1   |            ^^^^^^^^^^^^^^^^^^^^^^^
order_service-1     | [Order 6] No idle couriers available
courier_service-1   |   File "/usr/local/lib/python3.11/site-packages/sqlalchemy/orm/session.py", line 2239, in _execute_internal
order_service-1     | INFO:     172.18.0.7:41556 - "POST /api/orders/6/assign HTTP/1.1" 200 OK
courier_service-1   |     conn = self._connection_for_bind(bind)
order_service-1     | INFO:     172.18.0.8:44970 - "GET /api/orders/ HTTP/1.1" 200 OK
courier_service-1   |            ^^^^^^^^^^^^^^^^^^^^^^^^^^^^^^^
courier_service-1   |   File "/usr/local/lib/python3.11/site-packages/sqlalchemy/orm/session.py", line 2108, in _connection_for_bind
courier_service-1   |     return trans._connection_for_bind(engine, execution_options)
courier_service-1   |            ^^^^^^^^^^^^^^^^^^^^^^^^^^^^^^^^^^^^^^^^^^^^^^^^^^^^^
courier_service-1   |   File "<string>", line 2, in _connection_for_bind
courier_service-1   |   File "/usr/local/lib/python3.11/site-packages/sqlalchemy/orm/state_changes.py", line 137, in _go
courier_service-1   |     ret_value = fn(self, *arg, **kw)
courier_service-1   |                 ^^^^^^^^^^^^^^^^^^^^
courier_service-1   |   File "/usr/local/lib/python3.11/site-packages/sqlalchemy/orm/session.py", line 1187, in _connection_for_bind
courier_service-1   |     conn = bind.connect()
courier_service-1   |            ^^^^^^^^^^^^^^
courier_service-1   |   File "/usr/local/lib/python3.11/site-packages/sqlalchemy/engine/base.py", line 3293, in connect
courier_service-1   |     return self._connection_cls(self)
courier_service-1   |            ^^^^^^^^^^^^^^^^^^^^^^^^^^
order_service-1     | INFO:     172.18.0.7:41562 - "GET /api/orders/ HTTP/1.1" 200 OK
order_service-1     | [Order 20] Received assign request: route=[23, 13, 44], type=<class 'list'>
order_service-1     | [Order 20] Assignment error: 500: Failed to get couriers
order_service-1     | INFO:     172.18.0.7:41562 - "POST /api/orders/20/assign HTTP/1.1" 500 Internal Server Error
order_service-1     | [Order 19] Received assign request: route=[6, 22, 21], type=<class 'list'>
order_service-1     | [Order 19] Assignment error: 500: Failed to get couriers
order_service-1     | INFO:     172.18.0.7:41562 - "POST /api/orders/19/assign HTTP/1.1" 500 Internal Server Error
order_service-1     | [Order 18] Received assign request: route=[39, 42, 40, 24, 46, 38, 48], type=<class 'list'>
courier_service-1   |   File "/usr/local/lib/python3.11/site-packages/sqlalchemy/engine/base.py", line 143, in __init__
courier_service-1   |     self._dbapi_connection = engine.raw_connection()
courier_service-1   |                              ^^^^^^^^^^^^^^^^^^^^^^^
courier_service-1   |   File "/usr/local/lib/python3.11/site-packages/sqlalchemy/engine/base.py", line 3317, in raw_connection
courier_service-1   |     return self.pool.connect()
courier_service-1   |            ^^^^^^^^^^^^^^^^^^^
courier_service-1   |   File "/usr/local/lib/python3.11/site-packages/sqlalchemy/pool/base.py", line 448, in connect
order_service-1     | [Order 18] Found 5 couriers
order_service-1     |   Courier 4: status=delivering
order_service-1     |   Courier 5: status=delivering
order_service-1     |   Courier 3: status=delivering
order_service-1     |   Courier 2: status=delivering
order_service-1     |   Courier 1: status=delivering
order_service-1     | [Order 18] No idle couriers available
order_service-1     | INFO:     172.18.0.7:41562 - "POST /api/orders/18/assign HTTP/1.1" 200 OK
order_service-1     | [Order 17] Received assign request: route=[22, 1, 25], type=<class 'list'>
order_service-1     | [Order 17] Found 5 couriers
order_service-1     |   Courier 4: status=delivering
order_service-1     |   Courier 5: status=delivering
order_service-1     |   Courier 3: status=delivering
order_service-1     |   Courier 2: status=delivering
order_service-1     |   Courier 1: status=delivering
order_service-1     | [Order 17] No idle couriers available
order_service-1     | INFO:     172.18.0.7:41562 - "POST /api/orders/17/assign HTTP/1.1" 200 OK
order_service-1     | [Order 16] Received assign request: route=[5, 29, 34, 42, 40, 24, 7, 2], type=<class 'list'>
order_service-1     | [Order 16] Found 5 couriers
order_service-1     |   Courier 4: status=delivering
order_service-1     |   Courier 5: status=delivering
order_service-1     |   Courier 3: status=delivering
order_service-1     |   Courier 2: status=delivering
order_service-1     |   Courier 1: status=delivering
order_service-1     | [Order 16] No idle couriers available
courier_service-1   |     return _ConnectionFairy._checkout(self)
courier_service-1   |            ^^^^^^^^^^^^^^^^^^^^^^^^^^^^^^^^
courier_service-1   |   File "/usr/local/lib/python3.11/site-packages/sqlalchemy/pool/base.py", line 1371, in _checkout
courier_service-1   |     with util.safe_reraise():
courier_service-1   |   File "/usr/local/lib/python3.11/site-packages/sqlalchemy/util/langhelpers.py", line 121, in __exit__
courier_service-1   |     raise exc_value.with_traceback(exc_tb)
courier_service-1   |   File "/usr/local/lib/python3.11/site-packages/sqlalchemy/pool/base.py", line 1309, in _checkout
order_service-1     | INFO:     172.18.0.7:41562 - "POST /api/orders/16/assign HTTP/1.1" 200 OK
order_service-1     | [Order 15] Received assign request: route=[38, 46, 24, 40, 42, 34, 29], type=<class 'list'>
order_service-1     | [Order 15] Found 5 couriers
order_service-1     |   Courier 4: status=delivering
order_service-1     |   Courier 5: status=delivering
order_service-1     |   Courier 3: status=delivering
order_service-1     |   Courier 2: status=delivering
order_service-1     |   Courier 1: status=delivering
courier_service-1   |     result = pool._dialect._do_ping_w_event(
courier_service-1   |              ^^^^^^^^^^^^^^^^^^^^^^^^^^^^^^^
courier_service-1   |   File "/usr/local/lib/python3.11/site-packages/sqlalchemy/engine/default.py", line 729, in _do_ping_w_event
courier_service-1   |     return self.do_ping(dbapi_connection)
courier_service-1   |            ^^^^^^^^^^^^^^^^^^^^^^^^^^^^^^
courier_service-1   |   File "/usr/local/lib/python3.11/site-packages/sqlalchemy/dialects/postgresql/asyncpg.py", line 1160, in do_ping
courier_service-1   |     dbapi_connection.ping()
courier_service-1   |   File "/usr/local/lib/python3.11/site-packages/sqlalchemy/dialects/postgresql/asyncpg.py", line 818, in ping
order_service-1     | [Order 15] No idle couriers available
order_service-1     | INFO:     172.18.0.7:41562 - "POST /api/orders/15/assign HTTP/1.1" 200 OK
order_service-1     | [Order 14] Received assign request: route=[21, 22, 6], type=<class 'list'>
order_service-1     | [Order 14] Found 5 couriers
order_service-1     |   Courier 4: status=delivering
order_service-1     |   Courier 5: status=delivering
order_service-1     |   Courier 3: status=delivering
order_service-1     |   Courier 2: status=delivering
order_service-1     |   Courier 1: status=delivering
order_service-1     | [Order 14] No idle couriers available
order_service-1     | INFO:     172.18.0.7:41562 - "POST /api/orders/14/assign HTTP/1.1" 200 OK
order_service-1     | [Order 13] Received assign request: route=[4, 33], type=<class 'list'>
order_service-1     | [Order 13] Found 5 couriers
order_service-1     |   Courier 4: status=delivering
order_service-1     |   Courier 5: status=delivering
order_service-1     |   Courier 3: status=delivering
order_service-1     |   Courier 2: status=delivering
order_service-1     |   Courier 1: status=delivering
order_service-1     | [Order 13] No idle couriers available
order_service-1     | INFO:     172.18.0.7:41562 - "POST /api/orders/13/assign HTTP/1.1" 200 OK
order_service-1     | [Order 12] Received assign request: route=[37, 7, 2, 10], type=<class 'list'>
order_service-1     | [Order 12] Found 5 couriers
courier_service-1   |     self._handle_exception(error)
courier_service-1   |   File "/usr/local/lib/python3.11/site-packages/sqlalchemy/dialects/postgresql/asyncpg.py", line 799, in _handle_exception
courier_service-1   |     raise error
courier_service-1   |   File "/usr/local/lib/python3.11/site-packages/sqlalchemy/dialects/postgresql/asyncpg.py", line 816, in ping
courier_service-1   |     _ = self.await_(self._async_ping())
courier_service-1   |         ^^^^^^^^^^^^^^^^^^^^^^^^^^^^^^^
courier_service-1   |   File "/usr/local/lib/python3.11/site-packages/sqlalchemy/util/_concurrency_py3k.py", line 132, in await_only
courier_service-1   |     return current.parent.switch(awaitable)  # type: ignore[no-any-return,attr-defined] # noqa: E501
order_service-1     |   Courier 4: status=delivering
order_service-1     |   Courier 5: status=delivering
order_service-1     |   Courier 3: status=delivering
order_service-1     |   Courier 2: status=delivering
order_service-1     |   Courier 1: status=delivering
order_service-1     | [Order 12] No idle couriers available
order_service-1     | INFO:     172.18.0.7:41562 - "POST /api/orders/12/assign HTTP/1.1" 200 OK
order_service-1     | [Order 11] Received assign request: route=[20, 37], type=<class 'list'>
order_service-1     | [Order 11] Found 5 couriers
courier_service-1   |            ^^^^^^^^^^^^^^^^^^^^^^^^^^^^^^^^
courier_service-1   |   File "/usr/local/lib/python3.11/site-packages/sqlalchemy/util/_concurrency_py3k.py", line 196, in greenlet_spawn
courier_service-1   |     value = await result
courier_service-1   |             ^^^^^^^^^^^^
courier_service-1   |   File "/usr/local/lib/python3.11/site-packages/sqlalchemy/dialects/postgresql/asyncpg.py", line 825, in _async_ping
courier_service-1   |     await tr.start()
courier_service-1   |   File "/usr/local/lib/python3.11/site-packages/asyncpg/transaction.py", line 146, in start
courier_service-1   |     await self._connection.execute(query)
courier_service-1   |   File "/usr/local/lib/python3.11/site-packages/asyncpg/connection.py", line 354, in execute
courier_service-1   |     result = await self._protocol.query(query, timeout)
courier_service-1   |              ^^^^^^^^^^^^^^^^^^^^^^^^^^^^^^^^^^^^^^^^^^
courier_service-1   |   File "asyncpg/protocol/protocol.pyx", line 369, in query
courier_service-1   | RuntimeError: Task <Task pending name='starlette.middleware.base.BaseHTTPMiddleware.__call__.<locals>.call_next.<locals>.coro' coro=<BaseHTTPMiddleware.__call__.<locals>.call_next.<locals>.coro() running at /usr/local/lib/python3.11/site-packages/starlette/middleware/base.py:144> cb=[TaskGroup._spawn.<locals>.task_done() at /usr/local/lib/python3.11/site-packages/anyio/_backends/_asyncio.py:821]> got Future <Future pending cb=[BaseProtocol._on_waiter_completed()]> attached to a different loop
courier_service-1   | Exception terminating connection <AdaptedConnection <asyncpg.connection.Connection object at 0x7f46bf7c95d0>>
courier_service-1   | Traceback (most recent call last):
courier_service-1   |   File "/usr/local/lib/python3.11/site-packages/sqlalchemy/pool/base.py", line 373, in _close_connection
courier_service-1   |     self._dialect.do_terminate(connection)
courier_service-1   |   File "/usr/local/lib/python3.11/site-packages/sqlalchemy/dialects/postgresql/asyncpg.py", line 1127, in do_terminate
courier_service-1   |     dbapi_connection.terminate()
courier_service-1   |   File "/usr/local/lib/python3.11/site-packages/sqlalchemy/connectors/asyncio.py", line 402, in terminate
courier_service-1   |     self.await_(asyncio.shield(self._terminate_graceful_close()))  # type: ignore[attr-defined] # noqa: E501
courier_service-1   |     ^^^^^^^^^^^^^^^^^^^^^^^^^^^^^^^^^^^^^^^^^^^^^^^^^^^^^^^^^^^^^
courier_service-1   |   File "/usr/local/lib/python3.11/site-packages/sqlalchemy/util/_concurrency_py3k.py", line 132, in await_only
courier_service-1   |     return current.parent.switch(awaitable)  # type: ignore[no-any-return,attr-defined] # noqa: E501
courier_service-1   |            ^^^^^^^^^^^^^^^^^^^^^^^^^^^^^^^^
courier_service-1   |   File "/usr/local/lib/python3.11/site-packages/sqlalchemy/util/_concurrency_py3k.py", line 196, in greenlet_spawn
courier_service-1   |     value = await result
courier_service-1   |             ^^^^^^^^^^^^
order_service-1     |   Courier 4: status=delivering
order_service-1     |   Courier 5: status=delivering
order_service-1     |   Courier 3: status=delivering
order_service-1     |   Courier 2: status=delivering
order_service-1     |   Courier 1: status=delivering
order_service-1     | [Order 11] No idle couriers available
order_service-1     | INFO:     172.18.0.7:41562 - "POST /api/orders/11/assign HTTP/1.1" 200 OK
order_service-1     | [Order 10] Received assign request: route=[3, 14], type=<class 'list'>
order_service-1     | [Order 10] Found 5 couriers
order_service-1     |   Courier 4: status=delivering
order_service-1     |   Courier 5: status=delivering
order_service-1     |   Courier 3: status=delivering
order_service-1     |   Courier 2: status=delivering
order_service-1     |   Courier 1: status=delivering
order_service-1     | [Order 10] No idle couriers available
order_service-1     | INFO:     172.18.0.7:41562 - "POST /api/orders/10/assign HTTP/1.1" 200 OK
order_service-1     | [Order 9] Received assign request: route=[36, 41], type=<class 'list'>
order_service-1     | [Order 9] Found 5 couriers
order_service-1     |   Courier 4: status=delivering
order_service-1     |   Courier 5: status=delivering
order_service-1     |   Courier 3: status=delivering
order_service-1     |   Courier 2: status=delivering
order_service-1     |   Courier 1: status=delivering
courier_service-1   |   File "/usr/local/lib/python3.11/site-packages/sqlalchemy/dialects/postgresql/asyncpg.py", line 912, in _terminate_graceful_close
courier_service-1   |     await self._connection.close(timeout=2)
courier_service-1   |   File "/usr/local/lib/python3.11/site-packages/asyncpg/connection.py", line 1513, in close
courier_service-1   |     await self._protocol.close(timeout)
courier_service-1   |   File "asyncpg/protocol/protocol.pyx", line 618, in close
courier_service-1   | RuntimeError: Task <Task pending name='Task-158' coro=<AsyncAdapt_asyncpg_connection._terminate_graceful_close() running at /usr/local/lib/python3.11/site-packages/sqlalchemy/dialects/postgresql/asyncpg.py:912> cb=[shield.<locals>._inner_done_callback() at /usr/local/lib/python3.11/asyncio/tasks.py:891]> got Future <Future pending> attached to a different loop
courier_service-1   | INFO:     172.18.0.8:42032 - "GET /api/couriers/ HTTP/1.1" 500 Internal Server Error
courier_service-1   | ERROR:    Exception in ASGI application
courier_service-1   | Traceback (most recent call last):
courier_service-1   |   File "/usr/local/lib/python3.11/site-packages/uvicorn/protocols/http/httptools_impl.py", line 421, in run_asgi
courier_service-1   |     result = await app(  # type: ignore[func-returns-value]
courier_service-1   |              ^^^^^^^^^^^^^^^^^^^^^^^^^^^^^^^^^^^^^^^^^^^^^^
courier_service-1   |   File "/usr/local/lib/python3.11/site-packages/uvicorn/middleware/proxy_headers.py", line 56, in __call__
courier_service-1   |     return await self.app(scope, receive, send)
courier_service-1   |            ^^^^^^^^^^^^^^^^^^^^^^^^^^^^^^^^^^^^
courier_service-1   |   File "/usr/local/lib/python3.11/site-packages/fastapi/applications.py", line 1159, in __call__
courier_service-1   |     await super().__call__(scope, receive, send)
order_service-1     | [Order 9] No idle couriers available
order_service-1     | INFO:     172.18.0.7:41562 - "POST /api/orders/9/assign HTTP/1.1" 200 OK
order_service-1     | [Order 8] Received assign request: route=[19, 18], type=<class 'list'>
order_service-1     | [Order 8] Found 5 couriers
order_service-1     |   Courier 4: status=delivering
order_service-1     |   Courier 5: status=delivering
order_service-1     |   Courier 3: status=delivering
order_service-1     |   Courier 2: status=delivering
courier_service-1   |   File "/usr/local/lib/python3.11/site-packages/starlette/applications.py", line 90, in __call__
courier_service-1   |     await self.middleware_stack(scope, receive, send)
courier_service-1   |   File "/usr/local/lib/python3.11/site-packages/starlette/middleware/errors.py", line 186, in __call__
courier_service-1   |     raise exc
courier_service-1   |   File "/usr/local/lib/python3.11/site-packages/starlette/middleware/errors.py", line 164, in __call__
courier_service-1   |     await self.app(scope, receive, _send)
courier_service-1   |   File "/usr/local/lib/python3.11/site-packages/starlette/middleware/base.py", line 191, in __call__
courier_service-1   |     with recv_stream, send_stream, collapse_excgroups():
courier_service-1   |   File "/usr/local/lib/python3.11/contextlib.py", line 158, in __exit__
courier_service-1   |     self.gen.throw(typ, value, traceback)
courier_service-1   |   File "/usr/local/lib/python3.11/site-packages/starlette/_utils.py", line 87, in collapse_excgroups
courier_service-1   |     raise exc
courier_service-1   |   File "/usr/local/lib/python3.11/site-packages/starlette/middleware/base.py", line 193, in __call__
courier_service-1   |     response = await self.dispatch_func(request, call_next)
courier_service-1   |                ^^^^^^^^^^^^^^^^^^^^^^^^^^^^^^^^^^^^^^^^^^^^
courier_service-1   |   File "/app/courier_service/main.py", line 137, in prometheus_middleware
courier_service-1   |     response = await call_next(request)
courier_service-1   |                ^^^^^^^^^^^^^^^^^^^^^^^^
courier_service-1   |   File "/usr/local/lib/python3.11/site-packages/starlette/middleware/base.py", line 168, in call_next
courier_service-1   |     raise app_exc from app_exc.__cause__ or app_exc.__context__
courier_service-1   |   File "/usr/local/lib/python3.11/site-packages/starlette/middleware/base.py", line 144, in coro
courier_service-1   |     await self.app(scope, receive_or_disconnect, send_no_error)
order_service-1     |   Courier 1: status=delivering
order_service-1     | [Order 8] No idle couriers available
order_service-1     | INFO:     172.18.0.7:41562 - "POST /api/orders/8/assign HTTP/1.1" 200 OK
order_service-1     | [Order 7] Received assign request: route=[2, 7, 24, 40, 42, 34, 29, 5, 45], type=<class 'list'>
order_service-1     | [Order 7] Found 5 couriers
courier_service-1   |   File "/usr/local/lib/python3.11/site-packages/starlette/middleware/exceptions.py", line 63, in __call__
courier_service-1   |     await wrap_app_handling_exceptions(self.app, conn)(scope, receive, send)
courier_service-1   |   File "/usr/local/lib/python3.11/site-packages/starlette/_exception_handler.py", line 53, in wrapped_app
courier_service-1   |     raise exc
courier_service-1   |   File "/usr/local/lib/python3.11/site-packages/starlette/_exception_handler.py", line 42, in wrapped_app
courier_service-1   |     await app(scope, receive, sender)
courier_service-1   |   File "/usr/local/lib/python3.11/site-packages/fastapi/middleware/asyncexitstack.py", line 18, in __call__
courier_service-1   |     await self.app(scope, receive, send)
courier_service-1   |   File "/usr/local/lib/python3.11/site-packages/starlette/routing.py", line 660, in __call__
courier_service-1   |     await self.middleware_stack(scope, receive, send)
courier_service-1   |   File "/usr/local/lib/python3.11/site-packages/starlette/routing.py", line 680, in app
courier_service-1   |     await route.handle(scope, receive, send)
courier_service-1   |   File "/usr/local/lib/python3.11/site-packages/starlette/routing.py", line 276, in handle
courier_service-1   |     await self.app(scope, receive, send)
courier_service-1   |   File "/usr/local/lib/python3.11/site-packages/fastapi/routing.py", line 134, in app
courier_service-1   |     await wrap_app_handling_exceptions(app, request)(scope, receive, send)
courier_service-1   |   File "/usr/local/lib/python3.11/site-packages/starlette/_exception_handler.py", line 53, in wrapped_app
order_service-1     |   Courier 4: status=delivering
courier_service-1   |     raise exc
courier_service-1   |   File "/usr/local/lib/python3.11/site-packages/starlette/_exception_handler.py", line 42, in wrapped_app
courier_service-1   |     await app(scope, receive, sender)
order_service-1     |   Courier 5: status=delivering
order_service-1     |   Courier 3: status=delivering
order_service-1     |   Courier 2: status=delivering
order_service-1     |   Courier 1: status=delivering
order_service-1     | [Order 7] No idle couriers available
order_service-1     | INFO:     172.18.0.7:41562 - "POST /api/orders/7/assign HTTP/1.1" 200 OK
order_service-1     | [Order 6] Received assign request: route=[35, 22], type=<class 'list'>
order_service-1     | [Order 6] Found 5 couriers
order_service-1     |   Courier 4: status=delivering
order_service-1     |   Courier 5: status=delivering
order_service-1     |   Courier 3: status=delivering
order_service-1     |   Courier 2: status=delivering
order_service-1     |   Courier 1: status=delivering
order_service-1     | [Order 6] No idle couriers available
order_service-1     | INFO:     172.18.0.7:41562 - "POST /api/orders/6/assign HTTP/1.1" 200 OK
order_service-1     | INFO:     172.18.0.8:44972 - "GET /api/orders/ HTTP/1.1" 200 OK
order_service-1     | INFO:     172.18.0.7:41576 - "GET /api/orders/ HTTP/1.1" 200 OK
order_service-1     | [Order 20] Received assign request: route=[23, 13, 44], type=<class 'list'>
order_service-1     | [Order 20] Found 5 couriers
courier_service-1   |   File "/usr/local/lib/python3.11/site-packages/fastapi/routing.py", line 120, in app
order_service-1     |   Courier 4: status=delivering
courier_service-1   |     response = await f(request)
courier_service-1   |                ^^^^^^^^^^^^^^^^
courier_service-1   |   File "/usr/local/lib/python3.11/site-packages/fastapi/routing.py", line 674, in app
courier_service-1   |     raw_response = await run_endpoint_function(
courier_service-1   |                    ^^^^^^^^^^^^^^^^^^^^^^^^^^^^
courier_service-1   |   File "/usr/local/lib/python3.11/site-packages/fastapi/routing.py", line 328, in run_endpoint_function
courier_service-1   |     return await dependant.call(**values)
courier_service-1   |            ^^^^^^^^^^^^^^^^^^^^^^^^^^^^^^
order_service-1     |   Courier 2: status=delivering
courier_service-1   |   File "/app/courier_service/routes.py", line 245, in list_couriers
order_service-1     |   Courier 3: status=delivering
order_service-1     |   Courier 1: status=delivering
order_service-1     |   Courier 5: status=delivering
order_service-1     | [Order 20] No idle couriers available
order_service-1     | INFO:     172.18.0.7:41576 - "POST /api/orders/20/assign HTTP/1.1" 200 OK
order_service-1     | [Order 19] Received assign request: route=[6, 22, 21], type=<class 'list'>
order_service-1     | [Order 19] Assignment error: 500: Failed to get couriers
order_service-1     | INFO:     172.18.0.7:41576 - "POST /api/orders/19/assign HTTP/1.1" 500 Internal Server Error
order_service-1     | [Order 18] Received assign request: route=[39, 42, 40, 24, 46, 38, 48], type=<class 'list'>
order_service-1     | [Order 18] Found 5 couriers
courier_service-1   |     couriers = await service.get_all_couriers()
courier_service-1   |                ^^^^^^^^^^^^^^^^^^^^^^^^^^^^^^^^
courier_service-1   |   File "/app/courier_service/courier_service.py", line 370, in get_all_couriers
courier_service-1   |     result = await self.session.execute(select(Courier).execution_options(populate_existing=True))
courier_service-1   |              ^^^^^^^^^^^^^^^^^^^^^^^^^^^^^^^^^^^^^^^^^^^^^^^^^^^^^^^^^^^^^^^^^^^^^^^^^^^^^^^^^^^^^
courier_service-1   |   File "/usr/local/lib/python3.11/site-packages/sqlalchemy/ext/asyncio/session.py", line 449, in execute
courier_service-1   |     result = await greenlet_spawn(
courier_service-1   |              ^^^^^^^^^^^^^^^^^^^^^
courier_service-1   |   File "/usr/local/lib/python3.11/site-packages/sqlalchemy/util/_concurrency_py3k.py", line 201, in greenlet_spawn
courier_service-1   |     result = context.throw(*sys.exc_info())
courier_service-1   |              ^^^^^^^^^^^^^^^^^^^^^^^^^^^^^^
courier_service-1   |   File "/usr/local/lib/python3.11/site-packages/sqlalchemy/orm/session.py", line 2351, in execute
courier_service-1   |     return self._execute_internal(
courier_service-1   |            ^^^^^^^^^^^^^^^^^^^^^^^
courier_service-1   |   File "/usr/local/lib/python3.11/site-packages/sqlalchemy/orm/session.py", line 2239, in _execute_internal
courier_service-1   |     conn = self._connection_for_bind(bind)
courier_service-1   |            ^^^^^^^^^^^^^^^^^^^^^^^^^^^^^^^
courier_service-1   |   File "/usr/local/lib/python3.11/site-packages/sqlalchemy/orm/session.py", line 2108, in _connection_for_bind
order_service-1     |   Courier 4: status=delivering
order_service-1     |   Courier 2: status=delivering
order_service-1     |   Courier 3: status=delivering
order_service-1     |   Courier 1: status=delivering
order_service-1     |   Courier 5: status=delivering
order_service-1     | [Order 18] No idle couriers available
order_service-1     | INFO:     172.18.0.7:41576 - "POST /api/orders/18/assign HTTP/1.1" 200 OK
order_service-1     | [Order 17] Received assign request: route=[22, 1, 25], type=<class 'list'>
order_service-1     | [Order 17] Found 5 couriers
order_service-1     |   Courier 4: status=delivering
order_service-1     |   Courier 2: status=delivering
order_service-1     |   Courier 3: status=delivering
order_service-1     |   Courier 1: status=delivering
order_service-1     |   Courier 5: status=delivering
courier_service-1   |     return trans._connection_for_bind(engine, execution_options)
courier_service-1   |            ^^^^^^^^^^^^^^^^^^^^^^^^^^^^^^^^^^^^^^^^^^^^^^^^^^^^^
courier_service-1   |   File "<string>", line 2, in _connection_for_bind
courier_service-1   |   File "/usr/local/lib/python3.11/site-packages/sqlalchemy/orm/state_changes.py", line 137, in _go
courier_service-1   |     ret_value = fn(self, *arg, **kw)
courier_service-1   |                 ^^^^^^^^^^^^^^^^^^^^
courier_service-1   |   File "/usr/local/lib/python3.11/site-packages/sqlalchemy/orm/session.py", line 1187, in _connection_for_bind
courier_service-1   |     conn = bind.connect()
courier_service-1   |            ^^^^^^^^^^^^^^
courier_service-1   |   File "/usr/local/lib/python3.11/site-packages/sqlalchemy/engine/base.py", line 3293, in connect
courier_service-1   |     return self._connection_cls(self)
courier_service-1   |            ^^^^^^^^^^^^^^^^^^^^^^^^^^
courier_service-1   |   File "/usr/local/lib/python3.11/site-packages/sqlalchemy/engine/base.py", line 143, in __init__
courier_service-1   |     self._dbapi_connection = engine.raw_connection()
order_service-1     | [Order 17] No idle couriers available
order_service-1     | INFO:     172.18.0.7:41576 - "POST /api/orders/17/assign HTTP/1.1" 200 OK
order_service-1     | [Order 16] Received assign request: route=[5, 29, 34, 42, 40, 24, 7, 2], type=<class 'list'>
order_service-1     | [Order 16] Found 5 couriers
order_service-1     |   Courier 4: status=delivering
order_service-1     |   Courier 2: status=delivering
order_service-1     |   Courier 3: status=delivering
order_service-1     |   Courier 1: status=delivering
order_service-1     |   Courier 5: status=delivering
order_service-1     | [Order 16] No idle couriers available
order_service-1     | INFO:     172.18.0.7:41576 - "POST /api/orders/16/assign HTTP/1.1" 200 OK
order_service-1     | [Order 15] Received assign request: route=[38, 46, 24, 40, 42, 34, 29], type=<class 'list'>
order_service-1     | [Order 15] Found 5 couriers
order_service-1     |   Courier 4: status=delivering
courier_service-1   |                              ^^^^^^^^^^^^^^^^^^^^^^^
courier_service-1   |   File "/usr/local/lib/python3.11/site-packages/sqlalchemy/engine/base.py", line 3317, in raw_connection
courier_service-1   |     return self.pool.connect()
courier_service-1   |            ^^^^^^^^^^^^^^^^^^^
courier_service-1   |   File "/usr/local/lib/python3.11/site-packages/sqlalchemy/pool/base.py", line 448, in connect
courier_service-1   |     return _ConnectionFairy._checkout(self)
courier_service-1   |            ^^^^^^^^^^^^^^^^^^^^^^^^^^^^^^^^
courier_service-1   |   File "/usr/local/lib/python3.11/site-packages/sqlalchemy/pool/base.py", line 1371, in _checkout
order_service-1     |   Courier 2: status=delivering
order_service-1     |   Courier 3: status=delivering
order_service-1     |   Courier 1: status=delivering
order_service-1     |   Courier 5: status=delivering
order_service-1     | [Order 15] No idle couriers available
order_service-1     | INFO:     172.18.0.7:41576 - "POST /api/orders/15/assign HTTP/1.1" 200 OK
order_service-1     | [Order 14] Received assign request: route=[21, 22, 6], type=<class 'list'>
order_service-1     | [Order 14] Found 5 couriers
order_service-1     |   Courier 4: status=delivering
courier_service-1   |     with util.safe_reraise():
courier_service-1   |   File "/usr/local/lib/python3.11/site-packages/sqlalchemy/util/langhelpers.py", line 121, in __exit__
courier_service-1   |     raise exc_value.with_traceback(exc_tb)
courier_service-1   |   File "/usr/local/lib/python3.11/site-packages/sqlalchemy/pool/base.py", line 1309, in _checkout
courier_service-1   |     result = pool._dialect._do_ping_w_event(
courier_service-1   |              ^^^^^^^^^^^^^^^^^^^^^^^^^^^^^^^
courier_service-1   |   File "/usr/local/lib/python3.11/site-packages/sqlalchemy/engine/default.py", line 729, in _do_ping_w_event
courier_service-1   |     return self.do_ping(dbapi_connection)
order_service-1     |   Courier 2: status=delivering
order_service-1     |   Courier 3: status=delivering
order_service-1     |   Courier 1: status=delivering
order_service-1     |   Courier 5: status=delivering
order_service-1     | [Order 14] No idle couriers available
order_service-1     | INFO:     172.18.0.7:41576 - "POST /api/orders/14/assign HTTP/1.1" 200 OK
courier_service-1   |            ^^^^^^^^^^^^^^^^^^^^^^^^^^^^^^
courier_service-1   |   File "/usr/local/lib/python3.11/site-packages/sqlalchemy/dialects/postgresql/asyncpg.py", line 1160, in do_ping
courier_service-1   |     dbapi_connection.ping()
courier_service-1   |   File "/usr/local/lib/python3.11/site-packages/sqlalchemy/dialects/postgresql/asyncpg.py", line 818, in ping
courier_service-1   |     self._handle_exception(error)
courier_service-1   |   File "/usr/local/lib/python3.11/site-packages/sqlalchemy/dialects/postgresql/asyncpg.py", line 799, in _handle_exception
courier_service-1   |     raise error
courier_service-1   |   File "/usr/local/lib/python3.11/site-packages/sqlalchemy/dialects/postgresql/asyncpg.py", line 816, in ping
order_service-1     | [Order 13] Received assign request: route=[4, 33], type=<class 'list'>
courier_service-1   |     _ = self.await_(self._async_ping())
courier_service-1   |         ^^^^^^^^^^^^^^^^^^^^^^^^^^^^^^^
courier_service-1   |   File "/usr/local/lib/python3.11/site-packages/sqlalchemy/util/_concurrency_py3k.py", line 132, in await_only
courier_service-1   |     return current.parent.switch(awaitable)  # type: ignore[no-any-return,attr-defined] # noqa: E501
courier_service-1   |            ^^^^^^^^^^^^^^^^^^^^^^^^^^^^^^^^
courier_service-1   |   File "/usr/local/lib/python3.11/site-packages/sqlalchemy/util/_concurrency_py3k.py", line 196, in greenlet_spawn
courier_service-1   |     value = await result
courier_service-1   |             ^^^^^^^^^^^^
courier_service-1   |   File "/usr/local/lib/python3.11/site-packages/sqlalchemy/dialects/postgresql/asyncpg.py", line 825, in _async_ping
courier_service-1   |     await tr.start()
courier_service-1   |   File "/usr/local/lib/python3.11/site-packages/asyncpg/transaction.py", line 146, in start
courier_service-1   |     await self._connection.execute(query)
courier_service-1   |   File "/usr/local/lib/python3.11/site-packages/asyncpg/connection.py", line 354, in execute
courier_service-1   |     result = await self._protocol.query(query, timeout)
courier_service-1   |              ^^^^^^^^^^^^^^^^^^^^^^^^^^^^^^^^^^^^^^^^^^
courier_service-1   |   File "asyncpg/protocol/protocol.pyx", line 369, in query
courier_service-1   | RuntimeError: Task <Task pending name='starlette.middleware.base.BaseHTTPMiddleware.__call__.<locals>.call_next.<locals>.coro' coro=<BaseHTTPMiddleware.__call__.<locals>.call_next.<locals>.coro() running at /usr/local/lib/python3.11/site-packages/starlette/middleware/base.py:144> cb=[TaskGroup._spawn.<locals>.task_done() at /usr/local/lib/python3.11/site-packages/anyio/_backends/_asyncio.py:821]> got Future <Future pending cb=[BaseProtocol._on_waiter_completed()]> attached to a different loop
order_service-1     | [Order 13] Found 5 couriers
order_service-1     |   Courier 4: status=delivering
order_service-1     |   Courier 2: status=delivering
order_service-1     |   Courier 3: status=delivering
order_service-1     |   Courier 1: status=delivering
order_service-1     |   Courier 5: status=delivering
order_service-1     | [Order 13] No idle couriers available
order_service-1     | INFO:     172.18.0.7:41576 - "POST /api/orders/13/assign HTTP/1.1" 200 OK
order_service-1     | [Order 12] Received assign request: route=[37, 7, 2, 10], type=<class 'list'>
order_service-1     | [Order 12] Found 5 couriers
order_service-1     |   Courier 4: status=delivering
order_service-1     |   Courier 2: status=delivering
order_service-1     |   Courier 3: status=delivering
order_service-1     |   Courier 1: status=delivering
order_service-1     |   Courier 5: status=delivering
order_service-1     | [Order 12] No idle couriers available
order_service-1     | INFO:     172.18.0.7:41576 - "POST /api/orders/12/assign HTTP/1.1" 200 OK
order_service-1     | [Order 11] Received assign request: route=[20, 37], type=<class 'list'>
order_service-1     | [Order 11] Found 5 couriers
order_service-1     |   Courier 4: status=delivering
order_service-1     |   Courier 2: status=delivering
order_service-1     |   Courier 3: status=delivering
order_service-1     |   Courier 1: status=delivering
order_service-1     |   Courier 5: status=delivering
order_service-1     | [Order 11] No idle couriers available
order_service-1     | INFO:     172.18.0.7:41576 - "POST /api/orders/11/assign HTTP/1.1" 200 OK
order_service-1     | [Order 10] Received assign request: route=[3, 14], type=<class 'list'>
order_service-1     | [Order 10] Found 5 couriers
order_service-1     |   Courier 4: status=delivering
order_service-1     |   Courier 2: status=delivering
order_service-1     |   Courier 3: status=delivering
order_service-1     |   Courier 1: status=delivering
order_service-1     |   Courier 5: status=delivering
order_service-1     | [Order 10] No idle couriers available
order_service-1     | INFO:     172.18.0.7:41576 - "POST /api/orders/10/assign HTTP/1.1" 200 OK
order_service-1     | [Order 9] Received assign request: route=[36, 41], type=<class 'list'>
order_service-1     | [Order 9] Found 5 couriers
order_service-1     |   Courier 4: status=delivering
order_service-1     |   Courier 2: status=delivering
order_service-1     |   Courier 3: status=delivering
courier_service-1   | Exception terminating connection <AdaptedConnection <asyncpg.connection.Connection object at 0x7f46bf7c96c0>>
courier_service-1   | Traceback (most recent call last):
courier_service-1   |   File "/usr/local/lib/python3.11/site-packages/sqlalchemy/pool/base.py", line 373, in _close_connection
courier_service-1   |     self._dialect.do_terminate(connection)
courier_service-1   |   File "/usr/local/lib/python3.11/site-packages/sqlalchemy/dialects/postgresql/asyncpg.py", line 1127, in do_terminate
courier_service-1   |     dbapi_connection.terminate()
courier_service-1   |   File "/usr/local/lib/python3.11/site-packages/sqlalchemy/connectors/asyncio.py", line 402, in terminate
courier_service-1   |     self.await_(asyncio.shield(self._terminate_graceful_close()))  # type: ignore[attr-defined] # noqa: E501
courier_service-1   |     ^^^^^^^^^^^^^^^^^^^^^^^^^^^^^^^^^^^^^^^^^^^^^^^^^^^^^^^^^^^^^
courier_service-1   |   File "/usr/local/lib/python3.11/site-packages/sqlalchemy/util/_concurrency_py3k.py", line 132, in await_only
courier_service-1   |     return current.parent.switch(awaitable)  # type: ignore[no-any-return,attr-defined] # noqa: E501
courier_service-1   |            ^^^^^^^^^^^^^^^^^^^^^^^^^^^^^^^^
courier_service-1   |   File "/usr/local/lib/python3.11/site-packages/sqlalchemy/util/_concurrency_py3k.py", line 196, in greenlet_spawn
courier_service-1   |     value = await result
courier_service-1   |             ^^^^^^^^^^^^
order_service-1     |   Courier 1: status=delivering
order_service-1     |   Courier 5: status=delivering
order_service-1     | [Order 9] No idle couriers available
order_service-1     | INFO:     172.18.0.7:41576 - "POST /api/orders/9/assign HTTP/1.1" 200 OK
order_service-1     | [Order 8] Received assign request: route=[19, 18], type=<class 'list'>
order_service-1     | [Order 8] Found 5 couriers
order_service-1     |   Courier 4: status=delivering
order_service-1     |   Courier 2: status=delivering
order_service-1     |   Courier 3: status=delivering
order_service-1     |   Courier 1: status=delivering
order_service-1     |   Courier 5: status=delivering
order_service-1     | [Order 8] No idle couriers available
order_service-1     | INFO:     172.18.0.7:41576 - "POST /api/orders/8/assign HTTP/1.1" 200 OK
order_service-1     | [Order 7] Received assign request: route=[2, 7, 24, 40, 42, 34, 29, 5, 45], type=<class 'list'>
order_service-1     | [Order 7] Found 5 couriers
order_service-1     |   Courier 4: status=delivering
order_service-1     |   Courier 2: status=delivering
order_service-1     |   Courier 3: status=delivering
order_service-1     |   Courier 1: status=delivering
order_service-1     |   Courier 5: status=delivering
order_service-1     | [Order 7] No idle couriers available
order_service-1     | INFO:     172.18.0.7:41576 - "POST /api/orders/7/assign HTTP/1.1" 200 OK
order_service-1     | [Order 6] Received assign request: route=[35, 22], type=<class 'list'>
courier_service-1   |   File "/usr/local/lib/python3.11/site-packages/sqlalchemy/dialects/postgresql/asyncpg.py", line 912, in _terminate_graceful_close
courier_service-1   |     await self._connection.close(timeout=2)
courier_service-1   |   File "/usr/local/lib/python3.11/site-packages/asyncpg/connection.py", line 1513, in close
courier_service-1   |     await self._protocol.close(timeout)
courier_service-1   |   File "asyncpg/protocol/protocol.pyx", line 618, in close
order_service-1     | [Order 6] Found 5 couriers
order_service-1     |   Courier 4: status=delivering
order_service-1     |   Courier 2: status=delivering
order_service-1     |   Courier 3: status=delivering
order_service-1     |   Courier 1: status=delivering
order_service-1     |   Courier 5: status=delivering
order_service-1     | [Order 6] No idle couriers available
order_service-1     | INFO:     172.18.0.7:41576 - "POST /api/orders/6/assign HTTP/1.1" 200 OK
order_service-1     | INFO:     172.18.0.8:44984 - "GET /api/orders/ HTTP/1.1" 200 OK
order_service-1     | INFO:     172.18.0.7:54798 - "GET /api/orders/ HTTP/1.1" 200 OK
order_service-1     | [Order 20] Received assign request: route=[23, 13, 44], type=<class 'list'>
order_service-1     | [Order 20] Assignment error: 500: Failed to get couriers
order_service-1     | INFO:     172.18.0.7:54798 - "POST /api/orders/20/assign HTTP/1.1" 500 Internal Server Error
order_service-1     | [Order 19] Received assign request: route=[6, 22, 21], type=<class 'list'>
order_service-1     | INFO:     172.18.0.3:60596 - "GET /metrics HTTP/1.1" 200 OK
order_service-1     | [Order 19] Assignment error: 500: Failed to get couriers
order_service-1     | INFO:     172.18.0.7:54798 - "POST /api/orders/19/assign HTTP/1.1" 500 Internal Server Error
order_service-1     | [Order 18] Received assign request: route=[39, 42, 40, 24, 46, 38, 48], type=<class 'list'>
order_service-1     | [Order 18] Assignment error: 500: Failed to get couriers
order_service-1     | INFO:     172.18.0.7:54798 - "POST /api/orders/18/assign HTTP/1.1" 500 Internal Server Error
order_service-1     | [Order 17] Received assign request: route=[22, 1, 25], type=<class 'list'>
order_service-1     | [Order 17] Found 5 couriers
order_service-1     |   Courier 2: status=delivering
order_service-1     |   Courier 1: status=delivering
order_service-1     |   Courier 4: status=delivering
order_service-1     |   Courier 5: status=delivering
order_service-1     |   Courier 3: status=delivering
order_service-1     | [Order 17] No idle couriers available
order_service-1     | INFO:     172.18.0.7:54798 - "POST /api/orders/17/assign HTTP/1.1" 200 OK
order_service-1     | [Order 16] Received assign request: route=[5, 29, 34, 42, 40, 24, 7, 2], type=<class 'list'>
order_service-1     | [Order 16] Found 5 couriers
order_service-1     |   Courier 2: status=delivering
order_service-1     |   Courier 1: status=delivering
order_service-1     |   Courier 4: status=delivering
order_service-1     |   Courier 5: status=delivering
order_service-1     |   Courier 3: status=delivering
order_service-1     | [Order 16] No idle couriers available
order_service-1     | INFO:     172.18.0.7:54798 - "POST /api/orders/16/assign HTTP/1.1" 200 OK
courier_service-1   | RuntimeError: Task <Task pending name='Task-162' coro=<AsyncAdapt_asyncpg_connection._terminate_graceful_close() running at /usr/local/lib/python3.11/site-packages/sqlalchemy/dialects/postgresql/asyncpg.py:912> cb=[shield.<locals>._inner_done_callback() at /usr/local/lib/python3.11/asyncio/tasks.py:891]> got Future <Future pending> attached to a different loop
courier_service-1   | Future exception was never retrieved
order_service-1     | [Order 15] Received assign request: route=[38, 46, 24, 40, 42, 34, 29], type=<class 'list'>
order_service-1     | [Order 15] Found 5 couriers
order_service-1     |   Courier 2: status=delivering
order_service-1     |   Courier 1: status=delivering
order_service-1     |   Courier 4: status=delivering
order_service-1     |   Courier 5: status=delivering
order_service-1     |   Courier 3: status=delivering
order_service-1     | [Order 15] No idle couriers available
courier_service-1   | future: <Future finished exception=InternalClientError('got result for unknown protocol state 3')>
courier_service-1   | Traceback (most recent call last):
courier_service-1   |   File "asyncpg/protocol/protocol.pyx", line 892, in asyncpg.protocol.protocol.BaseProtocol._dispatch_result
courier_service-1   | asyncpg.exceptions._base.InternalClientError: got result for unknown protocol state 3
courier_service-1   | Future exception was never retrieved
courier_service-1   | future: <Future finished exception=InternalClientError('got result for unknown protocol state 3')>
courier_service-1   | Traceback (most recent call last):
courier_service-1   |   File "asyncpg/protocol/protocol.pyx", line 892, in asyncpg.protocol.protocol.BaseProtocol._dispatch_result
order_service-1     | INFO:     172.18.0.7:54798 - "POST /api/orders/15/assign HTTP/1.1" 200 OK
courier_service-1   | asyncpg.exceptions._base.InternalClientError: got result for unknown protocol state 3
courier_service-1   | Future exception was never retrieved
courier_service-1   | future: <Future finished exception=InternalClientError('got result for unknown protocol state 3')>
courier_service-1   | Traceback (most recent call last):
courier_service-1   |   File "asyncpg/protocol/protocol.pyx", line 892, in asyncpg.protocol.protocol.BaseProtocol._dispatch_result
courier_service-1   | asyncpg.exceptions._base.InternalClientError: got result for unknown protocol state 3
courier_service-1   | Exception terminating connection <AdaptedConnection <asyncpg.connection.Connection object at 0x7f46bf7dea70>>
courier_service-1   | Traceback (most recent call last):
courier_service-1   |   File "/usr/local/lib/python3.11/site-packages/sqlalchemy/pool/base.py", line 373, in _close_connection
courier_service-1   |     self._dialect.do_terminate(connection)
courier_service-1   |   File "/usr/local/lib/python3.11/site-packages/sqlalchemy/dialects/postgresql/asyncpg.py", line 1127, in do_terminate
courier_service-1   |     dbapi_connection.terminate()
courier_service-1   |   File "/usr/local/lib/python3.11/site-packages/sqlalchemy/connectors/asyncio.py", line 402, in terminate
courier_service-1   |     self.await_(asyncio.shield(self._terminate_graceful_close()))  # type: ignore[attr-defined] # noqa: E501
courier_service-1   |     ^^^^^^^^^^^^^^^^^^^^^^^^^^^^^^^^^^^^^^^^^^^^^^^^^^^^^^^^^^^^^
courier_service-1   |   File "/usr/local/lib/python3.11/site-packages/sqlalchemy/util/_concurrency_py3k.py", line 132, in await_only
order_service-1     | [Order 14] Received assign request: route=[21, 22, 6], type=<class 'list'>
courier_service-1   |     return current.parent.switch(awaitable)  # type: ignore[no-any-return,attr-defined] # noqa: E501
courier_service-1   |            ^^^^^^^^^^^^^^^^^^^^^^^^^^^^^^^^
courier_service-1   |   File "/usr/local/lib/python3.11/site-packages/sqlalchemy/util/_concurrency_py3k.py", line 196, in greenlet_spawn
courier_service-1   |     value = await result
courier_service-1   |             ^^^^^^^^^^^^
courier_service-1   |   File "/usr/local/lib/python3.11/site-packages/sqlalchemy/dialects/postgresql/asyncpg.py", line 912, in _terminate_graceful_close
courier_service-1   |     await self._connection.close(timeout=2)
courier_service-1   |   File "/usr/local/lib/python3.11/site-packages/asyncpg/connection.py", line 1513, in close
courier_service-1   |     await self._protocol.close(timeout)
courier_service-1   |   File "asyncpg/protocol/protocol.pyx", line 618, in close
courier_service-1   | RuntimeError: Task <Task pending name='Task-171' coro=<AsyncAdapt_asyncpg_connection._terminate_graceful_close() running at /usr/local/lib/python3.11/site-packages/sqlalchemy/dialects/postgresql/asyncpg.py:912> cb=[shield.<locals>._inner_done_callback() at /usr/local/lib/python3.11/asyncio/tasks.py:891]> got Future <Future pending> attached to a different loop
courier_service-1   | [CourierEmulator] move error for courier 1: Task <Task pending name='Task-161' coro=<CourierEmulator._move_along_route() running at /app/courier_service/courier_service.py:139> cb=[_run_until_complete_cb() at /usr/local/lib/python3.11/asyncio/base_events.py:181]> got Future <Future pending cb=[BaseProtocol._on_waiter_completed()]> attached to a different loop
courier_service-1   | [CourierEmulator] move error for courier 4: Task <Task pending name='Task-170' coro=<CourierEmulator._move_along_route() running at /app/courier_service/courier_service.py:139> cb=[_run_until_complete_cb() at /usr/local/lib/python3.11/asyncio/base_events.py:181]> got Future <Future pending cb=[BaseProtocol._on_waiter_completed()]> attached to a different loop
courier_service-1   | Автоназначение запущено, ORDER_SERVICE_URL=http://order_service:8001
courier_service-1   | Найдено 15 заказов без курьеров
courier_service-1   | Маршрут для заказа 20: 23 -> 44 = [23, 13, 44]
order_service-1     | [Order 14] Found 5 couriers
courier_service-1   | INFO:     172.18.0.6:42458 - "GET /api/couriers/ HTTP/1.1" 200 OK
courier_service-1   | Exception terminating connection <AdaptedConnection <asyncpg.connection.Connection object at 0x7f46bf7b3e20>>
courier_service-1   | Traceback (most recent call last):
courier_service-1   |   File "/usr/local/lib/python3.11/site-packages/sqlalchemy/pool/base.py", line 373, in _close_connection
courier_service-1   |     self._dialect.do_terminate(connection)
courier_service-1   |   File "/usr/local/lib/python3.11/site-packages/sqlalchemy/dialects/postgresql/asyncpg.py", line 1127, in do_terminate
courier_service-1   |     dbapi_connection.terminate()
courier_service-1   |   File "/usr/local/lib/python3.11/site-packages/sqlalchemy/connectors/asyncio.py", line 402, in terminate
order_service-1     |   Courier 2: status=delivering
order_service-1     |   Courier 1: status=delivering
order_service-1     |   Courier 4: status=delivering
order_service-1     |   Courier 5: status=delivering
order_service-1     |   Courier 3: status=delivering
order_service-1     | [Order 14] No idle couriers available
order_service-1     | INFO:     172.18.0.7:54798 - "POST /api/orders/14/assign HTTP/1.1" 200 OK
order_service-1     | [Order 13] Received assign request: route=[4, 33], type=<class 'list'>
order_service-1     | [Order 13] Found 5 couriers
order_service-1     |   Courier 2: status=delivering
order_service-1     |   Courier 1: status=delivering
order_service-1     |   Courier 4: status=delivering
order_service-1     |   Courier 5: status=delivering
order_service-1     |   Courier 3: status=delivering
order_service-1     | [Order 13] No idle couriers available
order_service-1     | INFO:     172.18.0.7:54798 - "POST /api/orders/13/assign HTTP/1.1" 200 OK
order_service-1     | [Order 12] Received assign request: route=[37, 7, 2, 10], type=<class 'list'>
courier_service-1   |     self.await_(asyncio.shield(self._terminate_graceful_close()))  # type: ignore[attr-defined] # noqa: E501
courier_service-1   |     ^^^^^^^^^^^^^^^^^^^^^^^^^^^^^^^^^^^^^^^^^^^^^^^^^^^^^^^^^^^^^
courier_service-1   |   File "/usr/local/lib/python3.11/site-packages/sqlalchemy/util/_concurrency_py3k.py", line 132, in await_only
courier_service-1   |     return current.parent.switch(awaitable)  # type: ignore[no-any-return,attr-defined] # noqa: E501
courier_service-1   |            ^^^^^^^^^^^^^^^^^^^^^^^^^^^^^^^^
courier_service-1   |   File "/usr/local/lib/python3.11/site-packages/sqlalchemy/util/_concurrency_py3k.py", line 196, in greenlet_spawn
courier_service-1   |     value = await result
courier_service-1   |             ^^^^^^^^^^^^
courier_service-1   |   File "/usr/local/lib/python3.11/site-packages/sqlalchemy/dialects/postgresql/asyncpg.py", line 912, in _terminate_graceful_close
courier_service-1   |     await self._connection.close(timeout=2)
courier_service-1   |   File "/usr/local/lib/python3.11/site-packages/asyncpg/connection.py", line 1513, in close
courier_service-1   |     await self._protocol.close(timeout)
courier_service-1   |   File "asyncpg/protocol/protocol.pyx", line 618, in close
courier_service-1   | RuntimeError: Task <Task pending name='Task-185' coro=<AsyncAdapt_asyncpg_connection._terminate_graceful_close() running at /usr/local/lib/python3.11/site-packages/sqlalchemy/dialects/postgresql/asyncpg.py:912> cb=[shield.<locals>._inner_done_callback() at /usr/local/lib/python3.11/asyncio/tasks.py:891]> got Future <Future pending> attached to a different loop
order_service-1     | [Order 12] Found 5 couriers
courier_service-1   | Ответ assign для заказа 20: 200 - {"status":"no_couriers_available"}
courier_service-1   | Маршрут для заказа 19: 6 -> 21 = [6, 22, 21]
courier_service-1   | INFO:     172.18.0.6:42464 - "GET /api/couriers/ HTTP/1.1" 500 Internal Server Error
courier_service-1   | ERROR:    Exception in ASGI application
courier_service-1   | Traceback (most recent call last):
courier_service-1   |   File "/usr/local/lib/python3.11/site-packages/uvicorn/protocols/http/httptools_impl.py", line 421, in run_asgi
courier_service-1   |     result = await app(  # type: ignore[func-returns-value]
courier_service-1   |              ^^^^^^^^^^^^^^^^^^^^^^^^^^^^^^^^^^^^^^^^^^^^^^
courier_service-1   |   File "/usr/local/lib/python3.11/site-packages/uvicorn/middleware/proxy_headers.py", line 56, in __call__
courier_service-1   |     return await self.app(scope, receive, send)
courier_service-1   |            ^^^^^^^^^^^^^^^^^^^^^^^^^^^^^^^^^^^^
courier_service-1   |   File "/usr/local/lib/python3.11/site-packages/fastapi/applications.py", line 1159, in __call__
courier_service-1   |     await super().__call__(scope, receive, send)
courier_service-1   |   File "/usr/local/lib/python3.11/site-packages/starlette/applications.py", line 90, in __call__
courier_service-1   |     await self.middleware_stack(scope, receive, send)
courier_service-1   |   File "/usr/local/lib/python3.11/site-packages/starlette/middleware/errors.py", line 186, in __call__
courier_service-1   |     raise exc
courier_service-1   |   File "/usr/local/lib/python3.11/site-packages/starlette/middleware/errors.py", line 164, in __call__
courier_service-1   |     await self.app(scope, receive, _send)
courier_service-1   |   File "/usr/local/lib/python3.11/site-packages/starlette/middleware/base.py", line 191, in __call__
courier_service-1   |     with recv_stream, send_stream, collapse_excgroups():
courier_service-1   |   File "/usr/local/lib/python3.11/contextlib.py", line 158, in __exit__
courier_service-1   |     self.gen.throw(typ, value, traceback)
courier_service-1   |   File "/usr/local/lib/python3.11/site-packages/starlette/_utils.py", line 87, in collapse_excgroups
courier_service-1   |     raise exc
courier_service-1   |   File "/usr/local/lib/python3.11/site-packages/starlette/middleware/base.py", line 193, in __call__
order_service-1     |   Courier 2: status=delivering
order_service-1     |   Courier 1: status=delivering
order_service-1     |   Courier 4: status=delivering
order_service-1     |   Courier 5: status=delivering
order_service-1     |   Courier 3: status=delivering
order_service-1     | [Order 12] No idle couriers available
order_service-1     | INFO:     172.18.0.7:54798 - "POST /api/orders/12/assign HTTP/1.1" 200 OK
order_service-1     | [Order 11] Received assign request: route=[20, 37], type=<class 'list'>
order_service-1     | [Order 11] Found 5 couriers
order_service-1     |   Courier 2: status=delivering
courier_service-1   |     response = await self.dispatch_func(request, call_next)
courier_service-1   |                ^^^^^^^^^^^^^^^^^^^^^^^^^^^^^^^^^^^^^^^^^^^^
courier_service-1   |   File "/app/courier_service/main.py", line 137, in prometheus_middleware
courier_service-1   |     response = await call_next(request)
courier_service-1   |                ^^^^^^^^^^^^^^^^^^^^^^^^
courier_service-1   |   File "/usr/local/lib/python3.11/site-packages/starlette/middleware/base.py", line 168, in call_next
courier_service-1   |     raise app_exc from app_exc.__cause__ or app_exc.__context__
courier_service-1   |   File "/usr/local/lib/python3.11/site-packages/starlette/middleware/base.py", line 144, in coro
courier_service-1   |     await self.app(scope, receive_or_disconnect, send_no_error)
courier_service-1   |   File "/usr/local/lib/python3.11/site-packages/starlette/middleware/exceptions.py", line 63, in __call__
order_service-1     |   Courier 1: status=delivering
order_service-1     |   Courier 4: status=delivering
order_service-1     |   Courier 5: status=delivering
order_service-1     |   Courier 3: status=delivering
order_service-1     | [Order 11] No idle couriers available
order_service-1     | INFO:     172.18.0.7:54798 - "POST /api/orders/11/assign HTTP/1.1" 200 OK
order_service-1     | [Order 10] Received assign request: route=[3, 14], type=<class 'list'>
courier_service-1   |     await wrap_app_handling_exceptions(self.app, conn)(scope, receive, send)
courier_service-1   |   File "/usr/local/lib/python3.11/site-packages/starlette/_exception_handler.py", line 53, in wrapped_app
courier_service-1   |     raise exc
courier_service-1   |   File "/usr/local/lib/python3.11/site-packages/starlette/_exception_handler.py", line 42, in wrapped_app
courier_service-1   |     await app(scope, receive, sender)
courier_service-1   |   File "/usr/local/lib/python3.11/site-packages/fastapi/middleware/asyncexitstack.py", line 18, in __call__
courier_service-1   |     await self.app(scope, receive, send)
courier_service-1   |   File "/usr/local/lib/python3.11/site-packages/starlette/routing.py", line 660, in __call__
courier_service-1   |     await self.middleware_stack(scope, receive, send)
courier_service-1   |   File "/usr/local/lib/python3.11/site-packages/starlette/routing.py", line 680, in app
courier_service-1   |     await route.handle(scope, receive, send)
order_service-1     | [Order 10] Found 5 couriers
order_service-1     |   Courier 2: status=delivering
order_service-1     |   Courier 1: status=delivering
order_service-1     |   Courier 4: status=delivering
order_service-1     |   Courier 5: status=delivering
order_service-1     |   Courier 3: status=delivering
order_service-1     | [Order 10] No idle couriers available
order_service-1     | INFO:     172.18.0.7:54798 - "POST /api/orders/10/assign HTTP/1.1" 200 OK
order_service-1     | [Order 9] Received assign request: route=[36, 41], type=<class 'list'>
courier_service-1   |   File "/usr/local/lib/python3.11/site-packages/starlette/routing.py", line 276, in handle
courier_service-1   |     await self.app(scope, receive, send)
courier_service-1   |   File "/usr/local/lib/python3.11/site-packages/fastapi/routing.py", line 134, in app
courier_service-1   |     await wrap_app_handling_exceptions(app, request)(scope, receive, send)
courier_service-1   |   File "/usr/local/lib/python3.11/site-packages/starlette/_exception_handler.py", line 53, in wrapped_app
courier_service-1   |     raise exc
courier_service-1   |   File "/usr/local/lib/python3.11/site-packages/starlette/_exception_handler.py", line 42, in wrapped_app
courier_service-1   |     await app(scope, receive, sender)
courier_service-1   |   File "/usr/local/lib/python3.11/site-packages/fastapi/routing.py", line 120, in app
courier_service-1   |     response = await f(request)
courier_service-1   |                ^^^^^^^^^^^^^^^^
courier_service-1   |   File "/usr/local/lib/python3.11/site-packages/fastapi/routing.py", line 674, in app
courier_service-1   |     raw_response = await run_endpoint_function(
courier_service-1   |                    ^^^^^^^^^^^^^^^^^^^^^^^^^^^^
courier_service-1   |   File "/usr/local/lib/python3.11/site-packages/fastapi/routing.py", line 328, in run_endpoint_function
courier_service-1   |     return await dependant.call(**values)
order_service-1     | [Order 9] Found 5 couriers
order_service-1     |   Courier 2: status=delivering
order_service-1     |   Courier 1: status=delivering
order_service-1     |   Courier 4: status=delivering
order_service-1     |   Courier 5: status=delivering
order_service-1     |   Courier 3: status=delivering
order_service-1     | [Order 9] No idle couriers available
order_service-1     | INFO:     172.18.0.7:54798 - "POST /api/orders/9/assign HTTP/1.1" 200 OK
order_service-1     | [Order 8] Received assign request: route=[19, 18], type=<class 'list'>
order_service-1     | [Order 8] Found 5 couriers
order_service-1     |   Courier 2: status=delivering
order_service-1     |   Courier 1: status=delivering
order_service-1     |   Courier 4: status=delivering
order_service-1     |   Courier 5: status=delivering
order_service-1     |   Courier 3: status=delivering
order_service-1     | [Order 8] No idle couriers available
order_service-1     | INFO:     172.18.0.7:54798 - "POST /api/orders/8/assign HTTP/1.1" 200 OK
order_service-1     | [Order 7] Received assign request: route=[2, 7, 24, 40, 42, 34, 29, 5, 45], type=<class 'list'>
order_service-1     | [Order 7] Found 5 couriers
order_service-1     |   Courier 2: status=delivering
order_service-1     |   Courier 1: status=delivering
order_service-1     |   Courier 4: status=delivering
order_service-1     |   Courier 5: status=delivering
order_service-1     |   Courier 3: status=delivering
order_service-1     | [Order 7] No idle couriers available
order_service-1     | INFO:     172.18.0.7:54798 - "POST /api/orders/7/assign HTTP/1.1" 200 OK
order_service-1     | [Order 6] Received assign request: route=[35, 22], type=<class 'list'>
order_service-1     | [Order 6] Found 5 couriers
courier_service-1   |            ^^^^^^^^^^^^^^^^^^^^^^^^^^^^^^
courier_service-1   |   File "/app/courier_service/routes.py", line 245, in list_couriers
courier_service-1   |     couriers = await service.get_all_couriers()
courier_service-1   |                ^^^^^^^^^^^^^^^^^^^^^^^^^^^^^^^^
courier_service-1   |   File "/app/courier_service/courier_service.py", line 370, in get_all_couriers
courier_service-1   |     result = await self.session.execute(select(Courier).execution_options(populate_existing=True))
courier_service-1   |              ^^^^^^^^^^^^^^^^^^^^^^^^^^^^^^^^^^^^^^^^^^^^^^^^^^^^^^^^^^^^^^^^^^^^^^^^^^^^^^^^^^^^^
courier_service-1   |   File "/usr/local/lib/python3.11/site-packages/sqlalchemy/ext/asyncio/session.py", line 449, in execute
courier_service-1   |     result = await greenlet_spawn(
courier_service-1   |              ^^^^^^^^^^^^^^^^^^^^^
courier_service-1   |   File "/usr/local/lib/python3.11/site-packages/sqlalchemy/util/_concurrency_py3k.py", line 201, in greenlet_spawn
courier_service-1   |     result = context.throw(*sys.exc_info())
courier_service-1   |              ^^^^^^^^^^^^^^^^^^^^^^^^^^^^^^
courier_service-1   |   File "/usr/local/lib/python3.11/site-packages/sqlalchemy/orm/session.py", line 2351, in execute
courier_service-1   |     return self._execute_internal(
courier_service-1   |            ^^^^^^^^^^^^^^^^^^^^^^^
courier_service-1   |   File "/usr/local/lib/python3.11/site-packages/sqlalchemy/orm/session.py", line 2239, in _execute_internal
courier_service-1   |     conn = self._connection_for_bind(bind)
courier_service-1   |            ^^^^^^^^^^^^^^^^^^^^^^^^^^^^^^^
courier_service-1   |   File "/usr/local/lib/python3.11/site-packages/sqlalchemy/orm/session.py", line 2108, in _connection_for_bind
courier_service-1   |     return trans._connection_for_bind(engine, execution_options)
courier_service-1   |            ^^^^^^^^^^^^^^^^^^^^^^^^^^^^^^^^^^^^^^^^^^^^^^^^^^^^^
courier_service-1   |   File "<string>", line 2, in _connection_for_bind
courier_service-1   |   File "/usr/local/lib/python3.11/site-packages/sqlalchemy/orm/state_changes.py", line 137, in _go
courier_service-1   |     ret_value = fn(self, *arg, **kw)
courier_service-1   |                 ^^^^^^^^^^^^^^^^^^^^
courier_service-1   |   File "/usr/local/lib/python3.11/site-packages/sqlalchemy/orm/session.py", line 1187, in _connection_for_bind
courier_service-1   |     conn = bind.connect()
courier_service-1   |            ^^^^^^^^^^^^^^
courier_service-1   |   File "/usr/local/lib/python3.11/site-packages/sqlalchemy/engine/base.py", line 3293, in connect
courier_service-1   |     return self._connection_cls(self)
courier_service-1   |            ^^^^^^^^^^^^^^^^^^^^^^^^^^
courier_service-1   |   File "/usr/local/lib/python3.11/site-packages/sqlalchemy/engine/base.py", line 143, in __init__
courier_service-1   |     self._dbapi_connection = engine.raw_connection()
courier_service-1   |                              ^^^^^^^^^^^^^^^^^^^^^^^
courier_service-1   |   File "/usr/local/lib/python3.11/site-packages/sqlalchemy/engine/base.py", line 3317, in raw_connection
order_service-1     |   Courier 2: status=delivering
order_service-1     |   Courier 1: status=delivering
order_service-1     |   Courier 4: status=delivering
order_service-1     |   Courier 5: status=delivering
order_service-1     |   Courier 3: status=delivering
order_service-1     | [Order 6] No idle couriers available
order_service-1     | INFO:     172.18.0.7:54798 - "POST /api/orders/6/assign HTTP/1.1" 200 OK
order_service-1     | INFO:     172.18.0.8:60740 - "GET /api/orders/ HTTP/1.1" 200 OK
order_service-1     | INFO:     172.18.0.7:54804 - "GET /api/orders/ HTTP/1.1" 200 OK
order_service-1     | [Order 20] Received assign request: route=[23, 13, 44], type=<class 'list'>
order_service-1     | [Order 20] Found 5 couriers
order_service-1     |   Courier 1: status=delivering
order_service-1     |   Courier 4: status=delivering
order_service-1     |   Courier 5: status=delivering
order_service-1     |   Courier 2: status=delivering
order_service-1     |   Courier 3: status=delivering
order_service-1     | [Order 20] No idle couriers available
order_service-1     | INFO:     172.18.0.7:54804 - "POST /api/orders/20/assign HTTP/1.1" 200 OK
courier_service-1   |     return self.pool.connect()
courier_service-1   |            ^^^^^^^^^^^^^^^^^^^
order_service-1     | [Order 19] Received assign request: route=[6, 22, 21], type=<class 'list'>
order_service-1     | [Order 19] Found 5 couriers
order_service-1     |   Courier 1: status=delivering
order_service-1     |   Courier 4: status=delivering
order_service-1     |   Courier 5: status=delivering
order_service-1     |   Courier 2: status=delivering
order_service-1     |   Courier 3: status=delivering
order_service-1     | [Order 19] No idle couriers available
order_service-1     | INFO:     172.18.0.7:54804 - "POST /api/orders/19/assign HTTP/1.1" 200 OK
order_service-1     | [Order 18] Received assign request: route=[39, 42, 40, 24, 46, 38, 48], type=<class 'list'>
order_service-1     | [Order 18] Assignment error: 500: Failed to get couriers
order_service-1     | INFO:     172.18.0.7:54804 - "POST /api/orders/18/assign HTTP/1.1" 500 Internal Server Error
order_service-1     | [Order 17] Received assign request: route=[22, 1, 25], type=<class 'list'>
order_service-1     | [Order 17] Found 5 couriers
order_service-1     |   Courier 1: status=delivering
order_service-1     |   Courier 4: status=delivering
order_service-1     |   Courier 5: status=delivering
order_service-1     |   Courier 2: status=delivering
order_service-1     |   Courier 3: status=delivering
courier_service-1   |   File "/usr/local/lib/python3.11/site-packages/sqlalchemy/pool/base.py", line 448, in connect
courier_service-1   |     return _ConnectionFairy._checkout(self)
courier_service-1   |            ^^^^^^^^^^^^^^^^^^^^^^^^^^^^^^^^
courier_service-1   |   File "/usr/local/lib/python3.11/site-packages/sqlalchemy/pool/base.py", line 1371, in _checkout
courier_service-1   |     with util.safe_reraise():
courier_service-1   |   File "/usr/local/lib/python3.11/site-packages/sqlalchemy/util/langhelpers.py", line 121, in __exit__
courier_service-1   |     raise exc_value.with_traceback(exc_tb)
courier_service-1   |   File "/usr/local/lib/python3.11/site-packages/sqlalchemy/pool/base.py", line 1309, in _checkout
courier_service-1   |     result = pool._dialect._do_ping_w_event(
courier_service-1   |              ^^^^^^^^^^^^^^^^^^^^^^^^^^^^^^^
courier_service-1   |   File "/usr/local/lib/python3.11/site-packages/sqlalchemy/engine/default.py", line 729, in _do_ping_w_event
courier_service-1   |     return self.do_ping(dbapi_connection)
courier_service-1   |            ^^^^^^^^^^^^^^^^^^^^^^^^^^^^^^
courier_service-1   |   File "/usr/local/lib/python3.11/site-packages/sqlalchemy/dialects/postgresql/asyncpg.py", line 1160, in do_ping
order_service-1     | [Order 17] No idle couriers available
order_service-1     | INFO:     172.18.0.7:54804 - "POST /api/orders/17/assign HTTP/1.1" 200 OK
order_service-1     | [Order 16] Received assign request: route=[5, 29, 34, 42, 40, 24, 7, 2], type=<class 'list'>
order_service-1     | [Order 16] Found 5 couriers
order_service-1     |   Courier 1: status=delivering
order_service-1     |   Courier 4: status=delivering
order_service-1     |   Courier 5: status=delivering
order_service-1     |   Courier 2: status=delivering
order_service-1     |   Courier 3: status=delivering
courier_service-1   |     dbapi_connection.ping()
order_service-1     | [Order 16] No idle couriers available
order_service-1     | INFO:     172.18.0.7:54804 - "POST /api/orders/16/assign HTTP/1.1" 200 OK
order_service-1     | [Order 15] Received assign request: route=[38, 46, 24, 40, 42, 34, 29], type=<class 'list'>
order_service-1     | [Order 15] Found 5 couriers
order_service-1     |   Courier 1: status=delivering
order_service-1     |   Courier 4: status=delivering
order_service-1     |   Courier 5: status=delivering
order_service-1     |   Courier 2: status=delivering
order_service-1     |   Courier 3: status=delivering
order_service-1     | [Order 15] No idle couriers available
order_service-1     | INFO:     172.18.0.7:54804 - "POST /api/orders/15/assign HTTP/1.1" 200 OK
order_service-1     | [Order 14] Received assign request: route=[21, 22, 6], type=<class 'list'>
order_service-1     | [Order 14] Found 5 couriers
order_service-1     |   Courier 1: status=delivering
order_service-1     |   Courier 4: status=delivering
order_service-1     |   Courier 5: status=delivering
order_service-1     |   Courier 2: status=delivering
order_service-1     |   Courier 3: status=delivering
order_service-1     | [Order 14] No idle couriers available
order_service-1     | INFO:     172.18.0.7:54804 - "POST /api/orders/14/assign HTTP/1.1" 200 OK
order_service-1     | [Order 13] Received assign request: route=[4, 33], type=<class 'list'>
order_service-1     | [Order 13] Found 5 couriers
order_service-1     |   Courier 1: status=delivering
courier_service-1   |   File "/usr/local/lib/python3.11/site-packages/sqlalchemy/dialects/postgresql/asyncpg.py", line 818, in ping
courier_service-1   |     self._handle_exception(error)
courier_service-1   |   File "/usr/local/lib/python3.11/site-packages/sqlalchemy/dialects/postgresql/asyncpg.py", line 799, in _handle_exception
courier_service-1   |     raise error
courier_service-1   |   File "/usr/local/lib/python3.11/site-packages/sqlalchemy/dialects/postgresql/asyncpg.py", line 816, in ping
courier_service-1   |     _ = self.await_(self._async_ping())
courier_service-1   |         ^^^^^^^^^^^^^^^^^^^^^^^^^^^^^^^
courier_service-1   |   File "/usr/local/lib/python3.11/site-packages/sqlalchemy/util/_concurrency_py3k.py", line 132, in await_only
courier_service-1   |     return current.parent.switch(awaitable)  # type: ignore[no-any-return,attr-defined] # noqa: E501
courier_service-1   |            ^^^^^^^^^^^^^^^^^^^^^^^^^^^^^^^^
courier_service-1   |   File "/usr/local/lib/python3.11/site-packages/sqlalchemy/util/_concurrency_py3k.py", line 196, in greenlet_spawn
courier_service-1   |     value = await result
courier_service-1   |             ^^^^^^^^^^^^
order_service-1     |   Courier 4: status=delivering
order_service-1     |   Courier 5: status=delivering
order_service-1     |   Courier 2: status=delivering
order_service-1     |   Courier 3: status=delivering
order_service-1     | [Order 13] No idle couriers available
order_service-1     | INFO:     172.18.0.7:54804 - "POST /api/orders/13/assign HTTP/1.1" 200 OK
order_service-1     | [Order 12] Received assign request: route=[37, 7, 2, 10], type=<class 'list'>
order_service-1     | [Order 12] Found 5 couriers
order_service-1     |   Courier 1: status=delivering
order_service-1     |   Courier 4: status=delivering
courier_service-1   |   File "/usr/local/lib/python3.11/site-packages/sqlalchemy/dialects/postgresql/asyncpg.py", line 825, in _async_ping
courier_service-1   |     await tr.start()
courier_service-1   |   File "/usr/local/lib/python3.11/site-packages/asyncpg/transaction.py", line 146, in start
courier_service-1   |     await self._connection.execute(query)
courier_service-1   |   File "/usr/local/lib/python3.11/site-packages/asyncpg/connection.py", line 354, in execute
courier_service-1   |     result = await self._protocol.query(query, timeout)
courier_service-1   |              ^^^^^^^^^^^^^^^^^^^^^^^^^^^^^^^^^^^^^^^^^^
courier_service-1   |   File "asyncpg/protocol/protocol.pyx", line 369, in query
courier_service-1   | RuntimeError: Task <Task pending name='starlette.middleware.base.BaseHTTPMiddleware.__call__.<locals>.call_next.<locals>.coro' coro=<BaseHTTPMiddleware.__call__.<locals>.call_next.<locals>.coro() running at /usr/local/lib/python3.11/site-packages/starlette/middleware/base.py:144> cb=[TaskGroup._spawn.<locals>.task_done() at /usr/local/lib/python3.11/site-packages/anyio/_backends/_asyncio.py:821]> got Future <Future pending cb=[BaseProtocol._on_waiter_completed()]> attached to a different loop
courier_service-1   | Exception terminating connection <AdaptedConnection <asyncpg.connection.Connection object at 0x7f46bf7c95d0>>
order_service-1     |   Courier 5: status=delivering
order_service-1     |   Courier 2: status=delivering
order_service-1     |   Courier 3: status=delivering
order_service-1     | [Order 12] No idle couriers available
order_service-1     | INFO:     172.18.0.7:54804 - "POST /api/orders/12/assign HTTP/1.1" 200 OK
order_service-1     | [Order 11] Received assign request: route=[20, 37], type=<class 'list'>
order_service-1     | [Order 11] Found 5 couriers
order_service-1     |   Courier 1: status=delivering
order_service-1     |   Courier 4: status=delivering
order_service-1     |   Courier 5: status=delivering
courier_service-1   | Traceback (most recent call last):
courier_service-1   |   File "/usr/local/lib/python3.11/site-packages/sqlalchemy/pool/base.py", line 373, in _close_connection
courier_service-1   |     self._dialect.do_terminate(connection)
courier_service-1   |   File "/usr/local/lib/python3.11/site-packages/sqlalchemy/dialects/postgresql/asyncpg.py", line 1127, in do_terminate
courier_service-1   |     dbapi_connection.terminate()
courier_service-1   |   File "/usr/local/lib/python3.11/site-packages/sqlalchemy/connectors/asyncio.py", line 402, in terminate
courier_service-1   |     self.await_(asyncio.shield(self._terminate_graceful_close()))  # type: ignore[attr-defined] # noqa: E501
courier_service-1   |     ^^^^^^^^^^^^^^^^^^^^^^^^^^^^^^^^^^^^^^^^^^^^^^^^^^^^^^^^^^^^^
courier_service-1   |   File "/usr/local/lib/python3.11/site-packages/sqlalchemy/util/_concurrency_py3k.py", line 132, in await_only
courier_service-1   |     return current.parent.switch(awaitable)  # type: ignore[no-any-return,attr-defined] # noqa: E501
courier_service-1   |            ^^^^^^^^^^^^^^^^^^^^^^^^^^^^^^^^
courier_service-1   |   File "/usr/local/lib/python3.11/site-packages/sqlalchemy/util/_concurrency_py3k.py", line 196, in greenlet_spawn
courier_service-1   |     value = await result
courier_service-1   |             ^^^^^^^^^^^^
courier_service-1   |   File "/usr/local/lib/python3.11/site-packages/sqlalchemy/dialects/postgresql/asyncpg.py", line 912, in _terminate_graceful_close
courier_service-1   |     await self._connection.close(timeout=2)
courier_service-1   |   File "/usr/local/lib/python3.11/site-packages/asyncpg/connection.py", line 1513, in close
courier_service-1   |     await self._protocol.close(timeout)
courier_service-1   |   File "asyncpg/protocol/protocol.pyx", line 618, in close
courier_service-1   | RuntimeError: Task <Task pending name='Task-190' coro=<AsyncAdapt_asyncpg_connection._terminate_graceful_close() running at /usr/local/lib/python3.11/site-packages/sqlalchemy/dialects/postgresql/asyncpg.py:912> cb=[shield.<locals>._inner_done_callback() at /usr/local/lib/python3.11/asyncio/tasks.py:891]> got Future <Future pending> attached to a different loop
courier_service-1   | Ответ assign для заказа 19: 500 - {"detail":"Assignment error: 500: Failed to get couriers"}
order_service-1     |   Courier 2: status=delivering
order_service-1     |   Courier 3: status=delivering
order_service-1     | [Order 11] No idle couriers available
order_service-1     | INFO:     172.18.0.7:54804 - "POST /api/orders/11/assign HTTP/1.1" 200 OK
order_service-1     | [Order 10] Received assign request: route=[3, 14], type=<class 'list'>
order_service-1     | [Order 10] Found 5 couriers
order_service-1     |   Courier 1: status=delivering
order_service-1     |   Courier 4: status=delivering
order_service-1     |   Courier 5: status=delivering
order_service-1     |   Courier 2: status=delivering
order_service-1     |   Courier 3: status=delivering
order_service-1     | [Order 10] No idle couriers available
order_service-1     | INFO:     172.18.0.7:54804 - "POST /api/orders/10/assign HTTP/1.1" 200 OK
order_service-1     | [Order 9] Received assign request: route=[36, 41], type=<class 'list'>
order_service-1     | [Order 9] Found 5 couriers
order_service-1     |   Courier 4: status=delivering
order_service-1     |   Courier 5: status=delivering
order_service-1     |   Courier 2: status=delivering
order_service-1     |   Courier 3: status=delivering
order_service-1     |   Courier 1: status=delivering
order_service-1     | [Order 9] No idle couriers available
order_service-1     | INFO:     172.18.0.7:54804 - "POST /api/orders/9/assign HTTP/1.1" 200 OK
order_service-1     | [Order 8] Received assign request: route=[19, 18], type=<class 'list'>
order_service-1     | [Order 8] Found 5 couriers
order_service-1     |   Courier 4: status=delivering
order_service-1     |   Courier 5: status=delivering
courier_service-1   | Маршрут для заказа 18: 39 -> 48 = [39, 42, 40, 24, 46, 38, 48]
courier_service-1   | INFO:     172.18.0.6:42476 - "GET /api/couriers/ HTTP/1.1" 500 Internal Server Error
courier_service-1   | ERROR:    Exception in ASGI application
courier_service-1   | Traceback (most recent call last):
courier_service-1   |   File "/usr/local/lib/python3.11/site-packages/uvicorn/protocols/http/httptools_impl.py", line 421, in run_asgi
courier_service-1   |     result = await app(  # type: ignore[func-returns-value]
courier_service-1   |              ^^^^^^^^^^^^^^^^^^^^^^^^^^^^^^^^^^^^^^^^^^^^^^
courier_service-1   |   File "/usr/local/lib/python3.11/site-packages/uvicorn/middleware/proxy_headers.py", line 56, in __call__
courier_service-1   |     return await self.app(scope, receive, send)
courier_service-1   |            ^^^^^^^^^^^^^^^^^^^^^^^^^^^^^^^^^^^^
courier_service-1   |   File "/usr/local/lib/python3.11/site-packages/fastapi/applications.py", line 1159, in __call__
courier_service-1   |     await super().__call__(scope, receive, send)
courier_service-1   |   File "/usr/local/lib/python3.11/site-packages/starlette/applications.py", line 90, in __call__
courier_service-1   |     await self.middleware_stack(scope, receive, send)
courier_service-1   |   File "/usr/local/lib/python3.11/site-packages/starlette/middleware/errors.py", line 186, in __call__
courier_service-1   |     raise exc
courier_service-1   |   File "/usr/local/lib/python3.11/site-packages/starlette/middleware/errors.py", line 164, in __call__
courier_service-1   |     await self.app(scope, receive, _send)
courier_service-1   |   File "/usr/local/lib/python3.11/site-packages/starlette/middleware/base.py", line 191, in __call__
courier_service-1   |     with recv_stream, send_stream, collapse_excgroups():
courier_service-1   |   File "/usr/local/lib/python3.11/contextlib.py", line 158, in __exit__
courier_service-1   |     self.gen.throw(typ, value, traceback)
courier_service-1   |   File "/usr/local/lib/python3.11/site-packages/starlette/_utils.py", line 87, in collapse_excgroups
courier_service-1   |     raise exc
courier_service-1   |   File "/usr/local/lib/python3.11/site-packages/starlette/middleware/base.py", line 193, in __call__
courier_service-1   |     response = await self.dispatch_func(request, call_next)
courier_service-1   |                ^^^^^^^^^^^^^^^^^^^^^^^^^^^^^^^^^^^^^^^^^^^^
courier_service-1   |   File "/app/courier_service/main.py", line 137, in prometheus_middleware
courier_service-1   |     response = await call_next(request)
courier_service-1   |                ^^^^^^^^^^^^^^^^^^^^^^^^
courier_service-1   |   File "/usr/local/lib/python3.11/site-packages/starlette/middleware/base.py", line 168, in call_next
courier_service-1   |     raise app_exc from app_exc.__cause__ or app_exc.__context__
courier_service-1   |   File "/usr/local/lib/python3.11/site-packages/starlette/middleware/base.py", line 144, in coro
courier_service-1   |     await self.app(scope, receive_or_disconnect, send_no_error)
courier_service-1   |   File "/usr/local/lib/python3.11/site-packages/starlette/middleware/exceptions.py", line 63, in __call__
courier_service-1   |     await wrap_app_handling_exceptions(self.app, conn)(scope, receive, send)
courier_service-1   |   File "/usr/local/lib/python3.11/site-packages/starlette/_exception_handler.py", line 53, in wrapped_app
courier_service-1   |     raise exc
courier_service-1   |   File "/usr/local/lib/python3.11/site-packages/starlette/_exception_handler.py", line 42, in wrapped_app
courier_service-1   |     await app(scope, receive, sender)
courier_service-1   |   File "/usr/local/lib/python3.11/site-packages/fastapi/middleware/asyncexitstack.py", line 18, in __call__
courier_service-1   |     await self.app(scope, receive, send)
courier_service-1   |   File "/usr/local/lib/python3.11/site-packages/starlette/routing.py", line 660, in __call__
courier_service-1   |     await self.middleware_stack(scope, receive, send)
courier_service-1   |   File "/usr/local/lib/python3.11/site-packages/starlette/routing.py", line 680, in app
courier_service-1   |     await route.handle(scope, receive, send)
courier_service-1   |   File "/usr/local/lib/python3.11/site-packages/starlette/routing.py", line 276, in handle
courier_service-1   |     await self.app(scope, receive, send)
courier_service-1   |   File "/usr/local/lib/python3.11/site-packages/fastapi/routing.py", line 134, in app
courier_service-1   |     await wrap_app_handling_exceptions(app, request)(scope, receive, send)
order_service-1     |   Courier 2: status=delivering
order_service-1     |   Courier 3: status=delivering
order_service-1     |   Courier 1: status=delivering
order_service-1     | [Order 8] No idle couriers available
order_service-1     | INFO:     172.18.0.7:54804 - "POST /api/orders/8/assign HTTP/1.1" 200 OK
order_service-1     | [Order 7] Received assign request: route=[2, 7, 24, 40, 42, 34, 29, 5, 45], type=<class 'list'>
order_service-1     | [Order 7] Assignment error: 500: Failed to get couriers
order_service-1     | INFO:     172.18.0.7:54804 - "POST /api/orders/7/assign HTTP/1.1" 500 Internal Server Error
courier_service-1   |   File "/usr/local/lib/python3.11/site-packages/starlette/_exception_handler.py", line 53, in wrapped_app
courier_service-1   |     raise exc
courier_service-1   |   File "/usr/local/lib/python3.11/site-packages/starlette/_exception_handler.py", line 42, in wrapped_app
courier_service-1   |     await app(scope, receive, sender)
courier_service-1   |   File "/usr/local/lib/python3.11/site-packages/fastapi/routing.py", line 120, in app
courier_service-1   |     response = await f(request)
courier_service-1   |                ^^^^^^^^^^^^^^^^
courier_service-1   |   File "/usr/local/lib/python3.11/site-packages/fastapi/routing.py", line 674, in app
courier_service-1   |     raw_response = await run_endpoint_function(
courier_service-1   |                    ^^^^^^^^^^^^^^^^^^^^^^^^^^^^
courier_service-1   |   File "/usr/local/lib/python3.11/site-packages/fastapi/routing.py", line 328, in run_endpoint_function
courier_service-1   |     return await dependant.call(**values)
order_service-1     | [Order 6] Received assign request: route=[35, 22], type=<class 'list'>
order_service-1     | [Order 6] Found 5 couriers
order_service-1     |   Courier 4: status=delivering
order_service-1     |   Courier 5: status=delivering
order_service-1     |   Courier 2: status=delivering
order_service-1     |   Courier 3: status=delivering
order_service-1     |   Courier 1: status=delivering
order_service-1     | [Order 6] No idle couriers available
order_service-1     | INFO:     172.18.0.7:54804 - "POST /api/orders/6/assign HTTP/1.1" 200 OK
order_service-1     | INFO:     172.18.0.8:60742 - "GET /api/orders/ HTTP/1.1" 200 OK
order_service-1     | INFO:     172.18.0.7:54806 - "GET /api/orders/ HTTP/1.1" 200 OK
order_service-1     | [Order 20] Received assign request: route=[23, 13, 44], type=<class 'list'>
order_service-1     | [Order 20] Assignment error: 500: Failed to get couriers
order_service-1     | INFO:     172.18.0.7:54806 - "POST /api/orders/20/assign HTTP/1.1" 500 Internal Server Error
order_service-1     | [Order 19] Received assign request: route=[6, 22, 21], type=<class 'list'>
order_service-1     | [Order 19] Found 5 couriers
order_service-1     |   Courier 5: status=delivering
order_service-1     |   Courier 2: status=delivering
order_service-1     |   Courier 4: status=delivering
order_service-1     |   Courier 3: status=delivering
order_service-1     |   Courier 1: status=delivering
order_service-1     | [Order 19] No idle couriers available
order_service-1     | INFO:     172.18.0.7:54806 - "POST /api/orders/19/assign HTTP/1.1" 200 OK
order_service-1     | [Order 18] Received assign request: route=[39, 42, 40, 24, 46, 38, 48], type=<class 'list'>
order_service-1     | [Order 18] Found 5 couriers
order_service-1     |   Courier 5: status=delivering
order_service-1     |   Courier 2: status=delivering
order_service-1     |   Courier 4: status=delivering
order_service-1     |   Courier 3: status=delivering
order_service-1     |   Courier 1: status=delivering
order_service-1     | [Order 18] No idle couriers available
order_service-1     | INFO:     172.18.0.7:54806 - "POST /api/orders/18/assign HTTP/1.1" 200 OK
order_service-1     | [Order 17] Received assign request: route=[22, 1, 25], type=<class 'list'>
order_service-1     | [Order 17] Found 5 couriers
order_service-1     |   Courier 5: status=delivering
courier_service-1   |            ^^^^^^^^^^^^^^^^^^^^^^^^^^^^^^
courier_service-1   |   File "/app/courier_service/routes.py", line 245, in list_couriers
courier_service-1   |     couriers = await service.get_all_couriers()
courier_service-1   |                ^^^^^^^^^^^^^^^^^^^^^^^^^^^^^^^^
courier_service-1   |   File "/app/courier_service/courier_service.py", line 370, in get_all_couriers
courier_service-1   |     result = await self.session.execute(select(Courier).execution_options(populate_existing=True))
courier_service-1   |              ^^^^^^^^^^^^^^^^^^^^^^^^^^^^^^^^^^^^^^^^^^^^^^^^^^^^^^^^^^^^^^^^^^^^^^^^^^^^^^^^^^^^^
courier_service-1   |   File "/usr/local/lib/python3.11/site-packages/sqlalchemy/ext/asyncio/session.py", line 449, in execute
courier_service-1   |     result = await greenlet_spawn(
courier_service-1   |              ^^^^^^^^^^^^^^^^^^^^^
courier_service-1   |   File "/usr/local/lib/python3.11/site-packages/sqlalchemy/util/_concurrency_py3k.py", line 201, in greenlet_spawn
order_service-1     |   Courier 2: status=delivering
order_service-1     |   Courier 4: status=delivering
order_service-1     |   Courier 3: status=delivering
order_service-1     |   Courier 1: status=delivering
order_service-1     | [Order 17] No idle couriers available
order_service-1     | INFO:     172.18.0.7:54806 - "POST /api/orders/17/assign HTTP/1.1" 200 OK
order_service-1     | [Order 16] Received assign request: route=[5, 29, 34, 42, 40, 24, 7, 2], type=<class 'list'>
order_service-1     | [Order 16] Found 5 couriers
order_service-1     |   Courier 5: status=delivering
courier_service-1   |     result = context.throw(*sys.exc_info())
courier_service-1   |              ^^^^^^^^^^^^^^^^^^^^^^^^^^^^^^
courier_service-1   |   File "/usr/local/lib/python3.11/site-packages/sqlalchemy/orm/session.py", line 2351, in execute
courier_service-1   |     return self._execute_internal(
courier_service-1   |            ^^^^^^^^^^^^^^^^^^^^^^^
courier_service-1   |   File "/usr/local/lib/python3.11/site-packages/sqlalchemy/orm/session.py", line 2239, in _execute_internal
courier_service-1   |     conn = self._connection_for_bind(bind)
courier_service-1   |            ^^^^^^^^^^^^^^^^^^^^^^^^^^^^^^^
courier_service-1   |   File "/usr/local/lib/python3.11/site-packages/sqlalchemy/orm/session.py", line 2108, in _connection_for_bind
courier_service-1   |     return trans._connection_for_bind(engine, execution_options)
courier_service-1   |            ^^^^^^^^^^^^^^^^^^^^^^^^^^^^^^^^^^^^^^^^^^^^^^^^^^^^^
order_service-1     |   Courier 2: status=delivering
order_service-1     |   Courier 4: status=delivering
courier_service-1   |   File "<string>", line 2, in _connection_for_bind
courier_service-1   |   File "/usr/local/lib/python3.11/site-packages/sqlalchemy/orm/state_changes.py", line 137, in _go
courier_service-1   |     ret_value = fn(self, *arg, **kw)
courier_service-1   |                 ^^^^^^^^^^^^^^^^^^^^
courier_service-1   |   File "/usr/local/lib/python3.11/site-packages/sqlalchemy/orm/session.py", line 1187, in _connection_for_bind
courier_service-1   |     conn = bind.connect()
courier_service-1   |            ^^^^^^^^^^^^^^
courier_service-1   |   File "/usr/local/lib/python3.11/site-packages/sqlalchemy/engine/base.py", line 3293, in connect
courier_service-1   |     return self._connection_cls(self)
order_service-1     |   Courier 3: status=delivering
order_service-1     |   Courier 1: status=delivering
order_service-1     | [Order 16] No idle couriers available
order_service-1     | INFO:     172.18.0.7:54806 - "POST /api/orders/16/assign HTTP/1.1" 200 OK
order_service-1     | [Order 15] Received assign request: route=[38, 46, 24, 40, 42, 34, 29], type=<class 'list'>
order_service-1     | [Order 15] Found 5 couriers
order_service-1     |   Courier 5: status=delivering
order_service-1     |   Courier 2: status=delivering
order_service-1     |   Courier 4: status=delivering
order_service-1     |   Courier 3: status=delivering
order_service-1     |   Courier 1: status=delivering
order_service-1     | [Order 15] No idle couriers available
order_service-1     | INFO:     172.18.0.7:54806 - "POST /api/orders/15/assign HTTP/1.1" 200 OK
order_service-1     | [Order 14] Received assign request: route=[21, 22, 6], type=<class 'list'>
order_service-1     | [Order 14] Found 5 couriers
order_service-1     |   Courier 5: status=delivering
order_service-1     |   Courier 2: status=delivering
order_service-1     |   Courier 4: status=delivering
order_service-1     |   Courier 3: status=delivering
order_service-1     |   Courier 1: status=delivering
courier_service-1   |            ^^^^^^^^^^^^^^^^^^^^^^^^^^
courier_service-1   |   File "/usr/local/lib/python3.11/site-packages/sqlalchemy/engine/base.py", line 143, in __init__
courier_service-1   |     self._dbapi_connection = engine.raw_connection()
courier_service-1   |                              ^^^^^^^^^^^^^^^^^^^^^^^
courier_service-1   |   File "/usr/local/lib/python3.11/site-packages/sqlalchemy/engine/base.py", line 3317, in raw_connection
courier_service-1   |     return self.pool.connect()
courier_service-1   |            ^^^^^^^^^^^^^^^^^^^
courier_service-1   |   File "/usr/local/lib/python3.11/site-packages/sqlalchemy/pool/base.py", line 448, in connect
courier_service-1   |     return _ConnectionFairy._checkout(self)
order_service-1     | [Order 14] No idle couriers available
order_service-1     | INFO:     172.18.0.7:54806 - "POST /api/orders/14/assign HTTP/1.1" 200 OK
order_service-1     | [Order 13] Received assign request: route=[4, 33], type=<class 'list'>
order_service-1     | [Order 13] Found 5 couriers
order_service-1     |   Courier 5: status=delivering
order_service-1     |   Courier 2: status=delivering
order_service-1     |   Courier 4: status=delivering
order_service-1     |   Courier 3: status=delivering
order_service-1     |   Courier 1: status=delivering
order_service-1     | [Order 13] No idle couriers available
order_service-1     | INFO:     172.18.0.7:54806 - "POST /api/orders/13/assign HTTP/1.1" 200 OK
order_service-1     | [Order 12] Received assign request: route=[37, 7, 2, 10], type=<class 'list'>
order_service-1     | [Order 12] Found 5 couriers
order_service-1     |   Courier 5: status=delivering
order_service-1     |   Courier 2: status=delivering
order_service-1     |   Courier 4: status=delivering
order_service-1     |   Courier 3: status=delivering
order_service-1     |   Courier 1: status=delivering
order_service-1     | [Order 12] No idle couriers available
order_service-1     | INFO:     172.18.0.7:54806 - "POST /api/orders/12/assign HTTP/1.1" 200 OK
order_service-1     | [Order 11] Received assign request: route=[20, 37], type=<class 'list'>
order_service-1     | [Order 11] Found 5 couriers
order_service-1     |   Courier 5: status=delivering
order_service-1     |   Courier 2: status=delivering
order_service-1     |   Courier 4: status=delivering
order_service-1     |   Courier 3: status=delivering
order_service-1     |   Courier 1: status=delivering
courier_service-1   |            ^^^^^^^^^^^^^^^^^^^^^^^^^^^^^^^^
courier_service-1   |   File "/usr/local/lib/python3.11/site-packages/sqlalchemy/pool/base.py", line 1371, in _checkout
courier_service-1   |     with util.safe_reraise():
courier_service-1   |   File "/usr/local/lib/python3.11/site-packages/sqlalchemy/util/langhelpers.py", line 121, in __exit__
courier_service-1   |     raise exc_value.with_traceback(exc_tb)
courier_service-1   |   File "/usr/local/lib/python3.11/site-packages/sqlalchemy/pool/base.py", line 1309, in _checkout
courier_service-1   |     result = pool._dialect._do_ping_w_event(
courier_service-1   |              ^^^^^^^^^^^^^^^^^^^^^^^^^^^^^^^
courier_service-1   |   File "/usr/local/lib/python3.11/site-packages/sqlalchemy/engine/default.py", line 729, in _do_ping_w_event
courier_service-1   |     return self.do_ping(dbapi_connection)
courier_service-1   |            ^^^^^^^^^^^^^^^^^^^^^^^^^^^^^^
courier_service-1   |   File "/usr/local/lib/python3.11/site-packages/sqlalchemy/dialects/postgresql/asyncpg.py", line 1160, in do_ping
courier_service-1   |     dbapi_connection.ping()
courier_service-1   |   File "/usr/local/lib/python3.11/site-packages/sqlalchemy/dialects/postgresql/asyncpg.py", line 818, in ping
courier_service-1   |     self._handle_exception(error)
courier_service-1   |   File "/usr/local/lib/python3.11/site-packages/sqlalchemy/dialects/postgresql/asyncpg.py", line 799, in _handle_exception
courier_service-1   |     raise error
courier_service-1   |   File "/usr/local/lib/python3.11/site-packages/sqlalchemy/dialects/postgresql/asyncpg.py", line 816, in ping
courier_service-1   |     _ = self.await_(self._async_ping())
courier_service-1   |         ^^^^^^^^^^^^^^^^^^^^^^^^^^^^^^^
courier_service-1   |   File "/usr/local/lib/python3.11/site-packages/sqlalchemy/util/_concurrency_py3k.py", line 132, in await_only
courier_service-1   |     return current.parent.switch(awaitable)  # type: ignore[no-any-return,attr-defined] # noqa: E501
order_service-1     | [Order 11] No idle couriers available
order_service-1     | INFO:     172.18.0.7:54806 - "POST /api/orders/11/assign HTTP/1.1" 200 OK
order_service-1     | [Order 10] Received assign request: route=[3, 14], type=<class 'list'>
order_service-1     | [Order 10] Found 5 couriers
order_service-1     |   Courier 5: status=delivering
order_service-1     |   Courier 2: status=delivering
order_service-1     |   Courier 4: status=delivering
order_service-1     |   Courier 3: status=delivering
order_service-1     |   Courier 1: status=delivering
order_service-1     | [Order 10] No idle couriers available
courier_service-1   |            ^^^^^^^^^^^^^^^^^^^^^^^^^^^^^^^^
courier_service-1   |   File "/usr/local/lib/python3.11/site-packages/sqlalchemy/util/_concurrency_py3k.py", line 196, in greenlet_spawn
courier_service-1   |     value = await result
courier_service-1   |             ^^^^^^^^^^^^
courier_service-1   |   File "/usr/local/lib/python3.11/site-packages/sqlalchemy/dialects/postgresql/asyncpg.py", line 825, in _async_ping
courier_service-1   |     await tr.start()
courier_service-1   |   File "/usr/local/lib/python3.11/site-packages/asyncpg/transaction.py", line 146, in start
courier_service-1   |     await self._connection.execute(query)
courier_service-1   |   File "/usr/local/lib/python3.11/site-packages/asyncpg/connection.py", line 354, in execute
courier_service-1   |     result = await self._protocol.query(query, timeout)
courier_service-1   |              ^^^^^^^^^^^^^^^^^^^^^^^^^^^^^^^^^^^^^^^^^^
order_service-1     | INFO:     172.18.0.7:54806 - "POST /api/orders/10/assign HTTP/1.1" 200 OK
order_service-1     | [Order 9] Received assign request: route=[36, 41], type=<class 'list'>
order_service-1     | [Order 9] Found 5 couriers
order_service-1     |   Courier 5: status=delivering
order_service-1     |   Courier 2: status=delivering
order_service-1     |   Courier 4: status=delivering
order_service-1     |   Courier 3: status=delivering
order_service-1     |   Courier 1: status=delivering
order_service-1     | [Order 9] No idle couriers available
order_service-1     | INFO:     172.18.0.7:54806 - "POST /api/orders/9/assign HTTP/1.1" 200 OK
order_service-1     | [Order 8] Received assign request: route=[19, 18], type=<class 'list'>
order_service-1     | [Order 8] Found 5 couriers
order_service-1     |   Courier 5: status=delivering
order_service-1     |   Courier 2: status=delivering
order_service-1     |   Courier 4: status=delivering
order_service-1     |   Courier 3: status=delivering
courier_service-1   |   File "asyncpg/protocol/protocol.pyx", line 369, in query
courier_service-1   | RuntimeError: Task <Task pending name='starlette.middleware.base.BaseHTTPMiddleware.__call__.<locals>.call_next.<locals>.coro' coro=<BaseHTTPMiddleware.__call__.<locals>.call_next.<locals>.coro() running at /usr/local/lib/python3.11/site-packages/starlette/middleware/base.py:144> cb=[TaskGroup._spawn.<locals>.task_done() at /usr/local/lib/python3.11/site-packages/anyio/_backends/_asyncio.py:821]> got Future <Future pending cb=[BaseProtocol._on_waiter_completed()]> attached to a different loop
courier_service-1   | Ответ assign для заказа 18: 500 - {"detail":"Assignment error: 500: Failed to get couriers"}
courier_service-1   | Маршрут для заказа 17: 22 -> 25 = [22, 1, 25]
courier_service-1   | INFO:     172.18.0.6:42492 - "GET /api/couriers/ HTTP/1.1" 200 OK
courier_service-1   | Ответ assign для заказа 17: 200 - {"status":"no_couriers_available"}
courier_service-1   | Маршрут для заказа 16: 5 -> 2 = [5, 29, 34, 42, 40, 24, 7, 2]
order_service-1     |   Courier 1: status=delivering
order_service-1     | [Order 8] No idle couriers available
order_service-1     | INFO:     172.18.0.7:54806 - "POST /api/orders/8/assign HTTP/1.1" 200 OK
order_service-1     | [Order 7] Received assign request: route=[2, 7, 24, 40, 42, 34, 29, 5, 45], type=<class 'list'>
order_service-1     | INFO:     172.18.0.8:60754 - "GET /api/orders/ HTTP/1.1" 200 OK
order_service-1     | [Order 7] Found 5 couriers
order_service-1     |   Courier 5: status=delivering
order_service-1     |   Courier 2: status=delivering
order_service-1     |   Courier 4: status=delivering
order_service-1     |   Courier 3: status=delivering
courier_service-1   | INFO:     172.18.0.6:42494 - "GET /api/couriers/ HTTP/1.1" 200 OK
courier_service-1   | Ответ assign для заказа 16: 200 - {"status":"no_couriers_available"}
courier_service-1   | Маршрут для заказа 15: 38 -> 29 = [38, 46, 24, 40, 42, 34, 29]
courier_service-1   | INFO:     172.18.0.6:42508 - "GET /api/couriers/ HTTP/1.1" 200 OK
courier_service-1   | Ответ assign для заказа 15: 200 - {"status":"no_couriers_available"}
courier_service-1   | Маршрут для заказа 14: 21 -> 6 = [21, 22, 6]
courier_service-1   | INFO:     172.18.0.8:42044 - "GET /api/couriers/ HTTP/1.1" 200 OK
courier_service-1   | INFO:     172.18.0.6:42518 - "GET /api/couriers/ HTTP/1.1" 200 OK
courier_service-1   | Ответ assign для заказа 14: 200 - {"status":"no_couriers_available"}
courier_service-1   | Маршрут для заказа 13: 4 -> 33 = [4, 33]
order_service-1     |   Courier 1: status=delivering
order_service-1     | [Order 7] No idle couriers available
order_service-1     | INFO:     172.18.0.7:54806 - "POST /api/orders/7/assign HTTP/1.1" 200 OK
order_service-1     | [Order 6] Received assign request: route=[35, 22], type=<class 'list'>
order_service-1     | [Order 6] Found 5 couriers
order_service-1     |   Courier 5: status=delivering
order_service-1     |   Courier 2: status=delivering
order_service-1     |   Courier 4: status=delivering
order_service-1     |   Courier 3: status=delivering
courier_service-1   | INFO:     172.18.0.6:42532 - "GET /api/couriers/ HTTP/1.1" 200 OK
courier_service-1   | Ответ assign для заказа 13: 200 - {"status":"no_couriers_available"}
courier_service-1   | Маршрут для заказа 12: 37 -> 10 = [37, 7, 2, 10]
courier_service-1   | INFO:     172.18.0.6:42538 - "GET /api/couriers/ HTTP/1.1" 200 OK
courier_service-1   | Ответ assign для заказа 12: 200 - {"status":"no_couriers_available"}
courier_service-1   | Маршрут для заказа 11: 20 -> 37 = [20, 37]
courier_service-1   | INFO:     172.18.0.6:42540 - "GET /api/couriers/ HTTP/1.1" 200 OK
courier_service-1   | Ответ assign для заказа 11: 200 - {"status":"no_couriers_available"}
courier_service-1   | Маршрут для заказа 10: 3 -> 14 = [3, 14]
order_service-1     |   Courier 1: status=delivering
order_service-1     | [Order 6] No idle couriers available
order_service-1     | INFO:     172.18.0.7:54806 - "POST /api/orders/6/assign HTTP/1.1" 200 OK
courier_service-1   | INFO:     172.18.0.8:42050 - "GET /api/couriers/ HTTP/1.1" 200 OK
courier_service-1   | INFO:     172.18.0.6:42550 - "GET /api/couriers/ HTTP/1.1" 200 OK
courier_service-1   | Ответ assign для заказа 10: 200 - {"status":"no_couriers_available"}
courier_service-1   | Маршрут для заказа 9: 36 -> 41 = [36, 41]
courier_service-1   | INFO:     172.18.0.6:42566 - "GET /api/couriers/ HTTP/1.1" 200 OK
courier_service-1   | Ответ assign для заказа 9: 200 - {"status":"no_couriers_available"}
courier_service-1   | Маршрут для заказа 8: 19 -> 18 = [19, 18]
courier_service-1   | INFO:     172.18.0.6:42568 - "GET /api/couriers/ HTTP/1.1" 200 OK
courier_service-1   | Ответ assign для заказа 8: 200 - {"status":"no_couriers_available"}
courier_service-1   | Маршрут для заказа 7: 2 -> 45 = [2, 7, 24, 40, 42, 34, 29, 5, 45]
courier_service-1   | INFO:     172.18.0.6:42582 - "GET /api/couriers/ HTTP/1.1" 200 OK
courier_service-1   | Ответ assign для заказа 7: 200 - {"status":"no_couriers_available"}
courier_service-1   | Маршрут для заказа 6: 35 -> 22 = [35, 22]
courier_service-1   | INFO:     172.18.0.6:42596 - "GET /api/couriers/ HTTP/1.1" 200 OK
courier_service-1   | Exception terminating connection <AdaptedConnection <asyncpg.connection.Connection object at 0x7f46bf7dc7c0>>
courier_service-1   | Traceback (most recent call last):
courier_service-1   |   File "/usr/local/lib/python3.11/site-packages/sqlalchemy/pool/base.py", line 373, in _close_connection
courier_service-1   |     self._dialect.do_terminate(connection)
courier_service-1   |   File "/usr/local/lib/python3.11/site-packages/sqlalchemy/dialects/postgresql/asyncpg.py", line 1127, in do_terminate
courier_service-1   |     dbapi_connection.terminate()
courier_service-1   |   File "/usr/local/lib/python3.11/site-packages/sqlalchemy/connectors/asyncio.py", line 402, in terminate
courier_service-1   |     self.await_(asyncio.shield(self._terminate_graceful_close()))  # type: ignore[attr-defined] # noqa: E501
courier_service-1   |     ^^^^^^^^^^^^^^^^^^^^^^^^^^^^^^^^^^^^^^^^^^^^^^^^^^^^^^^^^^^^^
courier_service-1   |   File "/usr/local/lib/python3.11/site-packages/sqlalchemy/util/_concurrency_py3k.py", line 132, in await_only
courier_service-1   |     return current.parent.switch(awaitable)  # type: ignore[no-any-return,attr-defined] # noqa: E501
courier_service-1   |            ^^^^^^^^^^^^^^^^^^^^^^^^^^^^^^^^
courier_service-1   |   File "/usr/local/lib/python3.11/site-packages/sqlalchemy/util/_concurrency_py3k.py", line 196, in greenlet_spawn
courier_service-1   |     value = await result
courier_service-1   |             ^^^^^^^^^^^^
courier_service-1   |   File "/usr/local/lib/python3.11/site-packages/sqlalchemy/dialects/postgresql/asyncpg.py", line 912, in _terminate_graceful_close
courier_service-1   |     await self._connection.close(timeout=2)
courier_service-1   |   File "/usr/local/lib/python3.11/site-packages/asyncpg/connection.py", line 1513, in close
courier_service-1   |     await self._protocol.close(timeout)
courier_service-1   |   File "asyncpg/protocol/protocol.pyx", line 618, in close
courier_service-1   | RuntimeError: Task <Task pending name='Task-238' coro=<AsyncAdapt_asyncpg_connection._terminate_graceful_close() running at /usr/local/lib/python3.11/site-packages/sqlalchemy/dialects/postgresql/asyncpg.py:912> cb=[shield.<locals>._inner_done_callback() at /usr/local/lib/python3.11/asyncio/tasks.py:891]> got Future <Future pending> attached to a different loop
courier_service-1   | Future exception was never retrieved
courier_service-1   | future: <Future finished exception=InternalClientError('got result for unknown protocol state 3')>
courier_service-1   | Traceback (most recent call last):
courier_service-1   |   File "asyncpg/protocol/protocol.pyx", line 892, in asyncpg.protocol.protocol.BaseProtocol._dispatch_result
courier_service-1   | asyncpg.exceptions._base.InternalClientError: got result for unknown protocol state 3
courier_service-1   | Future exception was never retrieved
courier_service-1   | future: <Future finished exception=InternalClientError('got result for unknown protocol state 3')>
courier_service-1   | Traceback (most recent call last):
courier_service-1   |   File "asyncpg/protocol/protocol.pyx", line 892, in asyncpg.protocol.protocol.BaseProtocol._dispatch_result
courier_service-1   | asyncpg.exceptions._base.InternalClientError: got result for unknown protocol state 3
courier_service-1   | Exception terminating connection <AdaptedConnection <asyncpg.connection.Connection object at 0x7f46bf7c8e50>>
courier_service-1   | Traceback (most recent call last):
courier_service-1   |   File "/usr/local/lib/python3.11/site-packages/sqlalchemy/pool/base.py", line 373, in _close_connection
courier_service-1   |     self._dialect.do_terminate(connection)
courier_service-1   |   File "/usr/local/lib/python3.11/site-packages/sqlalchemy/dialects/postgresql/asyncpg.py", line 1127, in do_terminate
courier_service-1   |     dbapi_connection.terminate()
courier_service-1   |   File "/usr/local/lib/python3.11/site-packages/sqlalchemy/connectors/asyncio.py", line 402, in terminate
courier_service-1   |     self.await_(asyncio.shield(self._terminate_graceful_close()))  # type: ignore[attr-defined] # noqa: E501
courier_service-1   |     ^^^^^^^^^^^^^^^^^^^^^^^^^^^^^^^^^^^^^^^^^^^^^^^^^^^^^^^^^^^^^
courier_service-1   |   File "/usr/local/lib/python3.11/site-packages/sqlalchemy/util/_concurrency_py3k.py", line 132, in await_only
courier_service-1   |     return current.parent.switch(awaitable)  # type: ignore[no-any-return,attr-defined] # noqa: E501
courier_service-1   |            ^^^^^^^^^^^^^^^^^^^^^^^^^^^^^^^^
courier_service-1   |   File "/usr/local/lib/python3.11/site-packages/sqlalchemy/util/_concurrency_py3k.py", line 196, in greenlet_spawn
courier_service-1   |     value = await result
courier_service-1   |             ^^^^^^^^^^^^
courier_service-1   |   File "/usr/local/lib/python3.11/site-packages/sqlalchemy/dialects/postgresql/asyncpg.py", line 912, in _terminate_graceful_close
courier_service-1   |     await self._connection.close(timeout=2)
courier_service-1   |   File "/usr/local/lib/python3.11/site-packages/asyncpg/connection.py", line 1513, in close
courier_service-1   |     await self._protocol.close(timeout)
courier_service-1   |   File "asyncpg/protocol/protocol.pyx", line 618, in close
courier_service-1   | RuntimeError: Task <Task pending name='Task-242' coro=<AsyncAdapt_asyncpg_connection._terminate_graceful_close() running at /usr/local/lib/python3.11/site-packages/sqlalchemy/dialects/postgresql/asyncpg.py:912> cb=[shield.<locals>._inner_done_callback() at /usr/local/lib/python3.11/asyncio/tasks.py:891]> got Future <Future pending> attached to a different loop
courier_service-1   | Exception terminating connection <AdaptedConnection <asyncpg.connection.Connection object at 0x7f46bf7dc310>>
courier_service-1   | Traceback (most recent call last):
courier_service-1   |   File "/usr/local/lib/python3.11/site-packages/sqlalchemy/pool/base.py", line 373, in _close_connection
courier_service-1   |     self._dialect.do_terminate(connection)
courier_service-1   |   File "/usr/local/lib/python3.11/site-packages/sqlalchemy/dialects/postgresql/asyncpg.py", line 1127, in do_terminate
courier_service-1   |     dbapi_connection.terminate()
courier_service-1   |   File "/usr/local/lib/python3.11/site-packages/sqlalchemy/connectors/asyncio.py", line 402, in terminate
courier_service-1   |     self.await_(asyncio.shield(self._terminate_graceful_close()))  # type: ignore[attr-defined] # noqa: E501
courier_service-1   |     ^^^^^^^^^^^^^^^^^^^^^^^^^^^^^^^^^^^^^^^^^^^^^^^^^^^^^^^^^^^^^
courier_service-1   |   File "/usr/local/lib/python3.11/site-packages/sqlalchemy/util/_concurrency_py3k.py", line 132, in await_only
courier_service-1   |     return current.parent.switch(awaitable)  # type: ignore[no-any-return,attr-defined] # noqa: E501
courier_service-1   |            ^^^^^^^^^^^^^^^^^^^^^^^^^^^^^^^^
courier_service-1   |   File "/usr/local/lib/python3.11/site-packages/sqlalchemy/util/_concurrency_py3k.py", line 196, in greenlet_spawn
courier_service-1   |     value = await result
courier_service-1   |             ^^^^^^^^^^^^
courier_service-1   |   File "/usr/local/lib/python3.11/site-packages/sqlalchemy/dialects/postgresql/asyncpg.py", line 912, in _terminate_graceful_close
courier_service-1   |     await self._connection.close(timeout=2)
courier_service-1   |   File "/usr/local/lib/python3.11/site-packages/asyncpg/connection.py", line 1513, in close
courier_service-1   |     await self._protocol.close(timeout)
courier_service-1   |   File "asyncpg/protocol/protocol.pyx", line 618, in close
courier_service-1   | RuntimeError: Task <Task pending name='Task-246' coro=<AsyncAdapt_asyncpg_connection._terminate_graceful_close() running at /usr/local/lib/python3.11/site-packages/sqlalchemy/dialects/postgresql/asyncpg.py:912> cb=[shield.<locals>._inner_done_callback() at /usr/local/lib/python3.11/asyncio/tasks.py:891]> got Future <Future pending> attached to a different loop
courier_service-1   | Future exception was never retrieved
courier_service-1   | future: <Future finished exception=InternalClientError('got result for unknown protocol state 3')>
courier_service-1   | Traceback (most recent call last):
courier_service-1   |   File "asyncpg/protocol/protocol.pyx", line 892, in asyncpg.protocol.protocol.BaseProtocol._dispatch_result
courier_service-1   | asyncpg.exceptions._base.InternalClientError: got result for unknown protocol state 3
courier_service-1   | Future exception was never retrieved
courier_service-1   | future: <Future finished exception=InternalClientError('got result for unknown protocol state 3')>
courier_service-1   | Traceback (most recent call last):
courier_service-1   |   File "asyncpg/protocol/protocol.pyx", line 892, in asyncpg.protocol.protocol.BaseProtocol._dispatch_result
courier_service-1   | asyncpg.exceptions._base.InternalClientError: got result for unknown protocol state 3
courier_service-1   | Future exception was never retrieved
courier_service-1   | future: <Future finished exception=InternalClientError('got result for unknown protocol state 3')>
courier_service-1   | Traceback (most recent call last):
courier_service-1   |   File "asyncpg/protocol/protocol.pyx", line 892, in asyncpg.protocol.protocol.BaseProtocol._dispatch_result
courier_service-1   | asyncpg.exceptions._base.InternalClientError: got result for unknown protocol state 3
courier_service-1   | Future exception was never retrieved
courier_service-1   | future: <Future finished exception=InternalClientError('got result for unknown protocol state 3')>
courier_service-1   | Traceback (most recent call last):
courier_service-1   |   File "asyncpg/protocol/protocol.pyx", line 892, in asyncpg.protocol.protocol.BaseProtocol._dispatch_result
courier_service-1   | asyncpg.exceptions._base.InternalClientError: got result for unknown protocol state 3
courier_service-1   | Ответ assign для заказа 6: 200 - {"status":"no_couriers_available"}
courier_service-1   | [CourierEmulator] move error for courier 1: Task <Task pending name='Task-237' coro=<CourierEmulator._move_along_route() running at /app/courier_service/courier_service.py:139> cb=[_run_until_complete_cb() at /usr/local/lib/python3.11/asyncio/base_events.py:181]> got Future <Future pending cb=[BaseProtocol._on_waiter_completed()]> attached to a different loop
courier_service-1   | [CourierEmulator] move error for courier 2: Task <Task pending name='Task-241' coro=<CourierEmulator._move_along_route() running at /app/courier_service/courier_service.py:139> cb=[_run_until_complete_cb() at /usr/local/lib/python3.11/asyncio/base_events.py:181]> got Future <Future pending cb=[BaseProtocol._on_waiter_completed()]> attached to a different loop
courier_service-1   | [CourierEmulator] move error for courier 4: Task <Task pending name='Task-245' coro=<CourierEmulator._move_along_route() running at /app/courier_service/courier_service.py:139> cb=[_run_until_complete_cb() at /usr/local/lib/python3.11/asyncio/base_events.py:181]> got Future <Future pending cb=[BaseProtocol._on_waiter_completed()]> attached to a different loop
courier_service-1   | INFO:     172.18.0.8:37264 - "GET /api/couriers/ HTTP/1.1" 200 OK
courier_service-1   | Exception terminating connection <AdaptedConnection <asyncpg.connection.Connection object at 0x7f46bf7dcd60>>
courier_service-1   | Traceback (most recent call last):
courier_service-1   |   File "/usr/local/lib/python3.11/site-packages/sqlalchemy/pool/base.py", line 373, in _close_connection
courier_service-1   |     self._dialect.do_terminate(connection)
courier_service-1   |   File "/usr/local/lib/python3.11/site-packages/sqlalchemy/dialects/postgresql/asyncpg.py", line 1127, in do_terminate
courier_service-1   |     dbapi_connection.terminate()
courier_service-1   |   File "/usr/local/lib/python3.11/site-packages/sqlalchemy/connectors/asyncio.py", line 402, in terminate
courier_service-1   |     self.await_(asyncio.shield(self._terminate_graceful_close()))  # type: ignore[attr-defined] # noqa: E501
courier_service-1   |     ^^^^^^^^^^^^^^^^^^^^^^^^^^^^^^^^^^^^^^^^^^^^^^^^^^^^^^^^^^^^^
courier_service-1   |   File "/usr/local/lib/python3.11/site-packages/sqlalchemy/util/_concurrency_py3k.py", line 132, in await_only
courier_service-1   |     return current.parent.switch(awaitable)  # type: ignore[no-any-return,attr-defined] # noqa: E501
courier_service-1   |            ^^^^^^^^^^^^^^^^^^^^^^^^^^^^^^^^
courier_service-1   |   File "/usr/local/lib/python3.11/site-packages/sqlalchemy/util/_concurrency_py3k.py", line 196, in greenlet_spawn
courier_service-1   |     value = await result
courier_service-1   |             ^^^^^^^^^^^^
courier_service-1   |   File "/usr/local/lib/python3.11/site-packages/sqlalchemy/dialects/postgresql/asyncpg.py", line 912, in _terminate_graceful_close
courier_service-1   |     await self._connection.close(timeout=2)
courier_service-1   |   File "/usr/local/lib/python3.11/site-packages/asyncpg/connection.py", line 1513, in close
courier_service-1   |     await self._protocol.close(timeout)
courier_service-1   |   File "asyncpg/protocol/protocol.pyx", line 618, in close
courier_service-1   | RuntimeError: Task <Task pending name='Task-261' coro=<AsyncAdapt_asyncpg_connection._terminate_graceful_close() running at /usr/local/lib/python3.11/site-packages/sqlalchemy/dialects/postgresql/asyncpg.py:912> cb=[shield.<locals>._inner_done_callback() at /usr/local/lib/python3.11/asyncio/tasks.py:891]> got Future <Future pending> attached to a different loop
courier_service-1   | INFO:     172.18.0.8:37274 - "GET /api/couriers/ HTTP/1.1" 500 Internal Server Error
courier_service-1   | ERROR:    Exception in ASGI application
courier_service-1   | Traceback (most recent call last):
courier_service-1   |   File "/usr/local/lib/python3.11/site-packages/uvicorn/protocols/http/httptools_impl.py", line 421, in run_asgi
courier_service-1   |     result = await app(  # type: ignore[func-returns-value]
courier_service-1   |              ^^^^^^^^^^^^^^^^^^^^^^^^^^^^^^^^^^^^^^^^^^^^^^
courier_service-1   |   File "/usr/local/lib/python3.11/site-packages/uvicorn/middleware/proxy_headers.py", line 56, in __call__
courier_service-1   |     return await self.app(scope, receive, send)
courier_service-1   |            ^^^^^^^^^^^^^^^^^^^^^^^^^^^^^^^^^^^^
courier_service-1   |   File "/usr/local/lib/python3.11/site-packages/fastapi/applications.py", line 1159, in __call__
courier_service-1   |     await super().__call__(scope, receive, send)
courier_service-1   |   File "/usr/local/lib/python3.11/site-packages/starlette/applications.py", line 90, in __call__
courier_service-1   |     await self.middleware_stack(scope, receive, send)
courier_service-1   |   File "/usr/local/lib/python3.11/site-packages/starlette/middleware/errors.py", line 186, in __call__
courier_service-1   |     raise exc
courier_service-1   |   File "/usr/local/lib/python3.11/site-packages/starlette/middleware/errors.py", line 164, in __call__
courier_service-1   |     await self.app(scope, receive, _send)
courier_service-1   |   File "/usr/local/lib/python3.11/site-packages/starlette/middleware/base.py", line 191, in __call__
courier_service-1   |     with recv_stream, send_stream, collapse_excgroups():
courier_service-1   |   File "/usr/local/lib/python3.11/contextlib.py", line 158, in __exit__
courier_service-1   |     self.gen.throw(typ, value, traceback)
courier_service-1   |   File "/usr/local/lib/python3.11/site-packages/starlette/_utils.py", line 87, in collapse_excgroups
courier_service-1   |     raise exc
courier_service-1   |   File "/usr/local/lib/python3.11/site-packages/starlette/middleware/base.py", line 193, in __call__
courier_service-1   |     response = await self.dispatch_func(request, call_next)
courier_service-1   |                ^^^^^^^^^^^^^^^^^^^^^^^^^^^^^^^^^^^^^^^^^^^^
courier_service-1   |   File "/app/courier_service/main.py", line 137, in prometheus_middleware
courier_service-1   |     response = await call_next(request)
courier_service-1   |                ^^^^^^^^^^^^^^^^^^^^^^^^
courier_service-1   |   File "/usr/local/lib/python3.11/site-packages/starlette/middleware/base.py", line 168, in call_next
courier_service-1   |     raise app_exc from app_exc.__cause__ or app_exc.__context__
courier_service-1   |   File "/usr/local/lib/python3.11/site-packages/starlette/middleware/base.py", line 144, in coro
courier_service-1   |     await self.app(scope, receive_or_disconnect, send_no_error)
courier_service-1   |   File "/usr/local/lib/python3.11/site-packages/starlette/middleware/exceptions.py", line 63, in __call__
courier_service-1   |     await wrap_app_handling_exceptions(self.app, conn)(scope, receive, send)
courier_service-1   |   File "/usr/local/lib/python3.11/site-packages/starlette/_exception_handler.py", line 53, in wrapped_app
courier_service-1   |     raise exc
courier_service-1   |   File "/usr/local/lib/python3.11/site-packages/starlette/_exception_handler.py", line 42, in wrapped_app
courier_service-1   |     await app(scope, receive, sender)
courier_service-1   |   File "/usr/local/lib/python3.11/site-packages/fastapi/middleware/asyncexitstack.py", line 18, in __call__
courier_service-1   |     await self.app(scope, receive, send)
courier_service-1   |   File "/usr/local/lib/python3.11/site-packages/starlette/routing.py", line 660, in __call__
courier_service-1   |     await self.middleware_stack(scope, receive, send)
courier_service-1   |   File "/usr/local/lib/python3.11/site-packages/starlette/routing.py", line 680, in app
courier_service-1   |     await route.handle(scope, receive, send)
courier_service-1   |   File "/usr/local/lib/python3.11/site-packages/starlette/routing.py", line 276, in handle
courier_service-1   |     await self.app(scope, receive, send)
courier_service-1   |   File "/usr/local/lib/python3.11/site-packages/fastapi/routing.py", line 134, in app
courier_service-1   |     await wrap_app_handling_exceptions(app, request)(scope, receive, send)
courier_service-1   |   File "/usr/local/lib/python3.11/site-packages/starlette/_exception_handler.py", line 53, in wrapped_app
courier_service-1   |     raise exc
courier_service-1   |   File "/usr/local/lib/python3.11/site-packages/starlette/_exception_handler.py", line 42, in wrapped_app
courier_service-1   |     await app(scope, receive, sender)
courier_service-1   |   File "/usr/local/lib/python3.11/site-packages/fastapi/routing.py", line 120, in app
courier_service-1   |     response = await f(request)
courier_service-1   |                ^^^^^^^^^^^^^^^^
courier_service-1   |   File "/usr/local/lib/python3.11/site-packages/fastapi/routing.py", line 674, in app
courier_service-1   |     raw_response = await run_endpoint_function(
courier_service-1   |                    ^^^^^^^^^^^^^^^^^^^^^^^^^^^^
courier_service-1   |   File "/usr/local/lib/python3.11/site-packages/fastapi/routing.py", line 328, in run_endpoint_function
courier_service-1   |     return await dependant.call(**values)
courier_service-1   |            ^^^^^^^^^^^^^^^^^^^^^^^^^^^^^^
courier_service-1   |   File "/app/courier_service/routes.py", line 245, in list_couriers
courier_service-1   |     couriers = await service.get_all_couriers()
courier_service-1   |                ^^^^^^^^^^^^^^^^^^^^^^^^^^^^^^^^
courier_service-1   |   File "/app/courier_service/courier_service.py", line 370, in get_all_couriers
courier_service-1   |     result = await self.session.execute(select(Courier).execution_options(populate_existing=True))
courier_service-1   |              ^^^^^^^^^^^^^^^^^^^^^^^^^^^^^^^^^^^^^^^^^^^^^^^^^^^^^^^^^^^^^^^^^^^^^^^^^^^^^^^^^^^^^
courier_service-1   |   File "/usr/local/lib/python3.11/site-packages/sqlalchemy/ext/asyncio/session.py", line 449, in execute
courier_service-1   |     result = await greenlet_spawn(
courier_service-1   |              ^^^^^^^^^^^^^^^^^^^^^
courier_service-1   |   File "/usr/local/lib/python3.11/site-packages/sqlalchemy/util/_concurrency_py3k.py", line 201, in greenlet_spawn
courier_service-1   |     result = context.throw(*sys.exc_info())
courier_service-1   |              ^^^^^^^^^^^^^^^^^^^^^^^^^^^^^^
courier_service-1   |   File "/usr/local/lib/python3.11/site-packages/sqlalchemy/orm/session.py", line 2351, in execute
courier_service-1   |     return self._execute_internal(
courier_service-1   |            ^^^^^^^^^^^^^^^^^^^^^^^
courier_service-1   |   File "/usr/local/lib/python3.11/site-packages/sqlalchemy/orm/session.py", line 2239, in _execute_internal
courier_service-1   |     conn = self._connection_for_bind(bind)
courier_service-1   |            ^^^^^^^^^^^^^^^^^^^^^^^^^^^^^^^
courier_service-1   |   File "/usr/local/lib/python3.11/site-packages/sqlalchemy/orm/session.py", line 2108, in _connection_for_bind
courier_service-1   |     return trans._connection_for_bind(engine, execution_options)
courier_service-1   |            ^^^^^^^^^^^^^^^^^^^^^^^^^^^^^^^^^^^^^^^^^^^^^^^^^^^^^
courier_service-1   |   File "<string>", line 2, in _connection_for_bind
courier_service-1   |   File "/usr/local/lib/python3.11/site-packages/sqlalchemy/orm/state_changes.py", line 137, in _go
courier_service-1   |     ret_value = fn(self, *arg, **kw)
courier_service-1   |                 ^^^^^^^^^^^^^^^^^^^^
courier_service-1   |   File "/usr/local/lib/python3.11/site-packages/sqlalchemy/orm/session.py", line 1187, in _connection_for_bind
courier_service-1   |     conn = bind.connect()
courier_service-1   |            ^^^^^^^^^^^^^^
courier_service-1   |   File "/usr/local/lib/python3.11/site-packages/sqlalchemy/engine/base.py", line 3293, in connect
courier_service-1   |     return self._connection_cls(self)
courier_service-1   |            ^^^^^^^^^^^^^^^^^^^^^^^^^^
courier_service-1   |   File "/usr/local/lib/python3.11/site-packages/sqlalchemy/engine/base.py", line 143, in __init__
courier_service-1   |     self._dbapi_connection = engine.raw_connection()
courier_service-1   |                              ^^^^^^^^^^^^^^^^^^^^^^^
courier_service-1   |   File "/usr/local/lib/python3.11/site-packages/sqlalchemy/engine/base.py", line 3317, in raw_connection
courier_service-1   |     return self.pool.connect()
courier_service-1   |            ^^^^^^^^^^^^^^^^^^^
courier_service-1   |   File "/usr/local/lib/python3.11/site-packages/sqlalchemy/pool/base.py", line 448, in connect
courier_service-1   |     return _ConnectionFairy._checkout(self)
courier_service-1   |            ^^^^^^^^^^^^^^^^^^^^^^^^^^^^^^^^
courier_service-1   |   File "/usr/local/lib/python3.11/site-packages/sqlalchemy/pool/base.py", line 1371, in _checkout
courier_service-1   |     with util.safe_reraise():
courier_service-1   |   File "/usr/local/lib/python3.11/site-packages/sqlalchemy/util/langhelpers.py", line 121, in __exit__
courier_service-1   |     raise exc_value.with_traceback(exc_tb)
courier_service-1   |   File "/usr/local/lib/python3.11/site-packages/sqlalchemy/pool/base.py", line 1309, in _checkout
courier_service-1   |     result = pool._dialect._do_ping_w_event(
courier_service-1   |              ^^^^^^^^^^^^^^^^^^^^^^^^^^^^^^^
courier_service-1   |   File "/usr/local/lib/python3.11/site-packages/sqlalchemy/engine/default.py", line 729, in _do_ping_w_event
courier_service-1   |     return self.do_ping(dbapi_connection)
courier_service-1   |            ^^^^^^^^^^^^^^^^^^^^^^^^^^^^^^
courier_service-1   |   File "/usr/local/lib/python3.11/site-packages/sqlalchemy/dialects/postgresql/asyncpg.py", line 1160, in do_ping
courier_service-1   |     dbapi_connection.ping()
courier_service-1   |   File "/usr/local/lib/python3.11/site-packages/sqlalchemy/dialects/postgresql/asyncpg.py", line 818, in ping
courier_service-1   |     self._handle_exception(error)
courier_service-1   |   File "/usr/local/lib/python3.11/site-packages/sqlalchemy/dialects/postgresql/asyncpg.py", line 799, in _handle_exception
courier_service-1   |     raise error
courier_service-1   |   File "/usr/local/lib/python3.11/site-packages/sqlalchemy/dialects/postgresql/asyncpg.py", line 816, in ping
courier_service-1   |     _ = self.await_(self._async_ping())
courier_service-1   |         ^^^^^^^^^^^^^^^^^^^^^^^^^^^^^^^
courier_service-1   |   File "/usr/local/lib/python3.11/site-packages/sqlalchemy/util/_concurrency_py3k.py", line 132, in await_only
courier_service-1   |     return current.parent.switch(awaitable)  # type: ignore[no-any-return,attr-defined] # noqa: E501
courier_service-1   |            ^^^^^^^^^^^^^^^^^^^^^^^^^^^^^^^^
courier_service-1   |   File "/usr/local/lib/python3.11/site-packages/sqlalchemy/util/_concurrency_py3k.py", line 196, in greenlet_spawn
courier_service-1   |     value = await result
courier_service-1   |             ^^^^^^^^^^^^
courier_service-1   |   File "/usr/local/lib/python3.11/site-packages/sqlalchemy/dialects/postgresql/asyncpg.py", line 825, in _async_ping
courier_service-1   |     await tr.start()
courier_service-1   |   File "/usr/local/lib/python3.11/site-packages/asyncpg/transaction.py", line 146, in start
courier_service-1   |     await self._connection.execute(query)
courier_service-1   |   File "/usr/local/lib/python3.11/site-packages/asyncpg/connection.py", line 354, in execute
courier_service-1   |     result = await self._protocol.query(query, timeout)
courier_service-1   |              ^^^^^^^^^^^^^^^^^^^^^^^^^^^^^^^^^^^^^^^^^^
courier_service-1   |   File "asyncpg/protocol/protocol.pyx", line 369, in query
courier_service-1   | RuntimeError: Task <Task pending name='starlette.middleware.base.BaseHTTPMiddleware.__call__.<locals>.call_next.<locals>.coro' coro=<BaseHTTPMiddleware.__call__.<locals>.call_next.<locals>.coro() running at /usr/local/lib/python3.11/site-packages/starlette/middleware/base.py:144> cb=[TaskGroup._spawn.<locals>.task_done() at /usr/local/lib/python3.11/site-packages/anyio/_backends/_asyncio.py:821]> got Future <Future pending cb=[BaseProtocol._on_waiter_completed()]> attached to a different loop
courier_service-1   | Exception terminating connection <AdaptedConnection <asyncpg.connection.Connection object at 0x7f46bf7ddf30>>
courier_service-1   | Traceback (most recent call last):
courier_service-1   |   File "/usr/local/lib/python3.11/site-packages/sqlalchemy/pool/base.py", line 373, in _close_connection
courier_service-1   |     self._dialect.do_terminate(connection)
courier_service-1   |   File "/usr/local/lib/python3.11/site-packages/sqlalchemy/dialects/postgresql/asyncpg.py", line 1127, in do_terminate
courier_service-1   |     dbapi_connection.terminate()
courier_service-1   |   File "/usr/local/lib/python3.11/site-packages/sqlalchemy/connectors/asyncio.py", line 402, in terminate
courier_service-1   |     self.await_(asyncio.shield(self._terminate_graceful_close()))  # type: ignore[attr-defined] # noqa: E501
courier_service-1   |     ^^^^^^^^^^^^^^^^^^^^^^^^^^^^^^^^^^^^^^^^^^^^^^^^^^^^^^^^^^^^^
courier_service-1   |   File "/usr/local/lib/python3.11/site-packages/sqlalchemy/util/_concurrency_py3k.py", line 132, in await_only
courier_service-1   |     return current.parent.switch(awaitable)  # type: ignore[no-any-return,attr-defined] # noqa: E501
courier_service-1   |            ^^^^^^^^^^^^^^^^^^^^^^^^^^^^^^^^
courier_service-1   |   File "/usr/local/lib/python3.11/site-packages/sqlalchemy/util/_concurrency_py3k.py", line 196, in greenlet_spawn
courier_service-1   |     value = await result
courier_service-1   |             ^^^^^^^^^^^^
courier_service-1   |   File "/usr/local/lib/python3.11/site-packages/sqlalchemy/dialects/postgresql/asyncpg.py", line 912, in _terminate_graceful_close
courier_service-1   |     await self._connection.close(timeout=2)
courier_service-1   |   File "/usr/local/lib/python3.11/site-packages/asyncpg/connection.py", line 1513, in close
courier_service-1   |     await self._protocol.close(timeout)
courier_service-1   |   File "asyncpg/protocol/protocol.pyx", line 618, in close
courier_service-1   | RuntimeError: Task <Task pending name='Task-265' coro=<AsyncAdapt_asyncpg_connection._terminate_graceful_close() running at /usr/local/lib/python3.11/site-packages/sqlalchemy/dialects/postgresql/asyncpg.py:912> cb=[shield.<locals>._inner_done_callback() at /usr/local/lib/python3.11/asyncio/tasks.py:891]> got Future <Future pending> attached to a different loop
courier_service-1   | Exception terminating connection <AdaptedConnection <asyncpg.connection.Connection object at 0x7f46bf7c8f40>>
courier_service-1   | Traceback (most recent call last):
courier_service-1   |   File "/usr/local/lib/python3.11/site-packages/sqlalchemy/pool/base.py", line 373, in _close_connection
courier_service-1   |     self._dialect.do_terminate(connection)
courier_service-1   |   File "/usr/local/lib/python3.11/site-packages/sqlalchemy/dialects/postgresql/asyncpg.py", line 1127, in do_terminate
courier_service-1   |     dbapi_connection.terminate()
courier_service-1   |   File "/usr/local/lib/python3.11/site-packages/sqlalchemy/connectors/asyncio.py", line 402, in terminate
courier_service-1   |     self.await_(asyncio.shield(self._terminate_graceful_close()))  # type: ignore[attr-defined] # noqa: E501
courier_service-1   |     ^^^^^^^^^^^^^^^^^^^^^^^^^^^^^^^^^^^^^^^^^^^^^^^^^^^^^^^^^^^^^
courier_service-1   |   File "/usr/local/lib/python3.11/site-packages/sqlalchemy/util/_concurrency_py3k.py", line 132, in await_only
courier_service-1   |     return current.parent.switch(awaitable)  # type: ignore[no-any-return,attr-defined] # noqa: E501
courier_service-1   |            ^^^^^^^^^^^^^^^^^^^^^^^^^^^^^^^^
courier_service-1   |   File "/usr/local/lib/python3.11/site-packages/sqlalchemy/util/_concurrency_py3k.py", line 196, in greenlet_spawn
courier_service-1   |     value = await result
courier_service-1   |             ^^^^^^^^^^^^
courier_service-1   |   File "/usr/local/lib/python3.11/site-packages/sqlalchemy/dialects/postgresql/asyncpg.py", line 912, in _terminate_graceful_close
courier_service-1   |     await self._connection.close(timeout=2)
courier_service-1   |   File "/usr/local/lib/python3.11/site-packages/asyncpg/connection.py", line 1513, in close
courier_service-1   |     await self._protocol.close(timeout)
courier_service-1   |   File "asyncpg/protocol/protocol.pyx", line 618, in close
courier_service-1   | RuntimeError: Task <Task pending name='Task-269' coro=<AsyncAdapt_asyncpg_connection._terminate_graceful_close() running at /usr/local/lib/python3.11/site-packages/sqlalchemy/dialects/postgresql/asyncpg.py:912> cb=[shield.<locals>._inner_done_callback() at /usr/local/lib/python3.11/asyncio/tasks.py:891]> got Future <Future pending> attached to a different loop
courier_service-1   | Future exception was never retrieved
courier_service-1   | future: <Future finished exception=InternalClientError('got result for unknown protocol state 3')>
courier_service-1   | Traceback (most recent call last):
courier_service-1   |   File "asyncpg/protocol/protocol.pyx", line 892, in asyncpg.protocol.protocol.BaseProtocol._dispatch_result
courier_service-1   | asyncpg.exceptions._base.InternalClientError: got result for unknown protocol state 3
courier_service-1   | Future exception was never retrieved
courier_service-1   | future: <Future finished exception=InternalClientError('got result for unknown protocol state 3')>
courier_service-1   | Traceback (most recent call last):
courier_service-1   |   File "asyncpg/protocol/protocol.pyx", line 892, in asyncpg.protocol.protocol.BaseProtocol._dispatch_result
courier_service-1   | asyncpg.exceptions._base.InternalClientError: got result for unknown protocol state 3
courier_service-1   | Future exception was never retrieved
courier_service-1   | future: <Future finished exception=InternalClientError('got result for unknown protocol state 3')>
courier_service-1   | Traceback (most recent call last):
courier_service-1   |   File "asyncpg/protocol/protocol.pyx", line 892, in asyncpg.protocol.protocol.BaseProtocol._dispatch_result
courier_service-1   | asyncpg.exceptions._base.InternalClientError: got result for unknown protocol state 3
courier_service-1   | Exception terminating connection <AdaptedConnection <asyncpg.connection.Connection object at 0x7f46bf7dff10>>
courier_service-1   | Traceback (most recent call last):
courier_service-1   |   File "/usr/local/lib/python3.11/site-packages/sqlalchemy/pool/base.py", line 373, in _close_connection
courier_service-1   |     self._dialect.do_terminate(connection)
courier_service-1   |   File "/usr/local/lib/python3.11/site-packages/sqlalchemy/dialects/postgresql/asyncpg.py", line 1127, in do_terminate
courier_service-1   |     dbapi_connection.terminate()
courier_service-1   |   File "/usr/local/lib/python3.11/site-packages/sqlalchemy/connectors/asyncio.py", line 402, in terminate
courier_service-1   |     self.await_(asyncio.shield(self._terminate_graceful_close()))  # type: ignore[attr-defined] # noqa: E501
courier_service-1   |     ^^^^^^^^^^^^^^^^^^^^^^^^^^^^^^^^^^^^^^^^^^^^^^^^^^^^^^^^^^^^^
courier_service-1   |   File "/usr/local/lib/python3.11/site-packages/sqlalchemy/util/_concurrency_py3k.py", line 132, in await_only
courier_service-1   |     return current.parent.switch(awaitable)  # type: ignore[no-any-return,attr-defined] # noqa: E501
courier_service-1   |            ^^^^^^^^^^^^^^^^^^^^^^^^^^^^^^^^
courier_service-1   |   File "/usr/local/lib/python3.11/site-packages/sqlalchemy/util/_concurrency_py3k.py", line 196, in greenlet_spawn
courier_service-1   |     value = await result
courier_service-1   |             ^^^^^^^^^^^^
courier_service-1   |   File "/usr/local/lib/python3.11/site-packages/sqlalchemy/dialects/postgresql/asyncpg.py", line 912, in _terminate_graceful_close
courier_service-1   |     await self._connection.close(timeout=2)
courier_service-1   |   File "/usr/local/lib/python3.11/site-packages/asyncpg/connection.py", line 1513, in close
courier_service-1   |     await self._protocol.close(timeout)
courier_service-1   |   File "asyncpg/protocol/protocol.pyx", line 618, in close
courier_service-1   | RuntimeError: Task <Task pending name='Task-284' coro=<AsyncAdapt_asyncpg_connection._terminate_graceful_close() running at /usr/local/lib/python3.11/site-packages/sqlalchemy/dialects/postgresql/asyncpg.py:912> cb=[shield.<locals>._inner_done_callback() at /usr/local/lib/python3.11/asyncio/tasks.py:891]> got Future <Future pending> attached to a different loop
courier_service-1   | [CourierEmulator] move error for courier 1: Task <Task pending name='Task-264' coro=<CourierEmulator._move_along_route() running at /app/courier_service/courier_service.py:139> cb=[_run_until_complete_cb() at /usr/local/lib/python3.11/asyncio/base_events.py:181]> got Future <Future pending cb=[BaseProtocol._on_waiter_completed()]> attached to a different loop
courier_service-1   | [CourierEmulator] move error for courier 2: Task <Task pending name='Task-268' coro=<CourierEmulator._move_along_route() running at /app/courier_service/courier_service.py:139> cb=[_run_until_complete_cb() at /usr/local/lib/python3.11/asyncio/base_events.py:181]> got Future <Future pending cb=[BaseProtocol._on_waiter_completed()]> attached to a different loop
courier_service-1   | Найдено 15 заказов без курьеров
courier_service-1   | Маршрут для заказа 20: 23 -> 44 = [23, 13, 44]
courier_service-1   | INFO:     172.18.0.6:43484 - "GET /api/couriers/ HTTP/1.1" 500 Internal Server Error
courier_service-1   | ERROR:    Exception in ASGI application
courier_service-1   | Traceback (most recent call last):
courier_service-1   |   File "/usr/local/lib/python3.11/site-packages/uvicorn/protocols/http/httptools_impl.py", line 421, in run_asgi
courier_service-1   |     result = await app(  # type: ignore[func-returns-value]
courier_service-1   |              ^^^^^^^^^^^^^^^^^^^^^^^^^^^^^^^^^^^^^^^^^^^^^^
courier_service-1   |   File "/usr/local/lib/python3.11/site-packages/uvicorn/middleware/proxy_headers.py", line 56, in __call__
courier_service-1   |     return await self.app(scope, receive, send)
courier_service-1   |            ^^^^^^^^^^^^^^^^^^^^^^^^^^^^^^^^^^^^
courier_service-1   |   File "/usr/local/lib/python3.11/site-packages/fastapi/applications.py", line 1159, in __call__
courier_service-1   |     await super().__call__(scope, receive, send)
courier_service-1   |   File "/usr/local/lib/python3.11/site-packages/starlette/applications.py", line 90, in __call__
courier_service-1   |     await self.middleware_stack(scope, receive, send)
courier_service-1   |   File "/usr/local/lib/python3.11/site-packages/starlette/middleware/errors.py", line 186, in __call__
courier_service-1   |     raise exc
courier_service-1   |   File "/usr/local/lib/python3.11/site-packages/starlette/middleware/errors.py", line 164, in __call__
courier_service-1   |     await self.app(scope, receive, _send)
courier_service-1   |   File "/usr/local/lib/python3.11/site-packages/starlette/middleware/base.py", line 191, in __call__
courier_service-1   |     with recv_stream, send_stream, collapse_excgroups():
courier_service-1   |   File "/usr/local/lib/python3.11/contextlib.py", line 158, in __exit__
courier_service-1   |     self.gen.throw(typ, value, traceback)
courier_service-1   |   File "/usr/local/lib/python3.11/site-packages/starlette/_utils.py", line 87, in collapse_excgroups
courier_service-1   |     raise exc
courier_service-1   |   File "/usr/local/lib/python3.11/site-packages/starlette/middleware/base.py", line 193, in __call__
courier_service-1   |     response = await self.dispatch_func(request, call_next)
courier_service-1   |                ^^^^^^^^^^^^^^^^^^^^^^^^^^^^^^^^^^^^^^^^^^^^
courier_service-1   |   File "/app/courier_service/main.py", line 137, in prometheus_middleware
courier_service-1   |     response = await call_next(request)
courier_service-1   |                ^^^^^^^^^^^^^^^^^^^^^^^^
courier_service-1   |   File "/usr/local/lib/python3.11/site-packages/starlette/middleware/base.py", line 168, in call_next
courier_service-1   |     raise app_exc from app_exc.__cause__ or app_exc.__context__
courier_service-1   |   File "/usr/local/lib/python3.11/site-packages/starlette/middleware/base.py", line 144, in coro
courier_service-1   |     await self.app(scope, receive_or_disconnect, send_no_error)
courier_service-1   |   File "/usr/local/lib/python3.11/site-packages/starlette/middleware/exceptions.py", line 63, in __call__
courier_service-1   |     await wrap_app_handling_exceptions(self.app, conn)(scope, receive, send)
courier_service-1   |   File "/usr/local/lib/python3.11/site-packages/starlette/_exception_handler.py", line 53, in wrapped_app
courier_service-1   |     raise exc
courier_service-1   |   File "/usr/local/lib/python3.11/site-packages/starlette/_exception_handler.py", line 42, in wrapped_app
courier_service-1   |     await app(scope, receive, sender)
courier_service-1   |   File "/usr/local/lib/python3.11/site-packages/fastapi/middleware/asyncexitstack.py", line 18, in __call__
courier_service-1   |     await self.app(scope, receive, send)
courier_service-1   |   File "/usr/local/lib/python3.11/site-packages/starlette/routing.py", line 660, in __call__
courier_service-1   |     await self.middleware_stack(scope, receive, send)
courier_service-1   |   File "/usr/local/lib/python3.11/site-packages/starlette/routing.py", line 680, in app
courier_service-1   |     await route.handle(scope, receive, send)
courier_service-1   |   File "/usr/local/lib/python3.11/site-packages/starlette/routing.py", line 276, in handle
courier_service-1   |     await self.app(scope, receive, send)
courier_service-1   |   File "/usr/local/lib/python3.11/site-packages/fastapi/routing.py", line 134, in app
courier_service-1   |     await wrap_app_handling_exceptions(app, request)(scope, receive, send)
courier_service-1   |   File "/usr/local/lib/python3.11/site-packages/starlette/_exception_handler.py", line 53, in wrapped_app
courier_service-1   |     raise exc
courier_service-1   |   File "/usr/local/lib/python3.11/site-packages/starlette/_exception_handler.py", line 42, in wrapped_app
courier_service-1   |     await app(scope, receive, sender)
courier_service-1   |   File "/usr/local/lib/python3.11/site-packages/fastapi/routing.py", line 120, in app
courier_service-1   |     response = await f(request)
courier_service-1   |                ^^^^^^^^^^^^^^^^
courier_service-1   |   File "/usr/local/lib/python3.11/site-packages/fastapi/routing.py", line 674, in app
courier_service-1   |     raw_response = await run_endpoint_function(
courier_service-1   |                    ^^^^^^^^^^^^^^^^^^^^^^^^^^^^
courier_service-1   |   File "/usr/local/lib/python3.11/site-packages/fastapi/routing.py", line 328, in run_endpoint_function
courier_service-1   |     return await dependant.call(**values)
courier_service-1   |            ^^^^^^^^^^^^^^^^^^^^^^^^^^^^^^
courier_service-1   |   File "/app/courier_service/routes.py", line 245, in list_couriers
courier_service-1   |     couriers = await service.get_all_couriers()
courier_service-1   |                ^^^^^^^^^^^^^^^^^^^^^^^^^^^^^^^^
courier_service-1   |   File "/app/courier_service/courier_service.py", line 370, in get_all_couriers
courier_service-1   |     result = await self.session.execute(select(Courier).execution_options(populate_existing=True))
courier_service-1   |              ^^^^^^^^^^^^^^^^^^^^^^^^^^^^^^^^^^^^^^^^^^^^^^^^^^^^^^^^^^^^^^^^^^^^^^^^^^^^^^^^^^^^^
courier_service-1   |   File "/usr/local/lib/python3.11/site-packages/sqlalchemy/ext/asyncio/session.py", line 449, in execute
courier_service-1   |     result = await greenlet_spawn(
courier_service-1   |              ^^^^^^^^^^^^^^^^^^^^^
courier_service-1   |   File "/usr/local/lib/python3.11/site-packages/sqlalchemy/util/_concurrency_py3k.py", line 201, in greenlet_spawn
courier_service-1   |     result = context.throw(*sys.exc_info())
courier_service-1   |              ^^^^^^^^^^^^^^^^^^^^^^^^^^^^^^
courier_service-1   |   File "/usr/local/lib/python3.11/site-packages/sqlalchemy/orm/session.py", line 2351, in execute
courier_service-1   |     return self._execute_internal(
courier_service-1   |            ^^^^^^^^^^^^^^^^^^^^^^^
courier_service-1   |   File "/usr/local/lib/python3.11/site-packages/sqlalchemy/orm/session.py", line 2239, in _execute_internal
courier_service-1   |     conn = self._connection_for_bind(bind)
courier_service-1   |            ^^^^^^^^^^^^^^^^^^^^^^^^^^^^^^^
courier_service-1   |   File "/usr/local/lib/python3.11/site-packages/sqlalchemy/orm/session.py", line 2108, in _connection_for_bind
courier_service-1   |     return trans._connection_for_bind(engine, execution_options)
courier_service-1   |            ^^^^^^^^^^^^^^^^^^^^^^^^^^^^^^^^^^^^^^^^^^^^^^^^^^^^^
courier_service-1   |   File "<string>", line 2, in _connection_for_bind
courier_service-1   |   File "/usr/local/lib/python3.11/site-packages/sqlalchemy/orm/state_changes.py", line 137, in _go
courier_service-1   |     ret_value = fn(self, *arg, **kw)
courier_service-1   |                 ^^^^^^^^^^^^^^^^^^^^
courier_service-1   |   File "/usr/local/lib/python3.11/site-packages/sqlalchemy/orm/session.py", line 1187, in _connection_for_bind
courier_service-1   |     conn = bind.connect()
courier_service-1   |            ^^^^^^^^^^^^^^
courier_service-1   |   File "/usr/local/lib/python3.11/site-packages/sqlalchemy/engine/base.py", line 3293, in connect
courier_service-1   |     return self._connection_cls(self)
courier_service-1   |            ^^^^^^^^^^^^^^^^^^^^^^^^^^
courier_service-1   |   File "/usr/local/lib/python3.11/site-packages/sqlalchemy/engine/base.py", line 143, in __init__
courier_service-1   |     self._dbapi_connection = engine.raw_connection()
courier_service-1   |                              ^^^^^^^^^^^^^^^^^^^^^^^
courier_service-1   |   File "/usr/local/lib/python3.11/site-packages/sqlalchemy/engine/base.py", line 3317, in raw_connection
courier_service-1   |     return self.pool.connect()
courier_service-1   |            ^^^^^^^^^^^^^^^^^^^
courier_service-1   |   File "/usr/local/lib/python3.11/site-packages/sqlalchemy/pool/base.py", line 448, in connect
courier_service-1   |     return _ConnectionFairy._checkout(self)
courier_service-1   |            ^^^^^^^^^^^^^^^^^^^^^^^^^^^^^^^^
courier_service-1   |   File "/usr/local/lib/python3.11/site-packages/sqlalchemy/pool/base.py", line 1371, in _checkout
courier_service-1   |     with util.safe_reraise():
courier_service-1   |   File "/usr/local/lib/python3.11/site-packages/sqlalchemy/util/langhelpers.py", line 121, in __exit__
courier_service-1   |     raise exc_value.with_traceback(exc_tb)
courier_service-1   |   File "/usr/local/lib/python3.11/site-packages/sqlalchemy/pool/base.py", line 1309, in _checkout
courier_service-1   |     result = pool._dialect._do_ping_w_event(
courier_service-1   |              ^^^^^^^^^^^^^^^^^^^^^^^^^^^^^^^
courier_service-1   |   File "/usr/local/lib/python3.11/site-packages/sqlalchemy/engine/default.py", line 729, in _do_ping_w_event
courier_service-1   |     return self.do_ping(dbapi_connection)
courier_service-1   |            ^^^^^^^^^^^^^^^^^^^^^^^^^^^^^^
courier_service-1   |   File "/usr/local/lib/python3.11/site-packages/sqlalchemy/dialects/postgresql/asyncpg.py", line 1160, in do_ping
courier_service-1   |     dbapi_connection.ping()
courier_service-1   |   File "/usr/local/lib/python3.11/site-packages/sqlalchemy/dialects/postgresql/asyncpg.py", line 818, in ping
courier_service-1   |     self._handle_exception(error)
courier_service-1   |   File "/usr/local/lib/python3.11/site-packages/sqlalchemy/dialects/postgresql/asyncpg.py", line 799, in _handle_exception
courier_service-1   |     raise error
courier_service-1   |   File "/usr/local/lib/python3.11/site-packages/sqlalchemy/dialects/postgresql/asyncpg.py", line 816, in ping
courier_service-1   |     _ = self.await_(self._async_ping())
courier_service-1   |         ^^^^^^^^^^^^^^^^^^^^^^^^^^^^^^^
courier_service-1   |   File "/usr/local/lib/python3.11/site-packages/sqlalchemy/util/_concurrency_py3k.py", line 132, in await_only
courier_service-1   |     return current.parent.switch(awaitable)  # type: ignore[no-any-return,attr-defined] # noqa: E501
courier_service-1   |            ^^^^^^^^^^^^^^^^^^^^^^^^^^^^^^^^
courier_service-1   |   File "/usr/local/lib/python3.11/site-packages/sqlalchemy/util/_concurrency_py3k.py", line 196, in greenlet_spawn
courier_service-1   |     value = await result
courier_service-1   |             ^^^^^^^^^^^^
courier_service-1   |   File "/usr/local/lib/python3.11/site-packages/sqlalchemy/dialects/postgresql/asyncpg.py", line 825, in _async_ping
courier_service-1   |     await tr.start()
courier_service-1   |   File "/usr/local/lib/python3.11/site-packages/asyncpg/transaction.py", line 146, in start
courier_service-1   |     await self._connection.execute(query)
courier_service-1   |   File "/usr/local/lib/python3.11/site-packages/asyncpg/connection.py", line 354, in execute
courier_service-1   |     result = await self._protocol.query(query, timeout)
courier_service-1   |              ^^^^^^^^^^^^^^^^^^^^^^^^^^^^^^^^^^^^^^^^^^
courier_service-1   |   File "asyncpg/protocol/protocol.pyx", line 369, in query
courier_service-1   | RuntimeError: Task <Task pending name='starlette.middleware.base.BaseHTTPMiddleware.__call__.<locals>.call_next.<locals>.coro' coro=<BaseHTTPMiddleware.__call__.<locals>.call_next.<locals>.coro() running at /usr/local/lib/python3.11/site-packages/starlette/middleware/base.py:144> cb=[TaskGroup._spawn.<locals>.task_done() at /usr/local/lib/python3.11/site-packages/anyio/_backends/_asyncio.py:821]> got Future <Future pending cb=[BaseProtocol._on_waiter_completed()]> attached to a different loop
courier_service-1   | Exception terminating connection <AdaptedConnection <asyncpg.connection.Connection object at 0x7f46bf7def20>>
courier_service-1   | Traceback (most recent call last):
courier_service-1   |   File "/usr/local/lib/python3.11/site-packages/sqlalchemy/pool/base.py", line 373, in _close_connection
courier_service-1   |     self._dialect.do_terminate(connection)
courier_service-1   |   File "/usr/local/lib/python3.11/site-packages/sqlalchemy/dialects/postgresql/asyncpg.py", line 1127, in do_terminate
courier_service-1   |     dbapi_connection.terminate()
courier_service-1   |   File "/usr/local/lib/python3.11/site-packages/sqlalchemy/connectors/asyncio.py", line 402, in terminate
courier_service-1   |     self.await_(asyncio.shield(self._terminate_graceful_close()))  # type: ignore[attr-defined] # noqa: E501
courier_service-1   |     ^^^^^^^^^^^^^^^^^^^^^^^^^^^^^^^^^^^^^^^^^^^^^^^^^^^^^^^^^^^^^
courier_service-1   |   File "/usr/local/lib/python3.11/site-packages/sqlalchemy/util/_concurrency_py3k.py", line 132, in await_only
courier_service-1   |     return current.parent.switch(awaitable)  # type: ignore[no-any-return,attr-defined] # noqa: E501
courier_service-1   |            ^^^^^^^^^^^^^^^^^^^^^^^^^^^^^^^^
courier_service-1   |   File "/usr/local/lib/python3.11/site-packages/sqlalchemy/util/_concurrency_py3k.py", line 196, in greenlet_spawn
courier_service-1   |     value = await result
courier_service-1   |             ^^^^^^^^^^^^
courier_service-1   |   File "/usr/local/lib/python3.11/site-packages/sqlalchemy/dialects/postgresql/asyncpg.py", line 912, in _terminate_graceful_close
courier_service-1   |     await self._connection.close(timeout=2)
courier_service-1   |   File "/usr/local/lib/python3.11/site-packages/asyncpg/connection.py", line 1513, in close
courier_service-1   |     await self._protocol.close(timeout)
courier_service-1   |   File "asyncpg/protocol/protocol.pyx", line 618, in close
courier_service-1   | RuntimeError: Task <Task pending name='Task-289' coro=<AsyncAdapt_asyncpg_connection._terminate_graceful_close() running at /usr/local/lib/python3.11/site-packages/sqlalchemy/dialects/postgresql/asyncpg.py:912> cb=[shield.<locals>._inner_done_callback() at /usr/local/lib/python3.11/asyncio/tasks.py:891]> got Future <Future pending> attached to a different loop
courier_service-1   | Ответ assign для заказа 20: 500 - {"detail":"Assignment error: 500: Failed to get couriers"}
courier_service-1   | Маршрут для заказа 19: 6 -> 21 = [6, 22, 21]
courier_service-1   | INFO:     172.18.0.6:43494 - "GET /api/couriers/ HTTP/1.1" 500 Internal Server Error
courier_service-1   | ERROR:    Exception in ASGI application
courier_service-1   | Traceback (most recent call last):
courier_service-1   |   File "/usr/local/lib/python3.11/site-packages/uvicorn/protocols/http/httptools_impl.py", line 421, in run_asgi
courier_service-1   |     result = await app(  # type: ignore[func-returns-value]
courier_service-1   |              ^^^^^^^^^^^^^^^^^^^^^^^^^^^^^^^^^^^^^^^^^^^^^^
courier_service-1   |   File "/usr/local/lib/python3.11/site-packages/uvicorn/middleware/proxy_headers.py", line 56, in __call__
courier_service-1   |     return await self.app(scope, receive, send)
courier_service-1   |            ^^^^^^^^^^^^^^^^^^^^^^^^^^^^^^^^^^^^
courier_service-1   |   File "/usr/local/lib/python3.11/site-packages/fastapi/applications.py", line 1159, in __call__
courier_service-1   |     await super().__call__(scope, receive, send)
courier_service-1   |   File "/usr/local/lib/python3.11/site-packages/starlette/applications.py", line 90, in __call__
courier_service-1   |     await self.middleware_stack(scope, receive, send)
courier_service-1   |   File "/usr/local/lib/python3.11/site-packages/starlette/middleware/errors.py", line 186, in __call__
courier_service-1   |     raise exc
courier_service-1   |   File "/usr/local/lib/python3.11/site-packages/starlette/middleware/errors.py", line 164, in __call__
courier_service-1   |     await self.app(scope, receive, _send)
courier_service-1   |   File "/usr/local/lib/python3.11/site-packages/starlette/middleware/base.py", line 191, in __call__
courier_service-1   |     with recv_stream, send_stream, collapse_excgroups():
courier_service-1   |   File "/usr/local/lib/python3.11/contextlib.py", line 158, in __exit__
courier_service-1   |     self.gen.throw(typ, value, traceback)
courier_service-1   |   File "/usr/local/lib/python3.11/site-packages/starlette/_utils.py", line 87, in collapse_excgroups
courier_service-1   |     raise exc
courier_service-1   |   File "/usr/local/lib/python3.11/site-packages/starlette/middleware/base.py", line 193, in __call__
courier_service-1   |     response = await self.dispatch_func(request, call_next)
courier_service-1   |                ^^^^^^^^^^^^^^^^^^^^^^^^^^^^^^^^^^^^^^^^^^^^
courier_service-1   |   File "/app/courier_service/main.py", line 137, in prometheus_middleware
courier_service-1   |     response = await call_next(request)
courier_service-1   |                ^^^^^^^^^^^^^^^^^^^^^^^^
courier_service-1   |   File "/usr/local/lib/python3.11/site-packages/starlette/middleware/base.py", line 168, in call_next
courier_service-1   |     raise app_exc from app_exc.__cause__ or app_exc.__context__
courier_service-1   |   File "/usr/local/lib/python3.11/site-packages/starlette/middleware/base.py", line 144, in coro
courier_service-1   |     await self.app(scope, receive_or_disconnect, send_no_error)
courier_service-1   |   File "/usr/local/lib/python3.11/site-packages/starlette/middleware/exceptions.py", line 63, in __call__
courier_service-1   |     await wrap_app_handling_exceptions(self.app, conn)(scope, receive, send)
courier_service-1   |   File "/usr/local/lib/python3.11/site-packages/starlette/_exception_handler.py", line 53, in wrapped_app
courier_service-1   |     raise exc
courier_service-1   |   File "/usr/local/lib/python3.11/site-packages/starlette/_exception_handler.py", line 42, in wrapped_app
courier_service-1   |     await app(scope, receive, sender)
courier_service-1   |   File "/usr/local/lib/python3.11/site-packages/fastapi/middleware/asyncexitstack.py", line 18, in __call__
courier_service-1   |     await self.app(scope, receive, send)
courier_service-1   |   File "/usr/local/lib/python3.11/site-packages/starlette/routing.py", line 660, in __call__
courier_service-1   |     await self.middleware_stack(scope, receive, send)
courier_service-1   |   File "/usr/local/lib/python3.11/site-packages/starlette/routing.py", line 680, in app
courier_service-1   |     await route.handle(scope, receive, send)
courier_service-1   |   File "/usr/local/lib/python3.11/site-packages/starlette/routing.py", line 276, in handle
courier_service-1   |     await self.app(scope, receive, send)
courier_service-1   |   File "/usr/local/lib/python3.11/site-packages/fastapi/routing.py", line 134, in app
courier_service-1   |     await wrap_app_handling_exceptions(app, request)(scope, receive, send)
courier_service-1   |   File "/usr/local/lib/python3.11/site-packages/starlette/_exception_handler.py", line 53, in wrapped_app
courier_service-1   |     raise exc
courier_service-1   |   File "/usr/local/lib/python3.11/site-packages/starlette/_exception_handler.py", line 42, in wrapped_app
courier_service-1   |     await app(scope, receive, sender)
courier_service-1   |   File "/usr/local/lib/python3.11/site-packages/fastapi/routing.py", line 120, in app
courier_service-1   |     response = await f(request)
courier_service-1   |                ^^^^^^^^^^^^^^^^
courier_service-1   |   File "/usr/local/lib/python3.11/site-packages/fastapi/routing.py", line 674, in app
courier_service-1   |     raw_response = await run_endpoint_function(
courier_service-1   |                    ^^^^^^^^^^^^^^^^^^^^^^^^^^^^
courier_service-1   |   File "/usr/local/lib/python3.11/site-packages/fastapi/routing.py", line 328, in run_endpoint_function
courier_service-1   |     return await dependant.call(**values)
courier_service-1   |            ^^^^^^^^^^^^^^^^^^^^^^^^^^^^^^
courier_service-1   |   File "/app/courier_service/routes.py", line 245, in list_couriers
courier_service-1   |     couriers = await service.get_all_couriers()
courier_service-1   |                ^^^^^^^^^^^^^^^^^^^^^^^^^^^^^^^^
courier_service-1   |   File "/app/courier_service/courier_service.py", line 370, in get_all_couriers
courier_service-1   |     result = await self.session.execute(select(Courier).execution_options(populate_existing=True))
courier_service-1   |              ^^^^^^^^^^^^^^^^^^^^^^^^^^^^^^^^^^^^^^^^^^^^^^^^^^^^^^^^^^^^^^^^^^^^^^^^^^^^^^^^^^^^^
courier_service-1   |   File "/usr/local/lib/python3.11/site-packages/sqlalchemy/ext/asyncio/session.py", line 449, in execute
courier_service-1   |     result = await greenlet_spawn(
courier_service-1   |              ^^^^^^^^^^^^^^^^^^^^^
courier_service-1   |   File "/usr/local/lib/python3.11/site-packages/sqlalchemy/util/_concurrency_py3k.py", line 201, in greenlet_spawn
courier_service-1   |     result = context.throw(*sys.exc_info())
courier_service-1   |              ^^^^^^^^^^^^^^^^^^^^^^^^^^^^^^
courier_service-1   |   File "/usr/local/lib/python3.11/site-packages/sqlalchemy/orm/session.py", line 2351, in execute
courier_service-1   |     return self._execute_internal(
courier_service-1   |            ^^^^^^^^^^^^^^^^^^^^^^^
courier_service-1   |   File "/usr/local/lib/python3.11/site-packages/sqlalchemy/orm/session.py", line 2239, in _execute_internal
courier_service-1   |     conn = self._connection_for_bind(bind)
courier_service-1   |            ^^^^^^^^^^^^^^^^^^^^^^^^^^^^^^^
courier_service-1   |   File "/usr/local/lib/python3.11/site-packages/sqlalchemy/orm/session.py", line 2108, in _connection_for_bind
courier_service-1   |     return trans._connection_for_bind(engine, execution_options)
courier_service-1   |            ^^^^^^^^^^^^^^^^^^^^^^^^^^^^^^^^^^^^^^^^^^^^^^^^^^^^^
courier_service-1   |   File "<string>", line 2, in _connection_for_bind
courier_service-1   |   File "/usr/local/lib/python3.11/site-packages/sqlalchemy/orm/state_changes.py", line 137, in _go
courier_service-1   |     ret_value = fn(self, *arg, **kw)
courier_service-1   |                 ^^^^^^^^^^^^^^^^^^^^
courier_service-1   |   File "/usr/local/lib/python3.11/site-packages/sqlalchemy/orm/session.py", line 1187, in _connection_for_bind
courier_service-1   |     conn = bind.connect()
courier_service-1   |            ^^^^^^^^^^^^^^
courier_service-1   |   File "/usr/local/lib/python3.11/site-packages/sqlalchemy/engine/base.py", line 3293, in connect
courier_service-1   |     return self._connection_cls(self)
courier_service-1   |            ^^^^^^^^^^^^^^^^^^^^^^^^^^
courier_service-1   |   File "/usr/local/lib/python3.11/site-packages/sqlalchemy/engine/base.py", line 143, in __init__
courier_service-1   |     self._dbapi_connection = engine.raw_connection()
courier_service-1   |                              ^^^^^^^^^^^^^^^^^^^^^^^
courier_service-1   |   File "/usr/local/lib/python3.11/site-packages/sqlalchemy/engine/base.py", line 3317, in raw_connection
courier_service-1   |     return self.pool.connect()
courier_service-1   |            ^^^^^^^^^^^^^^^^^^^
courier_service-1   |   File "/usr/local/lib/python3.11/site-packages/sqlalchemy/pool/base.py", line 448, in connect
courier_service-1   |     return _ConnectionFairy._checkout(self)
courier_service-1   |            ^^^^^^^^^^^^^^^^^^^^^^^^^^^^^^^^
courier_service-1   |   File "/usr/local/lib/python3.11/site-packages/sqlalchemy/pool/base.py", line 1371, in _checkout
courier_service-1   |     with util.safe_reraise():
courier_service-1   |   File "/usr/local/lib/python3.11/site-packages/sqlalchemy/util/langhelpers.py", line 121, in __exit__
courier_service-1   |     raise exc_value.with_traceback(exc_tb)
courier_service-1   |   File "/usr/local/lib/python3.11/site-packages/sqlalchemy/pool/base.py", line 1309, in _checkout
courier_service-1   |     result = pool._dialect._do_ping_w_event(
courier_service-1   |              ^^^^^^^^^^^^^^^^^^^^^^^^^^^^^^^
courier_service-1   |   File "/usr/local/lib/python3.11/site-packages/sqlalchemy/engine/default.py", line 729, in _do_ping_w_event
courier_service-1   |     return self.do_ping(dbapi_connection)
courier_service-1   |            ^^^^^^^^^^^^^^^^^^^^^^^^^^^^^^
courier_service-1   |   File "/usr/local/lib/python3.11/site-packages/sqlalchemy/dialects/postgresql/asyncpg.py", line 1160, in do_ping
courier_service-1   |     dbapi_connection.ping()
courier_service-1   |   File "/usr/local/lib/python3.11/site-packages/sqlalchemy/dialects/postgresql/asyncpg.py", line 818, in ping
courier_service-1   |     self._handle_exception(error)
courier_service-1   |   File "/usr/local/lib/python3.11/site-packages/sqlalchemy/dialects/postgresql/asyncpg.py", line 799, in _handle_exception
courier_service-1   |     raise error
courier_service-1   |   File "/usr/local/lib/python3.11/site-packages/sqlalchemy/dialects/postgresql/asyncpg.py", line 816, in ping
courier_service-1   |     _ = self.await_(self._async_ping())
courier_service-1   |         ^^^^^^^^^^^^^^^^^^^^^^^^^^^^^^^
courier_service-1   |   File "/usr/local/lib/python3.11/site-packages/sqlalchemy/util/_concurrency_py3k.py", line 132, in await_only
courier_service-1   |     return current.parent.switch(awaitable)  # type: ignore[no-any-return,attr-defined] # noqa: E501
courier_service-1   |            ^^^^^^^^^^^^^^^^^^^^^^^^^^^^^^^^
courier_service-1   |   File "/usr/local/lib/python3.11/site-packages/sqlalchemy/util/_concurrency_py3k.py", line 196, in greenlet_spawn
courier_service-1   |     value = await result
courier_service-1   |             ^^^^^^^^^^^^
courier_service-1   |   File "/usr/local/lib/python3.11/site-packages/sqlalchemy/dialects/postgresql/asyncpg.py", line 825, in _async_ping
courier_service-1   |     await tr.start()
courier_service-1   |   File "/usr/local/lib/python3.11/site-packages/asyncpg/transaction.py", line 146, in start
courier_service-1   |     await self._connection.execute(query)
courier_service-1   |   File "/usr/local/lib/python3.11/site-packages/asyncpg/connection.py", line 354, in execute
courier_service-1   |     result = await self._protocol.query(query, timeout)
courier_service-1   |              ^^^^^^^^^^^^^^^^^^^^^^^^^^^^^^^^^^^^^^^^^^
courier_service-1   |   File "asyncpg/protocol/protocol.pyx", line 369, in query
courier_service-1   | RuntimeError: Task <Task pending name='starlette.middleware.base.BaseHTTPMiddleware.__call__.<locals>.call_next.<locals>.coro' coro=<BaseHTTPMiddleware.__call__.<locals>.call_next.<locals>.coro() running at /usr/local/lib/python3.11/site-packages/starlette/middleware/base.py:144> cb=[TaskGroup._spawn.<locals>.task_done() at /usr/local/lib/python3.11/site-packages/anyio/_backends/_asyncio.py:821]> got Future <Future pending cb=[BaseProtocol._on_waiter_completed()]> attached to a different loop
courier_service-1   | Exception terminating connection <AdaptedConnection <asyncpg.connection.Connection object at 0x7f46bf7dc9a0>>
courier_service-1   | Traceback (most recent call last):
courier_service-1   |   File "/usr/local/lib/python3.11/site-packages/sqlalchemy/pool/base.py", line 373, in _close_connection
courier_service-1   |     self._dialect.do_terminate(connection)
courier_service-1   |   File "/usr/local/lib/python3.11/site-packages/sqlalchemy/dialects/postgresql/asyncpg.py", line 1127, in do_terminate
courier_service-1   |     dbapi_connection.terminate()
courier_service-1   |   File "/usr/local/lib/python3.11/site-packages/sqlalchemy/connectors/asyncio.py", line 402, in terminate
courier_service-1   |     self.await_(asyncio.shield(self._terminate_graceful_close()))  # type: ignore[attr-defined] # noqa: E501
courier_service-1   |     ^^^^^^^^^^^^^^^^^^^^^^^^^^^^^^^^^^^^^^^^^^^^^^^^^^^^^^^^^^^^^
courier_service-1   |   File "/usr/local/lib/python3.11/site-packages/sqlalchemy/util/_concurrency_py3k.py", line 132, in await_only
courier_service-1   |     return current.parent.switch(awaitable)  # type: ignore[no-any-return,attr-defined] # noqa: E501
courier_service-1   |            ^^^^^^^^^^^^^^^^^^^^^^^^^^^^^^^^
courier_service-1   |   File "/usr/local/lib/python3.11/site-packages/sqlalchemy/util/_concurrency_py3k.py", line 196, in greenlet_spawn
courier_service-1   |     value = await result
courier_service-1   |             ^^^^^^^^^^^^
courier_service-1   |   File "/usr/local/lib/python3.11/site-packages/sqlalchemy/dialects/postgresql/asyncpg.py", line 912, in _terminate_graceful_close
courier_service-1   |     await self._connection.close(timeout=2)
courier_service-1   |   File "/usr/local/lib/python3.11/site-packages/asyncpg/connection.py", line 1513, in close
courier_service-1   |     await self._protocol.close(timeout)
courier_service-1   |   File "asyncpg/protocol/protocol.pyx", line 618, in close
courier_service-1   | RuntimeError: Task <Task pending name='Task-294' coro=<AsyncAdapt_asyncpg_connection._terminate_graceful_close() running at /usr/local/lib/python3.11/site-packages/sqlalchemy/dialects/postgresql/asyncpg.py:912> cb=[shield.<locals>._inner_done_callback() at /usr/local/lib/python3.11/asyncio/tasks.py:891]> got Future <Future pending> attached to a different loop
courier_service-1   | Ответ assign для заказа 19: 500 - {"detail":"Assignment error: 500: Failed to get couriers"}
courier_service-1   | Маршрут для заказа 18: 39 -> 48 = [39, 42, 40, 24, 46, 38, 48]
courier_service-1   | INFO:     172.18.0.6:43506 - "GET /api/couriers/ HTTP/1.1" 500 Internal Server Error
courier_service-1   | ERROR:    Exception in ASGI application
courier_service-1   | Traceback (most recent call last):
courier_service-1   |   File "/usr/local/lib/python3.11/site-packages/uvicorn/protocols/http/httptools_impl.py", line 421, in run_asgi
courier_service-1   |     result = await app(  # type: ignore[func-returns-value]
courier_service-1   |              ^^^^^^^^^^^^^^^^^^^^^^^^^^^^^^^^^^^^^^^^^^^^^^
courier_service-1   |   File "/usr/local/lib/python3.11/site-packages/uvicorn/middleware/proxy_headers.py", line 56, in __call__
courier_service-1   |     return await self.app(scope, receive, send)
courier_service-1   |            ^^^^^^^^^^^^^^^^^^^^^^^^^^^^^^^^^^^^
courier_service-1   |   File "/usr/local/lib/python3.11/site-packages/fastapi/applications.py", line 1159, in __call__
courier_service-1   |     await super().__call__(scope, receive, send)
courier_service-1   |   File "/usr/local/lib/python3.11/site-packages/starlette/applications.py", line 90, in __call__
courier_service-1   |     await self.middleware_stack(scope, receive, send)
courier_service-1   |   File "/usr/local/lib/python3.11/site-packages/starlette/middleware/errors.py", line 186, in __call__
courier_service-1   |     raise exc
courier_service-1   |   File "/usr/local/lib/python3.11/site-packages/starlette/middleware/errors.py", line 164, in __call__
courier_service-1   |     await self.app(scope, receive, _send)
courier_service-1   |   File "/usr/local/lib/python3.11/site-packages/starlette/middleware/base.py", line 191, in __call__
courier_service-1   |     with recv_stream, send_stream, collapse_excgroups():
courier_service-1   |   File "/usr/local/lib/python3.11/contextlib.py", line 158, in __exit__
courier_service-1   |     self.gen.throw(typ, value, traceback)
courier_service-1   |   File "/usr/local/lib/python3.11/site-packages/starlette/_utils.py", line 87, in collapse_excgroups
courier_service-1   |     raise exc
courier_service-1   |   File "/usr/local/lib/python3.11/site-packages/starlette/middleware/base.py", line 193, in __call__
courier_service-1   |     response = await self.dispatch_func(request, call_next)
courier_service-1   |                ^^^^^^^^^^^^^^^^^^^^^^^^^^^^^^^^^^^^^^^^^^^^
courier_service-1   |   File "/app/courier_service/main.py", line 137, in prometheus_middleware
courier_service-1   |     response = await call_next(request)
courier_service-1   |                ^^^^^^^^^^^^^^^^^^^^^^^^
courier_service-1   |   File "/usr/local/lib/python3.11/site-packages/starlette/middleware/base.py", line 168, in call_next
courier_service-1   |     raise app_exc from app_exc.__cause__ or app_exc.__context__
courier_service-1   |   File "/usr/local/lib/python3.11/site-packages/starlette/middleware/base.py", line 144, in coro
courier_service-1   |     await self.app(scope, receive_or_disconnect, send_no_error)
courier_service-1   |   File "/usr/local/lib/python3.11/site-packages/starlette/middleware/exceptions.py", line 63, in __call__
courier_service-1   |     await wrap_app_handling_exceptions(self.app, conn)(scope, receive, send)
courier_service-1   |   File "/usr/local/lib/python3.11/site-packages/starlette/_exception_handler.py", line 53, in wrapped_app
courier_service-1   |     raise exc
courier_service-1   |   File "/usr/local/lib/python3.11/site-packages/starlette/_exception_handler.py", line 42, in wrapped_app
courier_service-1   |     await app(scope, receive, sender)
courier_service-1   |   File "/usr/local/lib/python3.11/site-packages/fastapi/middleware/asyncexitstack.py", line 18, in __call__
courier_service-1   |     await self.app(scope, receive, send)
courier_service-1   |   File "/usr/local/lib/python3.11/site-packages/starlette/routing.py", line 660, in __call__
courier_service-1   |     await self.middleware_stack(scope, receive, send)
courier_service-1   |   File "/usr/local/lib/python3.11/site-packages/starlette/routing.py", line 680, in app
courier_service-1   |     await route.handle(scope, receive, send)
courier_service-1   |   File "/usr/local/lib/python3.11/site-packages/starlette/routing.py", line 276, in handle
courier_service-1   |     await self.app(scope, receive, send)
courier_service-1   |   File "/usr/local/lib/python3.11/site-packages/fastapi/routing.py", line 134, in app
courier_service-1   |     await wrap_app_handling_exceptions(app, request)(scope, receive, send)
courier_service-1   |   File "/usr/local/lib/python3.11/site-packages/starlette/_exception_handler.py", line 53, in wrapped_app
courier_service-1   |     raise exc
courier_service-1   |   File "/usr/local/lib/python3.11/site-packages/starlette/_exception_handler.py", line 42, in wrapped_app
courier_service-1   |     await app(scope, receive, sender)
courier_service-1   |   File "/usr/local/lib/python3.11/site-packages/fastapi/routing.py", line 120, in app
courier_service-1   |     response = await f(request)
courier_service-1   |                ^^^^^^^^^^^^^^^^
courier_service-1   |   File "/usr/local/lib/python3.11/site-packages/fastapi/routing.py", line 674, in app
courier_service-1   |     raw_response = await run_endpoint_function(
courier_service-1   |                    ^^^^^^^^^^^^^^^^^^^^^^^^^^^^
courier_service-1   |   File "/usr/local/lib/python3.11/site-packages/fastapi/routing.py", line 328, in run_endpoint_function
courier_service-1   |     return await dependant.call(**values)
courier_service-1   |            ^^^^^^^^^^^^^^^^^^^^^^^^^^^^^^
courier_service-1   |   File "/app/courier_service/routes.py", line 245, in list_couriers
courier_service-1   |     couriers = await service.get_all_couriers()
courier_service-1   |                ^^^^^^^^^^^^^^^^^^^^^^^^^^^^^^^^
courier_service-1   |   File "/app/courier_service/courier_service.py", line 370, in get_all_couriers
courier_service-1   |     result = await self.session.execute(select(Courier).execution_options(populate_existing=True))
courier_service-1   |              ^^^^^^^^^^^^^^^^^^^^^^^^^^^^^^^^^^^^^^^^^^^^^^^^^^^^^^^^^^^^^^^^^^^^^^^^^^^^^^^^^^^^^
courier_service-1   |   File "/usr/local/lib/python3.11/site-packages/sqlalchemy/ext/asyncio/session.py", line 449, in execute
courier_service-1   |     result = await greenlet_spawn(
courier_service-1   |              ^^^^^^^^^^^^^^^^^^^^^
courier_service-1   |   File "/usr/local/lib/python3.11/site-packages/sqlalchemy/util/_concurrency_py3k.py", line 201, in greenlet_spawn
courier_service-1   |     result = context.throw(*sys.exc_info())
courier_service-1   |              ^^^^^^^^^^^^^^^^^^^^^^^^^^^^^^
courier_service-1   |   File "/usr/local/lib/python3.11/site-packages/sqlalchemy/orm/session.py", line 2351, in execute
courier_service-1   |     return self._execute_internal(
courier_service-1   |            ^^^^^^^^^^^^^^^^^^^^^^^
courier_service-1   |   File "/usr/local/lib/python3.11/site-packages/sqlalchemy/orm/session.py", line 2239, in _execute_internal
courier_service-1   |     conn = self._connection_for_bind(bind)
courier_service-1   |            ^^^^^^^^^^^^^^^^^^^^^^^^^^^^^^^
courier_service-1   |   File "/usr/local/lib/python3.11/site-packages/sqlalchemy/orm/session.py", line 2108, in _connection_for_bind
courier_service-1   |     return trans._connection_for_bind(engine, execution_options)
courier_service-1   |            ^^^^^^^^^^^^^^^^^^^^^^^^^^^^^^^^^^^^^^^^^^^^^^^^^^^^^
courier_service-1   |   File "<string>", line 2, in _connection_for_bind
courier_service-1   |   File "/usr/local/lib/python3.11/site-packages/sqlalchemy/orm/state_changes.py", line 137, in _go
courier_service-1   |     ret_value = fn(self, *arg, **kw)
courier_service-1   |                 ^^^^^^^^^^^^^^^^^^^^
courier_service-1   |   File "/usr/local/lib/python3.11/site-packages/sqlalchemy/orm/session.py", line 1187, in _connection_for_bind
courier_service-1   |     conn = bind.connect()
courier_service-1   |            ^^^^^^^^^^^^^^
courier_service-1   |   File "/usr/local/lib/python3.11/site-packages/sqlalchemy/engine/base.py", line 3293, in connect
courier_service-1   |     return self._connection_cls(self)
courier_service-1   |            ^^^^^^^^^^^^^^^^^^^^^^^^^^
courier_service-1   |   File "/usr/local/lib/python3.11/site-packages/sqlalchemy/engine/base.py", line 143, in __init__
courier_service-1   |     self._dbapi_connection = engine.raw_connection()
courier_service-1   |                              ^^^^^^^^^^^^^^^^^^^^^^^
courier_service-1   |   File "/usr/local/lib/python3.11/site-packages/sqlalchemy/engine/base.py", line 3317, in raw_connection
courier_service-1   |     return self.pool.connect()
courier_service-1   |            ^^^^^^^^^^^^^^^^^^^
courier_service-1   |   File "/usr/local/lib/python3.11/site-packages/sqlalchemy/pool/base.py", line 448, in connect
courier_service-1   |     return _ConnectionFairy._checkout(self)
courier_service-1   |            ^^^^^^^^^^^^^^^^^^^^^^^^^^^^^^^^
courier_service-1   |   File "/usr/local/lib/python3.11/site-packages/sqlalchemy/pool/base.py", line 1371, in _checkout
courier_service-1   |     with util.safe_reraise():
courier_service-1   |   File "/usr/local/lib/python3.11/site-packages/sqlalchemy/util/langhelpers.py", line 121, in __exit__
courier_service-1   |     raise exc_value.with_traceback(exc_tb)
courier_service-1   |   File "/usr/local/lib/python3.11/site-packages/sqlalchemy/pool/base.py", line 1309, in _checkout
courier_service-1   |     result = pool._dialect._do_ping_w_event(
courier_service-1   |              ^^^^^^^^^^^^^^^^^^^^^^^^^^^^^^^
courier_service-1   |   File "/usr/local/lib/python3.11/site-packages/sqlalchemy/engine/default.py", line 729, in _do_ping_w_event
courier_service-1   |     return self.do_ping(dbapi_connection)
courier_service-1   |            ^^^^^^^^^^^^^^^^^^^^^^^^^^^^^^
courier_service-1   |   File "/usr/local/lib/python3.11/site-packages/sqlalchemy/dialects/postgresql/asyncpg.py", line 1160, in do_ping
courier_service-1   |     dbapi_connection.ping()
courier_service-1   |   File "/usr/local/lib/python3.11/site-packages/sqlalchemy/dialects/postgresql/asyncpg.py", line 818, in ping
courier_service-1   |     self._handle_exception(error)
courier_service-1   |   File "/usr/local/lib/python3.11/site-packages/sqlalchemy/dialects/postgresql/asyncpg.py", line 799, in _handle_exception
courier_service-1   |     raise error
courier_service-1   |   File "/usr/local/lib/python3.11/site-packages/sqlalchemy/dialects/postgresql/asyncpg.py", line 816, in ping
courier_service-1   |     _ = self.await_(self._async_ping())
courier_service-1   |         ^^^^^^^^^^^^^^^^^^^^^^^^^^^^^^^
courier_service-1   |   File "/usr/local/lib/python3.11/site-packages/sqlalchemy/util/_concurrency_py3k.py", line 132, in await_only
courier_service-1   |     return current.parent.switch(awaitable)  # type: ignore[no-any-return,attr-defined] # noqa: E501
courier_service-1   |            ^^^^^^^^^^^^^^^^^^^^^^^^^^^^^^^^
courier_service-1   |   File "/usr/local/lib/python3.11/site-packages/sqlalchemy/util/_concurrency_py3k.py", line 196, in greenlet_spawn
courier_service-1   |     value = await result
courier_service-1   |             ^^^^^^^^^^^^
courier_service-1   |   File "/usr/local/lib/python3.11/site-packages/sqlalchemy/dialects/postgresql/asyncpg.py", line 825, in _async_ping
courier_service-1   |     await tr.start()
courier_service-1   |   File "/usr/local/lib/python3.11/site-packages/asyncpg/transaction.py", line 146, in start
courier_service-1   |     await self._connection.execute(query)
courier_service-1   |   File "/usr/local/lib/python3.11/site-packages/asyncpg/connection.py", line 354, in execute
courier_service-1   |     result = await self._protocol.query(query, timeout)
courier_service-1   |              ^^^^^^^^^^^^^^^^^^^^^^^^^^^^^^^^^^^^^^^^^^
courier_service-1   |   File "asyncpg/protocol/protocol.pyx", line 369, in query
courier_service-1   | RuntimeError: Task <Task pending name='starlette.middleware.base.BaseHTTPMiddleware.__call__.<locals>.call_next.<locals>.coro' coro=<BaseHTTPMiddleware.__call__.<locals>.call_next.<locals>.coro() running at /usr/local/lib/python3.11/site-packages/starlette/middleware/base.py:144> cb=[TaskGroup._spawn.<locals>.task_done() at /usr/local/lib/python3.11/site-packages/anyio/_backends/_asyncio.py:821]> got Future <Future pending cb=[BaseProtocol._on_waiter_completed()]> attached to a different loop
courier_service-1   | Ответ assign для заказа 18: 500 - {"detail":"Assignment error: 500: Failed to get couriers"}
courier_service-1   | Маршрут для заказа 17: 22 -> 25 = [22, 1, 25]
courier_service-1   | INFO:     172.18.0.6:43514 - "GET /api/couriers/ HTTP/1.1" 200 OK
courier_service-1   | Ответ assign для заказа 17: 200 - {"status":"no_couriers_available"}
courier_service-1   | Маршрут для заказа 16: 5 -> 2 = [5, 29, 34, 42, 40, 24, 7, 2]
courier_service-1   | INFO:     172.18.0.6:43526 - "GET /api/couriers/ HTTP/1.1" 200 OK
courier_service-1   | Ответ assign для заказа 16: 200 - {"status":"no_couriers_available"}
courier_service-1   | Маршрут для заказа 15: 38 -> 29 = [38, 46, 24, 40, 42, 34, 29]
courier_service-1   | INFO:     172.18.0.6:43530 - "GET /api/couriers/ HTTP/1.1" 200 OK
courier_service-1   | Ответ assign для заказа 15: 200 - {"status":"no_couriers_available"}
courier_service-1   | Маршрут для заказа 14: 21 -> 6 = [21, 22, 6]
courier_service-1   | INFO:     172.18.0.6:43542 - "GET /api/couriers/ HTTP/1.1" 200 OK
courier_service-1   | Ответ assign для заказа 14: 200 - {"status":"no_couriers_available"}
courier_service-1   | Маршрут для заказа 13: 4 -> 33 = [4, 33]
courier_service-1   | INFO:     172.18.0.6:43544 - "GET /api/couriers/ HTTP/1.1" 200 OK
courier_service-1   | Ответ assign для заказа 13: 200 - {"status":"no_couriers_available"}
courier_service-1   | Маршрут для заказа 12: 37 -> 10 = [37, 7, 2, 10]
courier_service-1   | INFO:     172.18.0.6:43556 - "GET /api/couriers/ HTTP/1.1" 200 OK
courier_service-1   | Ответ assign для заказа 12: 200 - {"status":"no_couriers_available"}
courier_service-1   | Маршрут для заказа 11: 20 -> 37 = [20, 37]
courier_service-1   | INFO:     172.18.0.6:43568 - "GET /api/couriers/ HTTP/1.1" 200 OK
courier_service-1   | Ответ assign для заказа 11: 200 - {"status":"no_couriers_available"}
courier_service-1   | Маршрут для заказа 10: 3 -> 14 = [3, 14]
courier_service-1   | INFO:     172.18.0.6:43582 - "GET /api/couriers/ HTTP/1.1" 200 OK
courier_service-1   | Ответ assign для заказа 10: 200 - {"status":"no_couriers_available"}
courier_service-1   | Маршрут для заказа 9: 36 -> 41 = [36, 41]
courier_service-1   | INFO:     172.18.0.6:43590 - "GET /api/couriers/ HTTP/1.1" 200 OK
courier_service-1   | Ответ assign для заказа 9: 200 - {"status":"no_couriers_available"}
courier_service-1   | Маршрут для заказа 8: 19 -> 18 = [19, 18]
courier_service-1   | INFO:     172.18.0.6:43602 - "GET /api/couriers/ HTTP/1.1" 200 OK
courier_service-1   | Ответ assign для заказа 8: 200 - {"status":"no_couriers_available"}
courier_service-1   | Маршрут для заказа 7: 2 -> 45 = [2, 7, 24, 40, 42, 34, 29, 5, 45]
courier_service-1   | INFO:     172.18.0.6:43610 - "GET /api/couriers/ HTTP/1.1" 200 OK
courier_service-1   | Ответ assign для заказа 7: 200 - {"status":"no_couriers_available"}
courier_service-1   | Маршрут для заказа 6: 35 -> 22 = [35, 22]
courier_service-1   | INFO:     172.18.0.6:43620 - "GET /api/couriers/ HTTP/1.1" 200 OK
courier_service-1   | Exception terminating connection <AdaptedConnection <asyncpg.connection.Connection object at 0x7f46bc4ba890>>
courier_service-1   | Traceback (most recent call last):
courier_service-1   |   File "/usr/local/lib/python3.11/site-packages/sqlalchemy/pool/base.py", line 373, in _close_connection
courier_service-1   |     self._dialect.do_terminate(connection)
courier_service-1   |   File "/usr/local/lib/python3.11/site-packages/sqlalchemy/dialects/postgresql/asyncpg.py", line 1127, in do_terminate
courier_service-1   |     dbapi_connection.terminate()
courier_service-1   |   File "/usr/local/lib/python3.11/site-packages/sqlalchemy/connectors/asyncio.py", line 402, in terminate
courier_service-1   |     self.await_(asyncio.shield(self._terminate_graceful_close()))  # type: ignore[attr-defined] # noqa: E501
courier_service-1   |     ^^^^^^^^^^^^^^^^^^^^^^^^^^^^^^^^^^^^^^^^^^^^^^^^^^^^^^^^^^^^^
courier_service-1   |   File "/usr/local/lib/python3.11/site-packages/sqlalchemy/util/_concurrency_py3k.py", line 132, in await_only
courier_service-1   |     return current.parent.switch(awaitable)  # type: ignore[no-any-return,attr-defined] # noqa: E501
courier_service-1   |            ^^^^^^^^^^^^^^^^^^^^^^^^^^^^^^^^
courier_service-1   |   File "/usr/local/lib/python3.11/site-packages/sqlalchemy/util/_concurrency_py3k.py", line 196, in greenlet_spawn
courier_service-1   |     value = await result
courier_service-1   |             ^^^^^^^^^^^^
courier_service-1   |   File "/usr/local/lib/python3.11/site-packages/sqlalchemy/dialects/postgresql/asyncpg.py", line 912, in _terminate_graceful_close
courier_service-1   |     await self._connection.close(timeout=2)
courier_service-1   |   File "/usr/local/lib/python3.11/site-packages/asyncpg/connection.py", line 1513, in close
courier_service-1   |     await self._protocol.close(timeout)
courier_service-1   |   File "asyncpg/protocol/protocol.pyx", line 618, in close
courier_service-1   | RuntimeError: Task <Task pending name='Task-337' coro=<AsyncAdapt_asyncpg_connection._terminate_graceful_close() running at /usr/local/lib/python3.11/site-packages/sqlalchemy/dialects/postgresql/asyncpg.py:912> cb=[shield.<locals>._inner_done_callback() at /usr/local/lib/python3.11/asyncio/tasks.py:891]> got Future <Future pending> attached to a different loop
courier_service-1   | Future exception was never retrieved
courier_service-1   | future: <Future finished exception=InternalClientError('got result for unknown protocol state 3')>
courier_service-1   | Traceback (most recent call last):
courier_service-1   |   File "asyncpg/protocol/protocol.pyx", line 892, in asyncpg.protocol.protocol.BaseProtocol._dispatch_result
courier_service-1   | asyncpg.exceptions._base.InternalClientError: got result for unknown protocol state 3
courier_service-1   | Exception terminating connection <AdaptedConnection <asyncpg.connection.Connection object at 0x7f46bc4bb100>>
courier_service-1   | Traceback (most recent call last):
courier_service-1   |   File "/usr/local/lib/python3.11/site-packages/sqlalchemy/pool/base.py", line 373, in _close_connection
courier_service-1   |     self._dialect.do_terminate(connection)
courier_service-1   |   File "/usr/local/lib/python3.11/site-packages/sqlalchemy/dialects/postgresql/asyncpg.py", line 1127, in do_terminate
courier_service-1   |     dbapi_connection.terminate()
courier_service-1   |   File "/usr/local/lib/python3.11/site-packages/sqlalchemy/connectors/asyncio.py", line 402, in terminate
courier_service-1   |     self.await_(asyncio.shield(self._terminate_graceful_close()))  # type: ignore[attr-defined] # noqa: E501
courier_service-1   |     ^^^^^^^^^^^^^^^^^^^^^^^^^^^^^^^^^^^^^^^^^^^^^^^^^^^^^^^^^^^^^
courier_service-1   |   File "/usr/local/lib/python3.11/site-packages/sqlalchemy/util/_concurrency_py3k.py", line 132, in await_only
courier_service-1   |     return current.parent.switch(awaitable)  # type: ignore[no-any-return,attr-defined] # noqa: E501
courier_service-1   |            ^^^^^^^^^^^^^^^^^^^^^^^^^^^^^^^^
courier_service-1   |   File "/usr/local/lib/python3.11/site-packages/sqlalchemy/util/_concurrency_py3k.py", line 196, in greenlet_spawn
courier_service-1   |     value = await result
courier_service-1   |             ^^^^^^^^^^^^
courier_service-1   |   File "/usr/local/lib/python3.11/site-packages/sqlalchemy/dialects/postgresql/asyncpg.py", line 912, in _terminate_graceful_close
courier_service-1   |     await self._connection.close(timeout=2)
courier_service-1   |   File "/usr/local/lib/python3.11/site-packages/asyncpg/connection.py", line 1513, in close
courier_service-1   |     await self._protocol.close(timeout)
courier_service-1   |   File "asyncpg/protocol/protocol.pyx", line 618, in close
courier_service-1   | RuntimeError: Task <Task pending name='Task-341' coro=<AsyncAdapt_asyncpg_connection._terminate_graceful_close() running at /usr/local/lib/python3.11/site-packages/sqlalchemy/dialects/postgresql/asyncpg.py:912> cb=[shield.<locals>._inner_done_callback() at /usr/local/lib/python3.11/asyncio/tasks.py:891]> got Future <Future pending> attached to a different loop
courier_service-1   | Future exception was never retrieved
courier_service-1   | future: <Future finished exception=InternalClientError('got result for unknown protocol state 3')>
courier_service-1   | Traceback (most recent call last):
courier_service-1   |   File "asyncpg/protocol/protocol.pyx", line 892, in asyncpg.protocol.protocol.BaseProtocol._dispatch_result
courier_service-1   | asyncpg.exceptions._base.InternalClientError: got result for unknown protocol state 3
courier_service-1   | Future exception was never retrieved
courier_service-1   | future: <Future finished exception=InternalClientError('got result for unknown protocol state 3')>
courier_service-1   | Traceback (most recent call last):
courier_service-1   |   File "asyncpg/protocol/protocol.pyx", line 892, in asyncpg.protocol.protocol.BaseProtocol._dispatch_result
courier_service-1   | asyncpg.exceptions._base.InternalClientError: got result for unknown protocol state 3
courier_service-1   | Exception terminating connection <AdaptedConnection <asyncpg.connection.Connection object at 0x7f46bc4bb970>>
courier_service-1   | Traceback (most recent call last):
courier_service-1   |   File "/usr/local/lib/python3.11/site-packages/sqlalchemy/pool/base.py", line 373, in _close_connection
courier_service-1   |     self._dialect.do_terminate(connection)
courier_service-1   |   File "/usr/local/lib/python3.11/site-packages/sqlalchemy/dialects/postgresql/asyncpg.py", line 1127, in do_terminate
courier_service-1   |     dbapi_connection.terminate()
courier_service-1   |   File "/usr/local/lib/python3.11/site-packages/sqlalchemy/connectors/asyncio.py", line 402, in terminate
courier_service-1   |     self.await_(asyncio.shield(self._terminate_graceful_close()))  # type: ignore[attr-defined] # noqa: E501
courier_service-1   |     ^^^^^^^^^^^^^^^^^^^^^^^^^^^^^^^^^^^^^^^^^^^^^^^^^^^^^^^^^^^^^
courier_service-1   |   File "/usr/local/lib/python3.11/site-packages/sqlalchemy/util/_concurrency_py3k.py", line 132, in await_only
courier_service-1   |     return current.parent.switch(awaitable)  # type: ignore[no-any-return,attr-defined] # noqa: E501
courier_service-1   |            ^^^^^^^^^^^^^^^^^^^^^^^^^^^^^^^^
courier_service-1   |   File "/usr/local/lib/python3.11/site-packages/sqlalchemy/util/_concurrency_py3k.py", line 196, in greenlet_spawn
courier_service-1   |     value = await result
courier_service-1   |             ^^^^^^^^^^^^
courier_service-1   |   File "/usr/local/lib/python3.11/site-packages/sqlalchemy/dialects/postgresql/asyncpg.py", line 912, in _terminate_graceful_close
courier_service-1   |     await self._connection.close(timeout=2)
courier_service-1   |   File "/usr/local/lib/python3.11/site-packages/asyncpg/connection.py", line 1513, in close
courier_service-1   |     await self._protocol.close(timeout)
courier_service-1   |   File "asyncpg/protocol/protocol.pyx", line 618, in close
courier_service-1   | RuntimeError: Task <Task pending name='Task-345' coro=<AsyncAdapt_asyncpg_connection._terminate_graceful_close() running at /usr/local/lib/python3.11/site-packages/sqlalchemy/dialects/postgresql/asyncpg.py:912> cb=[shield.<locals>._inner_done_callback() at /usr/local/lib/python3.11/asyncio/tasks.py:891]> got Future <Future pending> attached to a different loop
courier_service-1   | Future exception was never retrieved
courier_service-1   | future: <Future finished exception=InternalClientError('got result for unknown protocol state 3')>
courier_service-1   | Traceback (most recent call last):
courier_service-1   |   File "asyncpg/protocol/protocol.pyx", line 892, in asyncpg.protocol.protocol.BaseProtocol._dispatch_result
courier_service-1   | asyncpg.exceptions._base.InternalClientError: got result for unknown protocol state 3
courier_service-1   | Future exception was never retrieved
courier_service-1   | future: <Future finished exception=InternalClientError('got result for unknown protocol state 3')>
courier_service-1   | Traceback (most recent call last):
courier_service-1   |   File "asyncpg/protocol/protocol.pyx", line 892, in asyncpg.protocol.protocol.BaseProtocol._dispatch_result
courier_service-1   | asyncpg.exceptions._base.InternalClientError: got result for unknown protocol state 3
courier_service-1   | Future exception was never retrieved
courier_service-1   | future: <Future finished exception=InternalClientError('got result for unknown protocol state 3')>
courier_service-1   | Traceback (most recent call last):
courier_service-1   |   File "asyncpg/protocol/protocol.pyx", line 892, in asyncpg.protocol.protocol.BaseProtocol._dispatch_result
courier_service-1   | asyncpg.exceptions._base.InternalClientError: got result for unknown protocol state 3
courier_service-1   | Ответ assign для заказа 6: 200 - {"status":"no_couriers_available"}
courier_service-1   | [CourierEmulator] move error for courier 1: Task <Task pending name='Task-336' coro=<CourierEmulator._move_along_route() running at /app/courier_service/courier_service.py:139> cb=[_run_until_complete_cb() at /usr/local/lib/python3.11/asyncio/base_events.py:181]> got Future <Future pending cb=[BaseProtocol._on_waiter_completed()]> attached to a different loop
courier_service-1   | [CourierEmulator] move error for courier 2: Task <Task pending name='Task-340' coro=<CourierEmulator._move_along_route() running at /app/courier_service/courier_service.py:139> cb=[_run_until_complete_cb() at /usr/local/lib/python3.11/asyncio/base_events.py:181]> got Future <Future pending cb=[BaseProtocol._on_waiter_completed()]> attached to a different loop
courier_service-1   | [CourierEmulator] move error for courier 4: Task <Task pending name='Task-344' coro=<CourierEmulator._move_along_route() running at /app/courier_service/courier_service.py:139> cb=[_run_until_complete_cb() at /usr/local/lib/python3.11/asyncio/base_events.py:181]> got Future <Future pending cb=[BaseProtocol._on_waiter_completed()]> attached to a different loop
courier_service-1   | INFO:     172.18.0.8:37280 - "GET /api/couriers/ HTTP/1.1" 200 OK
courier_service-1   | Exception terminating connection <AdaptedConnection <asyncpg.connection.Connection object at 0x7f46bc4bb2e0>>
courier_service-1   | Traceback (most recent call last):
courier_service-1   |   File "/usr/local/lib/python3.11/site-packages/sqlalchemy/pool/base.py", line 373, in _close_connection
courier_service-1   |     self._dialect.do_terminate(connection)
courier_service-1   |   File "/usr/local/lib/python3.11/site-packages/sqlalchemy/dialects/postgresql/asyncpg.py", line 1127, in do_terminate
courier_service-1   |     dbapi_connection.terminate()
courier_service-1   |   File "/usr/local/lib/python3.11/site-packages/sqlalchemy/connectors/asyncio.py", line 402, in terminate
courier_service-1   |     self.await_(asyncio.shield(self._terminate_graceful_close()))  # type: ignore[attr-defined] # noqa: E501
courier_service-1   |     ^^^^^^^^^^^^^^^^^^^^^^^^^^^^^^^^^^^^^^^^^^^^^^^^^^^^^^^^^^^^^
courier_service-1   |   File "/usr/local/lib/python3.11/site-packages/sqlalchemy/util/_concurrency_py3k.py", line 132, in await_only
courier_service-1   |     return current.parent.switch(awaitable)  # type: ignore[no-any-return,attr-defined] # noqa: E501
courier_service-1   |            ^^^^^^^^^^^^^^^^^^^^^^^^^^^^^^^^
courier_service-1   |   File "/usr/local/lib/python3.11/site-packages/sqlalchemy/util/_concurrency_py3k.py", line 196, in greenlet_spawn
courier_service-1   |     value = await result
courier_service-1   |             ^^^^^^^^^^^^
courier_service-1   |   File "/usr/local/lib/python3.11/site-packages/sqlalchemy/dialects/postgresql/asyncpg.py", line 912, in _terminate_graceful_close
courier_service-1   |     await self._connection.close(timeout=2)
courier_service-1   |   File "/usr/local/lib/python3.11/site-packages/asyncpg/connection.py", line 1513, in close
courier_service-1   |     await self._protocol.close(timeout)
courier_service-1   |   File "asyncpg/protocol/protocol.pyx", line 618, in close
courier_service-1   | RuntimeError: Task <Task pending name='Task-360' coro=<AsyncAdapt_asyncpg_connection._terminate_graceful_close() running at /usr/local/lib/python3.11/site-packages/sqlalchemy/dialects/postgresql/asyncpg.py:912> cb=[shield.<locals>._inner_done_callback() at /usr/local/lib/python3.11/asyncio/tasks.py:891]> got Future <Future pending> attached to a different loop
courier_service-1   | INFO:     172.18.0.8:37294 - "GET /api/couriers/ HTTP/1.1" 500 Internal Server Error
courier_service-1   | ERROR:    Exception in ASGI application
courier_service-1   | Traceback (most recent call last):
courier_service-1   |   File "/usr/local/lib/python3.11/site-packages/uvicorn/protocols/http/httptools_impl.py", line 421, in run_asgi
courier_service-1   |     result = await app(  # type: ignore[func-returns-value]
courier_service-1   |              ^^^^^^^^^^^^^^^^^^^^^^^^^^^^^^^^^^^^^^^^^^^^^^
courier_service-1   |   File "/usr/local/lib/python3.11/site-packages/uvicorn/middleware/proxy_headers.py", line 56, in __call__
courier_service-1   |     return await self.app(scope, receive, send)
courier_service-1   |            ^^^^^^^^^^^^^^^^^^^^^^^^^^^^^^^^^^^^
courier_service-1   |   File "/usr/local/lib/python3.11/site-packages/fastapi/applications.py", line 1159, in __call__
courier_service-1   |     await super().__call__(scope, receive, send)
courier_service-1   |   File "/usr/local/lib/python3.11/site-packages/starlette/applications.py", line 90, in __call__
courier_service-1   |     await self.middleware_stack(scope, receive, send)
courier_service-1   |   File "/usr/local/lib/python3.11/site-packages/starlette/middleware/errors.py", line 186, in __call__
courier_service-1   |     raise exc
courier_service-1   |   File "/usr/local/lib/python3.11/site-packages/starlette/middleware/errors.py", line 164, in __call__
courier_service-1   |     await self.app(scope, receive, _send)
courier_service-1   |   File "/usr/local/lib/python3.11/site-packages/starlette/middleware/base.py", line 191, in __call__
courier_service-1   |     with recv_stream, send_stream, collapse_excgroups():
courier_service-1   |   File "/usr/local/lib/python3.11/contextlib.py", line 158, in __exit__
courier_service-1   |     self.gen.throw(typ, value, traceback)
courier_service-1   |   File "/usr/local/lib/python3.11/site-packages/starlette/_utils.py", line 87, in collapse_excgroups
courier_service-1   |     raise exc
courier_service-1   |   File "/usr/local/lib/python3.11/site-packages/starlette/middleware/base.py", line 193, in __call__
courier_service-1   |     response = await self.dispatch_func(request, call_next)
courier_service-1   |                ^^^^^^^^^^^^^^^^^^^^^^^^^^^^^^^^^^^^^^^^^^^^
courier_service-1   |   File "/app/courier_service/main.py", line 137, in prometheus_middleware
courier_service-1   |     response = await call_next(request)
courier_service-1   |                ^^^^^^^^^^^^^^^^^^^^^^^^
courier_service-1   |   File "/usr/local/lib/python3.11/site-packages/starlette/middleware/base.py", line 168, in call_next
courier_service-1   |     raise app_exc from app_exc.__cause__ or app_exc.__context__
courier_service-1   |   File "/usr/local/lib/python3.11/site-packages/starlette/middleware/base.py", line 144, in coro
courier_service-1   |     await self.app(scope, receive_or_disconnect, send_no_error)
courier_service-1   |   File "/usr/local/lib/python3.11/site-packages/starlette/middleware/exceptions.py", line 63, in __call__
courier_service-1   |     await wrap_app_handling_exceptions(self.app, conn)(scope, receive, send)
courier_service-1   |   File "/usr/local/lib/python3.11/site-packages/starlette/_exception_handler.py", line 53, in wrapped_app
courier_service-1   |     raise exc
courier_service-1   |   File "/usr/local/lib/python3.11/site-packages/starlette/_exception_handler.py", line 42, in wrapped_app
courier_service-1   |     await app(scope, receive, sender)
courier_service-1   |   File "/usr/local/lib/python3.11/site-packages/fastapi/middleware/asyncexitstack.py", line 18, in __call__
courier_service-1   |     await self.app(scope, receive, send)
courier_service-1   |   File "/usr/local/lib/python3.11/site-packages/starlette/routing.py", line 660, in __call__
courier_service-1   |     await self.middleware_stack(scope, receive, send)
courier_service-1   |   File "/usr/local/lib/python3.11/site-packages/starlette/routing.py", line 680, in app
courier_service-1   |     await route.handle(scope, receive, send)
courier_service-1   |   File "/usr/local/lib/python3.11/site-packages/starlette/routing.py", line 276, in handle
courier_service-1   |     await self.app(scope, receive, send)
courier_service-1   |   File "/usr/local/lib/python3.11/site-packages/fastapi/routing.py", line 134, in app
courier_service-1   |     await wrap_app_handling_exceptions(app, request)(scope, receive, send)
courier_service-1   |   File "/usr/local/lib/python3.11/site-packages/starlette/_exception_handler.py", line 53, in wrapped_app
courier_service-1   |     raise exc
courier_service-1   |   File "/usr/local/lib/python3.11/site-packages/starlette/_exception_handler.py", line 42, in wrapped_app
courier_service-1   |     await app(scope, receive, sender)
courier_service-1   |   File "/usr/local/lib/python3.11/site-packages/fastapi/routing.py", line 120, in app
courier_service-1   |     response = await f(request)
courier_service-1   |                ^^^^^^^^^^^^^^^^
courier_service-1   |   File "/usr/local/lib/python3.11/site-packages/fastapi/routing.py", line 674, in app
courier_service-1   |     raw_response = await run_endpoint_function(
courier_service-1   |                    ^^^^^^^^^^^^^^^^^^^^^^^^^^^^
courier_service-1   |   File "/usr/local/lib/python3.11/site-packages/fastapi/routing.py", line 328, in run_endpoint_function
courier_service-1   |     return await dependant.call(**values)
courier_service-1   |            ^^^^^^^^^^^^^^^^^^^^^^^^^^^^^^
courier_service-1   |   File "/app/courier_service/routes.py", line 245, in list_couriers
courier_service-1   |     couriers = await service.get_all_couriers()
courier_service-1   |                ^^^^^^^^^^^^^^^^^^^^^^^^^^^^^^^^
courier_service-1   |   File "/app/courier_service/courier_service.py", line 370, in get_all_couriers
courier_service-1   |     result = await self.session.execute(select(Courier).execution_options(populate_existing=True))
courier_service-1   |              ^^^^^^^^^^^^^^^^^^^^^^^^^^^^^^^^^^^^^^^^^^^^^^^^^^^^^^^^^^^^^^^^^^^^^^^^^^^^^^^^^^^^^
courier_service-1   |   File "/usr/local/lib/python3.11/site-packages/sqlalchemy/ext/asyncio/session.py", line 449, in execute
courier_service-1   |     result = await greenlet_spawn(
courier_service-1   |              ^^^^^^^^^^^^^^^^^^^^^
courier_service-1   |   File "/usr/local/lib/python3.11/site-packages/sqlalchemy/util/_concurrency_py3k.py", line 201, in greenlet_spawn
courier_service-1   |     result = context.throw(*sys.exc_info())
courier_service-1   |              ^^^^^^^^^^^^^^^^^^^^^^^^^^^^^^
courier_service-1   |   File "/usr/local/lib/python3.11/site-packages/sqlalchemy/orm/session.py", line 2351, in execute
courier_service-1   |     return self._execute_internal(
courier_service-1   |            ^^^^^^^^^^^^^^^^^^^^^^^
courier_service-1   |   File "/usr/local/lib/python3.11/site-packages/sqlalchemy/orm/session.py", line 2239, in _execute_internal
courier_service-1   |     conn = self._connection_for_bind(bind)
courier_service-1   |            ^^^^^^^^^^^^^^^^^^^^^^^^^^^^^^^
courier_service-1   |   File "/usr/local/lib/python3.11/site-packages/sqlalchemy/orm/session.py", line 2108, in _connection_for_bind
courier_service-1   |     return trans._connection_for_bind(engine, execution_options)
courier_service-1   |            ^^^^^^^^^^^^^^^^^^^^^^^^^^^^^^^^^^^^^^^^^^^^^^^^^^^^^
courier_service-1   |   File "<string>", line 2, in _connection_for_bind
courier_service-1   |   File "/usr/local/lib/python3.11/site-packages/sqlalchemy/orm/state_changes.py", line 137, in _go
courier_service-1   |     ret_value = fn(self, *arg, **kw)
courier_service-1   |                 ^^^^^^^^^^^^^^^^^^^^
courier_service-1   |   File "/usr/local/lib/python3.11/site-packages/sqlalchemy/orm/session.py", line 1187, in _connection_for_bind
courier_service-1   |     conn = bind.connect()
courier_service-1   |            ^^^^^^^^^^^^^^
courier_service-1   |   File "/usr/local/lib/python3.11/site-packages/sqlalchemy/engine/base.py", line 3293, in connect
courier_service-1   |     return self._connection_cls(self)
courier_service-1   |            ^^^^^^^^^^^^^^^^^^^^^^^^^^
courier_service-1   |   File "/usr/local/lib/python3.11/site-packages/sqlalchemy/engine/base.py", line 143, in __init__
courier_service-1   |     self._dbapi_connection = engine.raw_connection()
courier_service-1   |                              ^^^^^^^^^^^^^^^^^^^^^^^
courier_service-1   |   File "/usr/local/lib/python3.11/site-packages/sqlalchemy/engine/base.py", line 3317, in raw_connection
courier_service-1   |     return self.pool.connect()
courier_service-1   |            ^^^^^^^^^^^^^^^^^^^
courier_service-1   |   File "/usr/local/lib/python3.11/site-packages/sqlalchemy/pool/base.py", line 448, in connect
courier_service-1   |     return _ConnectionFairy._checkout(self)
courier_service-1   |            ^^^^^^^^^^^^^^^^^^^^^^^^^^^^^^^^
courier_service-1   |   File "/usr/local/lib/python3.11/site-packages/sqlalchemy/pool/base.py", line 1371, in _checkout
courier_service-1   |     with util.safe_reraise():
courier_service-1   |   File "/usr/local/lib/python3.11/site-packages/sqlalchemy/util/langhelpers.py", line 121, in __exit__
courier_service-1   |     raise exc_value.with_traceback(exc_tb)
courier_service-1   |   File "/usr/local/lib/python3.11/site-packages/sqlalchemy/pool/base.py", line 1309, in _checkout
courier_service-1   |     result = pool._dialect._do_ping_w_event(
courier_service-1   |              ^^^^^^^^^^^^^^^^^^^^^^^^^^^^^^^
courier_service-1   |   File "/usr/local/lib/python3.11/site-packages/sqlalchemy/engine/default.py", line 729, in _do_ping_w_event
courier_service-1   |     return self.do_ping(dbapi_connection)
courier_service-1   |            ^^^^^^^^^^^^^^^^^^^^^^^^^^^^^^
courier_service-1   |   File "/usr/local/lib/python3.11/site-packages/sqlalchemy/dialects/postgresql/asyncpg.py", line 1160, in do_ping
courier_service-1   |     dbapi_connection.ping()
courier_service-1   |   File "/usr/local/lib/python3.11/site-packages/sqlalchemy/dialects/postgresql/asyncpg.py", line 818, in ping
courier_service-1   |     self._handle_exception(error)
courier_service-1   |   File "/usr/local/lib/python3.11/site-packages/sqlalchemy/dialects/postgresql/asyncpg.py", line 799, in _handle_exception
courier_service-1   |     raise error
courier_service-1   |   File "/usr/local/lib/python3.11/site-packages/sqlalchemy/dialects/postgresql/asyncpg.py", line 816, in ping
courier_service-1   |     _ = self.await_(self._async_ping())
courier_service-1   |         ^^^^^^^^^^^^^^^^^^^^^^^^^^^^^^^
courier_service-1   |   File "/usr/local/lib/python3.11/site-packages/sqlalchemy/util/_concurrency_py3k.py", line 132, in await_only
courier_service-1   |     return current.parent.switch(awaitable)  # type: ignore[no-any-return,attr-defined] # noqa: E501
courier_service-1   |            ^^^^^^^^^^^^^^^^^^^^^^^^^^^^^^^^
courier_service-1   |   File "/usr/local/lib/python3.11/site-packages/sqlalchemy/util/_concurrency_py3k.py", line 196, in greenlet_spawn
courier_service-1   |     value = await result
courier_service-1   |             ^^^^^^^^^^^^
courier_service-1   |   File "/usr/local/lib/python3.11/site-packages/sqlalchemy/dialects/postgresql/asyncpg.py", line 825, in _async_ping
courier_service-1   |     await tr.start()
courier_service-1   |   File "/usr/local/lib/python3.11/site-packages/asyncpg/transaction.py", line 146, in start
courier_service-1   |     await self._connection.execute(query)
courier_service-1   |   File "/usr/local/lib/python3.11/site-packages/asyncpg/connection.py", line 354, in execute
courier_service-1   |     result = await self._protocol.query(query, timeout)
courier_service-1   |              ^^^^^^^^^^^^^^^^^^^^^^^^^^^^^^^^^^^^^^^^^^
courier_service-1   |   File "asyncpg/protocol/protocol.pyx", line 369, in query
courier_service-1   | RuntimeError: Task <Task pending name='starlette.middleware.base.BaseHTTPMiddleware.__call__.<locals>.call_next.<locals>.coro' coro=<BaseHTTPMiddleware.__call__.<locals>.call_next.<locals>.coro() running at /usr/local/lib/python3.11/site-packages/starlette/middleware/base.py:144> cb=[TaskGroup._spawn.<locals>.task_done() at /usr/local/lib/python3.11/site-packages/anyio/_backends/_asyncio.py:821]> got Future <Future pending cb=[BaseProtocol._on_waiter_completed()]> attached to a different loop
courier_service-1   | Exception terminating connection <AdaptedConnection <asyncpg.connection.Connection object at 0x7f46bc4bb790>>
courier_service-1   | Traceback (most recent call last):
courier_service-1   |   File "/usr/local/lib/python3.11/site-packages/sqlalchemy/pool/base.py", line 373, in _close_connection
courier_service-1   |     self._dialect.do_terminate(connection)
courier_service-1   |   File "/usr/local/lib/python3.11/site-packages/sqlalchemy/dialects/postgresql/asyncpg.py", line 1127, in do_terminate
courier_service-1   |     dbapi_connection.terminate()
courier_service-1   |   File "/usr/local/lib/python3.11/site-packages/sqlalchemy/connectors/asyncio.py", line 402, in terminate
courier_service-1   |     self.await_(asyncio.shield(self._terminate_graceful_close()))  # type: ignore[attr-defined] # noqa: E501
courier_service-1   |     ^^^^^^^^^^^^^^^^^^^^^^^^^^^^^^^^^^^^^^^^^^^^^^^^^^^^^^^^^^^^^
courier_service-1   |   File "/usr/local/lib/python3.11/site-packages/sqlalchemy/util/_concurrency_py3k.py", line 132, in await_only
courier_service-1   |     return current.parent.switch(awaitable)  # type: ignore[no-any-return,attr-defined] # noqa: E501
courier_service-1   |            ^^^^^^^^^^^^^^^^^^^^^^^^^^^^^^^^
courier_service-1   |   File "/usr/local/lib/python3.11/site-packages/sqlalchemy/util/_concurrency_py3k.py", line 196, in greenlet_spawn
courier_service-1   |     value = await result
courier_service-1   |             ^^^^^^^^^^^^
courier_service-1   |   File "/usr/local/lib/python3.11/site-packages/sqlalchemy/dialects/postgresql/asyncpg.py", line 912, in _terminate_graceful_close
courier_service-1   |     await self._connection.close(timeout=2)
courier_service-1   |   File "/usr/local/lib/python3.11/site-packages/asyncpg/connection.py", line 1513, in close
courier_service-1   |     await self._protocol.close(timeout)
courier_service-1   |   File "asyncpg/protocol/protocol.pyx", line 618, in close
courier_service-1   | RuntimeError: Task <Task pending name='Task-364' coro=<AsyncAdapt_asyncpg_connection._terminate_graceful_close() running at /usr/local/lib/python3.11/site-packages/sqlalchemy/dialects/postgresql/asyncpg.py:912> cb=[shield.<locals>._inner_done_callback() at /usr/local/lib/python3.11/asyncio/tasks.py:891]> got Future <Future pending> attached to a different loop
courier_service-1   | Exception terminating connection <AdaptedConnection <asyncpg.connection.Connection object at 0x7f46bc4b94e0>>
courier_service-1   | Traceback (most recent call last):
courier_service-1   |   File "/usr/local/lib/python3.11/site-packages/sqlalchemy/pool/base.py", line 373, in _close_connection
courier_service-1   |     self._dialect.do_terminate(connection)
courier_service-1   |   File "/usr/local/lib/python3.11/site-packages/sqlalchemy/dialects/postgresql/asyncpg.py", line 1127, in do_terminate
courier_service-1   |     dbapi_connection.terminate()
courier_service-1   |   File "/usr/local/lib/python3.11/site-packages/sqlalchemy/connectors/asyncio.py", line 402, in terminate
courier_service-1   |     self.await_(asyncio.shield(self._terminate_graceful_close()))  # type: ignore[attr-defined] # noqa: E501
courier_service-1   |     ^^^^^^^^^^^^^^^^^^^^^^^^^^^^^^^^^^^^^^^^^^^^^^^^^^^^^^^^^^^^^
courier_service-1   |   File "/usr/local/lib/python3.11/site-packages/sqlalchemy/util/_concurrency_py3k.py", line 132, in await_only
courier_service-1   |     return current.parent.switch(awaitable)  # type: ignore[no-any-return,attr-defined] # noqa: E501
courier_service-1   |            ^^^^^^^^^^^^^^^^^^^^^^^^^^^^^^^^
courier_service-1   |   File "/usr/local/lib/python3.11/site-packages/sqlalchemy/util/_concurrency_py3k.py", line 196, in greenlet_spawn
courier_service-1   |     value = await result
courier_service-1   |             ^^^^^^^^^^^^
courier_service-1   |   File "/usr/local/lib/python3.11/site-packages/sqlalchemy/dialects/postgresql/asyncpg.py", line 912, in _terminate_graceful_close
courier_service-1   |     await self._connection.close(timeout=2)
courier_service-1   |   File "/usr/local/lib/python3.11/site-packages/asyncpg/connection.py", line 1513, in close
courier_service-1   |     await self._protocol.close(timeout)
courier_service-1   |   File "asyncpg/protocol/protocol.pyx", line 618, in close
courier_service-1   | RuntimeError: Task <Task pending name='Task-368' coro=<AsyncAdapt_asyncpg_connection._terminate_graceful_close() running at /usr/local/lib/python3.11/site-packages/sqlalchemy/dialects/postgresql/asyncpg.py:912> cb=[shield.<locals>._inner_done_callback() at /usr/local/lib/python3.11/asyncio/tasks.py:891]> got Future <Future pending> attached to a different loop
courier_service-1   | Future exception was never retrieved
courier_service-1   | future: <Future finished exception=InternalClientError('got result for unknown protocol state 3')>
courier_service-1   | Traceback (most recent call last):
courier_service-1   |   File "asyncpg/protocol/protocol.pyx", line 892, in asyncpg.protocol.protocol.BaseProtocol._dispatch_result
courier_service-1   | asyncpg.exceptions._base.InternalClientError: got result for unknown protocol state 3
courier_service-1   | Future exception was never retrieved
courier_service-1   | future: <Future finished exception=InternalClientError('got result for unknown protocol state 3')>
courier_service-1   | Traceback (most recent call last):
courier_service-1   |   File "asyncpg/protocol/protocol.pyx", line 892, in asyncpg.protocol.protocol.BaseProtocol._dispatch_result
courier_service-1   | asyncpg.exceptions._base.InternalClientError: got result for unknown protocol state 3
courier_service-1   | Future exception was never retrieved
courier_service-1   | future: <Future finished exception=InternalClientError('got result for unknown protocol state 3')>
courier_service-1   | Traceback (most recent call last):
courier_service-1   |   File "asyncpg/protocol/protocol.pyx", line 892, in asyncpg.protocol.protocol.BaseProtocol._dispatch_result
courier_service-1   | asyncpg.exceptions._base.InternalClientError: got result for unknown protocol state 3
courier_service-1   | Exception terminating connection <AdaptedConnection <asyncpg.connection.Connection object at 0x7f46bc4ba980>>
courier_service-1   | Traceback (most recent call last):
courier_service-1   |   File "/usr/local/lib/python3.11/site-packages/sqlalchemy/pool/base.py", line 373, in _close_connection
courier_service-1   |     self._dialect.do_terminate(connection)
courier_service-1   |   File "/usr/local/lib/python3.11/site-packages/sqlalchemy/dialects/postgresql/asyncpg.py", line 1127, in do_terminate
courier_service-1   |     dbapi_connection.terminate()
courier_service-1   |   File "/usr/local/lib/python3.11/site-packages/sqlalchemy/connectors/asyncio.py", line 402, in terminate
courier_service-1   |     self.await_(asyncio.shield(self._terminate_graceful_close()))  # type: ignore[attr-defined] # noqa: E501
courier_service-1   |     ^^^^^^^^^^^^^^^^^^^^^^^^^^^^^^^^^^^^^^^^^^^^^^^^^^^^^^^^^^^^^
courier_service-1   |   File "/usr/local/lib/python3.11/site-packages/sqlalchemy/util/_concurrency_py3k.py", line 132, in await_only
courier_service-1   |     return current.parent.switch(awaitable)  # type: ignore[no-any-return,attr-defined] # noqa: E501
courier_service-1   |            ^^^^^^^^^^^^^^^^^^^^^^^^^^^^^^^^
courier_service-1   |   File "/usr/local/lib/python3.11/site-packages/sqlalchemy/util/_concurrency_py3k.py", line 196, in greenlet_spawn
courier_service-1   |     value = await result
courier_service-1   |             ^^^^^^^^^^^^
courier_service-1   |   File "/usr/local/lib/python3.11/site-packages/sqlalchemy/dialects/postgresql/asyncpg.py", line 912, in _terminate_graceful_close
courier_service-1   |     await self._connection.close(timeout=2)
courier_service-1   |   File "/usr/local/lib/python3.11/site-packages/asyncpg/connection.py", line 1513, in close
courier_service-1   |     await self._protocol.close(timeout)
courier_service-1   |   File "asyncpg/protocol/protocol.pyx", line 618, in close
courier_service-1   | RuntimeError: Task <Task pending name='Task-383' coro=<AsyncAdapt_asyncpg_connection._terminate_graceful_close() running at /usr/local/lib/python3.11/site-packages/sqlalchemy/dialects/postgresql/asyncpg.py:912> cb=[shield.<locals>._inner_done_callback() at /usr/local/lib/python3.11/asyncio/tasks.py:891]> got Future <Future pending> attached to a different loop
courier_service-1   | [CourierEmulator] move error for courier 1: Task <Task pending name='Task-363' coro=<CourierEmulator._move_along_route() running at /app/courier_service/courier_service.py:139> cb=[_run_until_complete_cb() at /usr/local/lib/python3.11/asyncio/base_events.py:181]> got Future <Future pending cb=[BaseProtocol._on_waiter_completed()]> attached to a different loop
courier_service-1   | [CourierEmulator] move error for courier 2: Task <Task pending name='Task-367' coro=<CourierEmulator._move_along_route() running at /app/courier_service/courier_service.py:139> cb=[_run_until_complete_cb() at /usr/local/lib/python3.11/asyncio/base_events.py:181]> got Future <Future pending cb=[BaseProtocol._on_waiter_completed()]> attached to a different loop
courier_service-1   | Найдено 15 заказов без курьеров
courier_service-1   | Маршрут для заказа 20: 23 -> 44 = [23, 13, 44]
courier_service-1   | INFO:     172.18.0.6:43630 - "GET /api/couriers/ HTTP/1.1" 500 Internal Server Error
courier_service-1   | ERROR:    Exception in ASGI application
courier_service-1   | Traceback (most recent call last):
courier_service-1   |   File "/usr/local/lib/python3.11/site-packages/uvicorn/protocols/http/httptools_impl.py", line 421, in run_asgi
courier_service-1   |     result = await app(  # type: ignore[func-returns-value]
courier_service-1   |              ^^^^^^^^^^^^^^^^^^^^^^^^^^^^^^^^^^^^^^^^^^^^^^
courier_service-1   |   File "/usr/local/lib/python3.11/site-packages/uvicorn/middleware/proxy_headers.py", line 56, in __call__
courier_service-1   |     return await self.app(scope, receive, send)
courier_service-1   |            ^^^^^^^^^^^^^^^^^^^^^^^^^^^^^^^^^^^^
courier_service-1   |   File "/usr/local/lib/python3.11/site-packages/fastapi/applications.py", line 1159, in __call__
courier_service-1   |     await super().__call__(scope, receive, send)
courier_service-1   |   File "/usr/local/lib/python3.11/site-packages/starlette/applications.py", line 90, in __call__
courier_service-1   |     await self.middleware_stack(scope, receive, send)
courier_service-1   |   File "/usr/local/lib/python3.11/site-packages/starlette/middleware/errors.py", line 186, in __call__
courier_service-1   |     raise exc
courier_service-1   |   File "/usr/local/lib/python3.11/site-packages/starlette/middleware/errors.py", line 164, in __call__
courier_service-1   |     await self.app(scope, receive, _send)
courier_service-1   |   File "/usr/local/lib/python3.11/site-packages/starlette/middleware/base.py", line 191, in __call__
courier_service-1   |     with recv_stream, send_stream, collapse_excgroups():
courier_service-1   |   File "/usr/local/lib/python3.11/contextlib.py", line 158, in __exit__
courier_service-1   |     self.gen.throw(typ, value, traceback)
courier_service-1   |   File "/usr/local/lib/python3.11/site-packages/starlette/_utils.py", line 87, in collapse_excgroups
courier_service-1   |     raise exc
courier_service-1   |   File "/usr/local/lib/python3.11/site-packages/starlette/middleware/base.py", line 193, in __call__
courier_service-1   |     response = await self.dispatch_func(request, call_next)
courier_service-1   |                ^^^^^^^^^^^^^^^^^^^^^^^^^^^^^^^^^^^^^^^^^^^^
courier_service-1   |   File "/app/courier_service/main.py", line 137, in prometheus_middleware
courier_service-1   |     response = await call_next(request)
courier_service-1   |                ^^^^^^^^^^^^^^^^^^^^^^^^
courier_service-1   |   File "/usr/local/lib/python3.11/site-packages/starlette/middleware/base.py", line 168, in call_next
courier_service-1   |     raise app_exc from app_exc.__cause__ or app_exc.__context__
courier_service-1   |   File "/usr/local/lib/python3.11/site-packages/starlette/middleware/base.py", line 144, in coro
courier_service-1   |     await self.app(scope, receive_or_disconnect, send_no_error)
courier_service-1   |   File "/usr/local/lib/python3.11/site-packages/starlette/middleware/exceptions.py", line 63, in __call__
courier_service-1   |     await wrap_app_handling_exceptions(self.app, conn)(scope, receive, send)
courier_service-1   |   File "/usr/local/lib/python3.11/site-packages/starlette/_exception_handler.py", line 53, in wrapped_app
courier_service-1   |     raise exc
courier_service-1   |   File "/usr/local/lib/python3.11/site-packages/starlette/_exception_handler.py", line 42, in wrapped_app
courier_service-1   |     await app(scope, receive, sender)
courier_service-1   |   File "/usr/local/lib/python3.11/site-packages/fastapi/middleware/asyncexitstack.py", line 18, in __call__
courier_service-1   |     await self.app(scope, receive, send)
courier_service-1   |   File "/usr/local/lib/python3.11/site-packages/starlette/routing.py", line 660, in __call__
courier_service-1   |     await self.middleware_stack(scope, receive, send)
courier_service-1   |   File "/usr/local/lib/python3.11/site-packages/starlette/routing.py", line 680, in app
courier_service-1   |     await route.handle(scope, receive, send)
courier_service-1   |   File "/usr/local/lib/python3.11/site-packages/starlette/routing.py", line 276, in handle
courier_service-1   |     await self.app(scope, receive, send)
courier_service-1   |   File "/usr/local/lib/python3.11/site-packages/fastapi/routing.py", line 134, in app
courier_service-1   |     await wrap_app_handling_exceptions(app, request)(scope, receive, send)
courier_service-1   |   File "/usr/local/lib/python3.11/site-packages/starlette/_exception_handler.py", line 53, in wrapped_app
courier_service-1   |     raise exc
courier_service-1   |   File "/usr/local/lib/python3.11/site-packages/starlette/_exception_handler.py", line 42, in wrapped_app
courier_service-1   |     await app(scope, receive, sender)
courier_service-1   |   File "/usr/local/lib/python3.11/site-packages/fastapi/routing.py", line 120, in app
courier_service-1   |     response = await f(request)
courier_service-1   |                ^^^^^^^^^^^^^^^^
courier_service-1   |   File "/usr/local/lib/python3.11/site-packages/fastapi/routing.py", line 674, in app
courier_service-1   |     raw_response = await run_endpoint_function(
courier_service-1   |                    ^^^^^^^^^^^^^^^^^^^^^^^^^^^^
courier_service-1   |   File "/usr/local/lib/python3.11/site-packages/fastapi/routing.py", line 328, in run_endpoint_function
courier_service-1   |     return await dependant.call(**values)
courier_service-1   |            ^^^^^^^^^^^^^^^^^^^^^^^^^^^^^^
courier_service-1   |   File "/app/courier_service/routes.py", line 245, in list_couriers
courier_service-1   |     couriers = await service.get_all_couriers()
courier_service-1   |                ^^^^^^^^^^^^^^^^^^^^^^^^^^^^^^^^
courier_service-1   |   File "/app/courier_service/courier_service.py", line 370, in get_all_couriers
courier_service-1   |     result = await self.session.execute(select(Courier).execution_options(populate_existing=True))
courier_service-1   |              ^^^^^^^^^^^^^^^^^^^^^^^^^^^^^^^^^^^^^^^^^^^^^^^^^^^^^^^^^^^^^^^^^^^^^^^^^^^^^^^^^^^^^
courier_service-1   |   File "/usr/local/lib/python3.11/site-packages/sqlalchemy/ext/asyncio/session.py", line 449, in execute
courier_service-1   |     result = await greenlet_spawn(
courier_service-1   |              ^^^^^^^^^^^^^^^^^^^^^
courier_service-1   |   File "/usr/local/lib/python3.11/site-packages/sqlalchemy/util/_concurrency_py3k.py", line 201, in greenlet_spawn
courier_service-1   |     result = context.throw(*sys.exc_info())
courier_service-1   |              ^^^^^^^^^^^^^^^^^^^^^^^^^^^^^^
courier_service-1   |   File "/usr/local/lib/python3.11/site-packages/sqlalchemy/orm/session.py", line 2351, in execute
courier_service-1   |     return self._execute_internal(
courier_service-1   |            ^^^^^^^^^^^^^^^^^^^^^^^
courier_service-1   |   File "/usr/local/lib/python3.11/site-packages/sqlalchemy/orm/session.py", line 2239, in _execute_internal
courier_service-1   |     conn = self._connection_for_bind(bind)
courier_service-1   |            ^^^^^^^^^^^^^^^^^^^^^^^^^^^^^^^
courier_service-1   |   File "/usr/local/lib/python3.11/site-packages/sqlalchemy/orm/session.py", line 2108, in _connection_for_bind
courier_service-1   |     return trans._connection_for_bind(engine, execution_options)
courier_service-1   |            ^^^^^^^^^^^^^^^^^^^^^^^^^^^^^^^^^^^^^^^^^^^^^^^^^^^^^
courier_service-1   |   File "<string>", line 2, in _connection_for_bind
courier_service-1   |   File "/usr/local/lib/python3.11/site-packages/sqlalchemy/orm/state_changes.py", line 137, in _go
courier_service-1   |     ret_value = fn(self, *arg, **kw)
courier_service-1   |                 ^^^^^^^^^^^^^^^^^^^^
courier_service-1   |   File "/usr/local/lib/python3.11/site-packages/sqlalchemy/orm/session.py", line 1187, in _connection_for_bind
courier_service-1   |     conn = bind.connect()
courier_service-1   |            ^^^^^^^^^^^^^^
courier_service-1   |   File "/usr/local/lib/python3.11/site-packages/sqlalchemy/engine/base.py", line 3293, in connect
courier_service-1   |     return self._connection_cls(self)
courier_service-1   |            ^^^^^^^^^^^^^^^^^^^^^^^^^^
courier_service-1   |   File "/usr/local/lib/python3.11/site-packages/sqlalchemy/engine/base.py", line 143, in __init__
courier_service-1   |     self._dbapi_connection = engine.raw_connection()
courier_service-1   |                              ^^^^^^^^^^^^^^^^^^^^^^^
courier_service-1   |   File "/usr/local/lib/python3.11/site-packages/sqlalchemy/engine/base.py", line 3317, in raw_connection
courier_service-1   |     return self.pool.connect()
courier_service-1   |            ^^^^^^^^^^^^^^^^^^^
courier_service-1   |   File "/usr/local/lib/python3.11/site-packages/sqlalchemy/pool/base.py", line 448, in connect
courier_service-1   |     return _ConnectionFairy._checkout(self)
courier_service-1   |            ^^^^^^^^^^^^^^^^^^^^^^^^^^^^^^^^
courier_service-1   |   File "/usr/local/lib/python3.11/site-packages/sqlalchemy/pool/base.py", line 1371, in _checkout
courier_service-1   |     with util.safe_reraise():
courier_service-1   |   File "/usr/local/lib/python3.11/site-packages/sqlalchemy/util/langhelpers.py", line 121, in __exit__
courier_service-1   |     raise exc_value.with_traceback(exc_tb)
courier_service-1   |   File "/usr/local/lib/python3.11/site-packages/sqlalchemy/pool/base.py", line 1309, in _checkout
courier_service-1   |     result = pool._dialect._do_ping_w_event(
courier_service-1   |              ^^^^^^^^^^^^^^^^^^^^^^^^^^^^^^^
courier_service-1   |   File "/usr/local/lib/python3.11/site-packages/sqlalchemy/engine/default.py", line 729, in _do_ping_w_event
courier_service-1   |     return self.do_ping(dbapi_connection)
courier_service-1   |            ^^^^^^^^^^^^^^^^^^^^^^^^^^^^^^
courier_service-1   |   File "/usr/local/lib/python3.11/site-packages/sqlalchemy/dialects/postgresql/asyncpg.py", line 1160, in do_ping
courier_service-1   |     dbapi_connection.ping()
courier_service-1   |   File "/usr/local/lib/python3.11/site-packages/sqlalchemy/dialects/postgresql/asyncpg.py", line 818, in ping
courier_service-1   |     self._handle_exception(error)
courier_service-1   |   File "/usr/local/lib/python3.11/site-packages/sqlalchemy/dialects/postgresql/asyncpg.py", line 799, in _handle_exception
courier_service-1   |     raise error
courier_service-1   |   File "/usr/local/lib/python3.11/site-packages/sqlalchemy/dialects/postgresql/asyncpg.py", line 816, in ping
courier_service-1   |     _ = self.await_(self._async_ping())
courier_service-1   |         ^^^^^^^^^^^^^^^^^^^^^^^^^^^^^^^
courier_service-1   |   File "/usr/local/lib/python3.11/site-packages/sqlalchemy/util/_concurrency_py3k.py", line 132, in await_only
courier_service-1   |     return current.parent.switch(awaitable)  # type: ignore[no-any-return,attr-defined] # noqa: E501
courier_service-1   |            ^^^^^^^^^^^^^^^^^^^^^^^^^^^^^^^^
courier_service-1   |   File "/usr/local/lib/python3.11/site-packages/sqlalchemy/util/_concurrency_py3k.py", line 196, in greenlet_spawn
courier_service-1   |     value = await result
courier_service-1   |             ^^^^^^^^^^^^
courier_service-1   |   File "/usr/local/lib/python3.11/site-packages/sqlalchemy/dialects/postgresql/asyncpg.py", line 825, in _async_ping
courier_service-1   |     await tr.start()
courier_service-1   |   File "/usr/local/lib/python3.11/site-packages/asyncpg/transaction.py", line 146, in start
courier_service-1   |     await self._connection.execute(query)
courier_service-1   |   File "/usr/local/lib/python3.11/site-packages/asyncpg/connection.py", line 354, in execute
courier_service-1   |     result = await self._protocol.query(query, timeout)
courier_service-1   |              ^^^^^^^^^^^^^^^^^^^^^^^^^^^^^^^^^^^^^^^^^^
courier_service-1   |   File "asyncpg/protocol/protocol.pyx", line 369, in query
courier_service-1   | RuntimeError: Task <Task pending name='starlette.middleware.base.BaseHTTPMiddleware.__call__.<locals>.call_next.<locals>.coro' coro=<BaseHTTPMiddleware.__call__.<locals>.call_next.<locals>.coro() running at /usr/local/lib/python3.11/site-packages/starlette/middleware/base.py:144> cb=[TaskGroup._spawn.<locals>.task_done() at /usr/local/lib/python3.11/site-packages/anyio/_backends/_asyncio.py:821]> got Future <Future pending cb=[BaseProtocol._on_waiter_completed()]> attached to a different loop
courier_service-1   | Exception terminating connection <AdaptedConnection <asyncpg.connection.Connection object at 0x7f46bc4b93f0>>
courier_service-1   | Traceback (most recent call last):
courier_service-1   |   File "/usr/local/lib/python3.11/site-packages/sqlalchemy/pool/base.py", line 373, in _close_connection
courier_service-1   |     self._dialect.do_terminate(connection)
courier_service-1   |   File "/usr/local/lib/python3.11/site-packages/sqlalchemy/dialects/postgresql/asyncpg.py", line 1127, in do_terminate
courier_service-1   |     dbapi_connection.terminate()
courier_service-1   |   File "/usr/local/lib/python3.11/site-packages/sqlalchemy/connectors/asyncio.py", line 402, in terminate
courier_service-1   |     self.await_(asyncio.shield(self._terminate_graceful_close()))  # type: ignore[attr-defined] # noqa: E501
courier_service-1   |     ^^^^^^^^^^^^^^^^^^^^^^^^^^^^^^^^^^^^^^^^^^^^^^^^^^^^^^^^^^^^^
courier_service-1   |   File "/usr/local/lib/python3.11/site-packages/sqlalchemy/util/_concurrency_py3k.py", line 132, in await_only
courier_service-1   |     return current.parent.switch(awaitable)  # type: ignore[no-any-return,attr-defined] # noqa: E501
courier_service-1   |            ^^^^^^^^^^^^^^^^^^^^^^^^^^^^^^^^
courier_service-1   |   File "/usr/local/lib/python3.11/site-packages/sqlalchemy/util/_concurrency_py3k.py", line 196, in greenlet_spawn
courier_service-1   |     value = await result
courier_service-1   |             ^^^^^^^^^^^^
courier_service-1   |   File "/usr/local/lib/python3.11/site-packages/sqlalchemy/dialects/postgresql/asyncpg.py", line 912, in _terminate_graceful_close
courier_service-1   |     await self._connection.close(timeout=2)
courier_service-1   |   File "/usr/local/lib/python3.11/site-packages/asyncpg/connection.py", line 1513, in close
courier_service-1   |     await self._protocol.close(timeout)
courier_service-1   |   File "asyncpg/protocol/protocol.pyx", line 618, in close
courier_service-1   | RuntimeError: Task <Task pending name='Task-388' coro=<AsyncAdapt_asyncpg_connection._terminate_graceful_close() running at /usr/local/lib/python3.11/site-packages/sqlalchemy/dialects/postgresql/asyncpg.py:912> cb=[shield.<locals>._inner_done_callback() at /usr/local/lib/python3.11/asyncio/tasks.py:891]> got Future <Future pending> attached to a different loop
courier_service-1   | Ответ assign для заказа 20: 500 - {"detail":"Assignment error: 500: Failed to get couriers"}
courier_service-1   | Маршрут для заказа 19: 6 -> 21 = [6, 22, 21]
courier_service-1   | INFO:     172.18.0.6:43632 - "GET /api/couriers/ HTTP/1.1" 500 Internal Server Error
courier_service-1   | ERROR:    Exception in ASGI application
courier_service-1   | Traceback (most recent call last):
courier_service-1   |   File "/usr/local/lib/python3.11/site-packages/uvicorn/protocols/http/httptools_impl.py", line 421, in run_asgi
courier_service-1   |     result = await app(  # type: ignore[func-returns-value]
courier_service-1   |              ^^^^^^^^^^^^^^^^^^^^^^^^^^^^^^^^^^^^^^^^^^^^^^
courier_service-1   |   File "/usr/local/lib/python3.11/site-packages/uvicorn/middleware/proxy_headers.py", line 56, in __call__
courier_service-1   |     return await self.app(scope, receive, send)
courier_service-1   |            ^^^^^^^^^^^^^^^^^^^^^^^^^^^^^^^^^^^^
courier_service-1   |   File "/usr/local/lib/python3.11/site-packages/fastapi/applications.py", line 1159, in __call__
courier_service-1   |     await super().__call__(scope, receive, send)
courier_service-1   |   File "/usr/local/lib/python3.11/site-packages/starlette/applications.py", line 90, in __call__
courier_service-1   |     await self.middleware_stack(scope, receive, send)
courier_service-1   |   File "/usr/local/lib/python3.11/site-packages/starlette/middleware/errors.py", line 186, in __call__
courier_service-1   |     raise exc
courier_service-1   |   File "/usr/local/lib/python3.11/site-packages/starlette/middleware/errors.py", line 164, in __call__
courier_service-1   |     await self.app(scope, receive, _send)
courier_service-1   |   File "/usr/local/lib/python3.11/site-packages/starlette/middleware/base.py", line 191, in __call__
courier_service-1   |     with recv_stream, send_stream, collapse_excgroups():
courier_service-1   |   File "/usr/local/lib/python3.11/contextlib.py", line 158, in __exit__
courier_service-1   |     self.gen.throw(typ, value, traceback)
courier_service-1   |   File "/usr/local/lib/python3.11/site-packages/starlette/_utils.py", line 87, in collapse_excgroups
courier_service-1   |     raise exc
courier_service-1   |   File "/usr/local/lib/python3.11/site-packages/starlette/middleware/base.py", line 193, in __call__
courier_service-1   |     response = await self.dispatch_func(request, call_next)
courier_service-1   |                ^^^^^^^^^^^^^^^^^^^^^^^^^^^^^^^^^^^^^^^^^^^^
courier_service-1   |   File "/app/courier_service/main.py", line 137, in prometheus_middleware
courier_service-1   |     response = await call_next(request)
courier_service-1   |                ^^^^^^^^^^^^^^^^^^^^^^^^
courier_service-1   |   File "/usr/local/lib/python3.11/site-packages/starlette/middleware/base.py", line 168, in call_next
courier_service-1   |     raise app_exc from app_exc.__cause__ or app_exc.__context__
courier_service-1   |   File "/usr/local/lib/python3.11/site-packages/starlette/middleware/base.py", line 144, in coro
courier_service-1   |     await self.app(scope, receive_or_disconnect, send_no_error)
courier_service-1   |   File "/usr/local/lib/python3.11/site-packages/starlette/middleware/exceptions.py", line 63, in __call__
courier_service-1   |     await wrap_app_handling_exceptions(self.app, conn)(scope, receive, send)
courier_service-1   |   File "/usr/local/lib/python3.11/site-packages/starlette/_exception_handler.py", line 53, in wrapped_app
courier_service-1   |     raise exc
courier_service-1   |   File "/usr/local/lib/python3.11/site-packages/starlette/_exception_handler.py", line 42, in wrapped_app
courier_service-1   |     await app(scope, receive, sender)
courier_service-1   |   File "/usr/local/lib/python3.11/site-packages/fastapi/middleware/asyncexitstack.py", line 18, in __call__
courier_service-1   |     await self.app(scope, receive, send)
courier_service-1   |   File "/usr/local/lib/python3.11/site-packages/starlette/routing.py", line 660, in __call__
courier_service-1   |     await self.middleware_stack(scope, receive, send)
courier_service-1   |   File "/usr/local/lib/python3.11/site-packages/starlette/routing.py", line 680, in app
courier_service-1   |     await route.handle(scope, receive, send)
courier_service-1   |   File "/usr/local/lib/python3.11/site-packages/starlette/routing.py", line 276, in handle
courier_service-1   |     await self.app(scope, receive, send)
courier_service-1   |   File "/usr/local/lib/python3.11/site-packages/fastapi/routing.py", line 134, in app
courier_service-1   |     await wrap_app_handling_exceptions(app, request)(scope, receive, send)
courier_service-1   |   File "/usr/local/lib/python3.11/site-packages/starlette/_exception_handler.py", line 53, in wrapped_app
courier_service-1   |     raise exc
courier_service-1   |   File "/usr/local/lib/python3.11/site-packages/starlette/_exception_handler.py", line 42, in wrapped_app
courier_service-1   |     await app(scope, receive, sender)
courier_service-1   |   File "/usr/local/lib/python3.11/site-packages/fastapi/routing.py", line 120, in app
courier_service-1   |     response = await f(request)
courier_service-1   |                ^^^^^^^^^^^^^^^^
courier_service-1   |   File "/usr/local/lib/python3.11/site-packages/fastapi/routing.py", line 674, in app
courier_service-1   |     raw_response = await run_endpoint_function(
courier_service-1   |                    ^^^^^^^^^^^^^^^^^^^^^^^^^^^^
courier_service-1   |   File "/usr/local/lib/python3.11/site-packages/fastapi/routing.py", line 328, in run_endpoint_function
courier_service-1   |     return await dependant.call(**values)
courier_service-1   |            ^^^^^^^^^^^^^^^^^^^^^^^^^^^^^^
courier_service-1   |   File "/app/courier_service/routes.py", line 245, in list_couriers
courier_service-1   |     couriers = await service.get_all_couriers()
courier_service-1   |                ^^^^^^^^^^^^^^^^^^^^^^^^^^^^^^^^
courier_service-1   |   File "/app/courier_service/courier_service.py", line 370, in get_all_couriers
courier_service-1   |     result = await self.session.execute(select(Courier).execution_options(populate_existing=True))
courier_service-1   |              ^^^^^^^^^^^^^^^^^^^^^^^^^^^^^^^^^^^^^^^^^^^^^^^^^^^^^^^^^^^^^^^^^^^^^^^^^^^^^^^^^^^^^
courier_service-1   |   File "/usr/local/lib/python3.11/site-packages/sqlalchemy/ext/asyncio/session.py", line 449, in execute
courier_service-1   |     result = await greenlet_spawn(
courier_service-1   |              ^^^^^^^^^^^^^^^^^^^^^
courier_service-1   |   File "/usr/local/lib/python3.11/site-packages/sqlalchemy/util/_concurrency_py3k.py", line 201, in greenlet_spawn
courier_service-1   |     result = context.throw(*sys.exc_info())
courier_service-1   |              ^^^^^^^^^^^^^^^^^^^^^^^^^^^^^^
courier_service-1   |   File "/usr/local/lib/python3.11/site-packages/sqlalchemy/orm/session.py", line 2351, in execute
courier_service-1   |     return self._execute_internal(
courier_service-1   |            ^^^^^^^^^^^^^^^^^^^^^^^
courier_service-1   |   File "/usr/local/lib/python3.11/site-packages/sqlalchemy/orm/session.py", line 2239, in _execute_internal
courier_service-1   |     conn = self._connection_for_bind(bind)
courier_service-1   |            ^^^^^^^^^^^^^^^^^^^^^^^^^^^^^^^
courier_service-1   |   File "/usr/local/lib/python3.11/site-packages/sqlalchemy/orm/session.py", line 2108, in _connection_for_bind
courier_service-1   |     return trans._connection_for_bind(engine, execution_options)
courier_service-1   |            ^^^^^^^^^^^^^^^^^^^^^^^^^^^^^^^^^^^^^^^^^^^^^^^^^^^^^
courier_service-1   |   File "<string>", line 2, in _connection_for_bind
courier_service-1   |   File "/usr/local/lib/python3.11/site-packages/sqlalchemy/orm/state_changes.py", line 137, in _go
courier_service-1   |     ret_value = fn(self, *arg, **kw)
courier_service-1   |                 ^^^^^^^^^^^^^^^^^^^^
courier_service-1   |   File "/usr/local/lib/python3.11/site-packages/sqlalchemy/orm/session.py", line 1187, in _connection_for_bind
courier_service-1   |     conn = bind.connect()
courier_service-1   |            ^^^^^^^^^^^^^^
courier_service-1   |   File "/usr/local/lib/python3.11/site-packages/sqlalchemy/engine/base.py", line 3293, in connect
courier_service-1   |     return self._connection_cls(self)
courier_service-1   |            ^^^^^^^^^^^^^^^^^^^^^^^^^^
courier_service-1   |   File "/usr/local/lib/python3.11/site-packages/sqlalchemy/engine/base.py", line 143, in __init__
courier_service-1   |     self._dbapi_connection = engine.raw_connection()
courier_service-1   |                              ^^^^^^^^^^^^^^^^^^^^^^^
courier_service-1   |   File "/usr/local/lib/python3.11/site-packages/sqlalchemy/engine/base.py", line 3317, in raw_connection
courier_service-1   |     return self.pool.connect()
courier_service-1   |            ^^^^^^^^^^^^^^^^^^^
courier_service-1   |   File "/usr/local/lib/python3.11/site-packages/sqlalchemy/pool/base.py", line 448, in connect
courier_service-1   |     return _ConnectionFairy._checkout(self)
courier_service-1   |            ^^^^^^^^^^^^^^^^^^^^^^^^^^^^^^^^
courier_service-1   |   File "/usr/local/lib/python3.11/site-packages/sqlalchemy/pool/base.py", line 1371, in _checkout
courier_service-1   |     with util.safe_reraise():
courier_service-1   |   File "/usr/local/lib/python3.11/site-packages/sqlalchemy/util/langhelpers.py", line 121, in __exit__
courier_service-1   |     raise exc_value.with_traceback(exc_tb)
courier_service-1   |   File "/usr/local/lib/python3.11/site-packages/sqlalchemy/pool/base.py", line 1309, in _checkout
courier_service-1   |     result = pool._dialect._do_ping_w_event(
courier_service-1   |              ^^^^^^^^^^^^^^^^^^^^^^^^^^^^^^^
courier_service-1   |   File "/usr/local/lib/python3.11/site-packages/sqlalchemy/engine/default.py", line 729, in _do_ping_w_event
courier_service-1   |     return self.do_ping(dbapi_connection)
courier_service-1   |            ^^^^^^^^^^^^^^^^^^^^^^^^^^^^^^
courier_service-1   |   File "/usr/local/lib/python3.11/site-packages/sqlalchemy/dialects/postgresql/asyncpg.py", line 1160, in do_ping
courier_service-1   |     dbapi_connection.ping()
courier_service-1   |   File "/usr/local/lib/python3.11/site-packages/sqlalchemy/dialects/postgresql/asyncpg.py", line 818, in ping
courier_service-1   |     self._handle_exception(error)
courier_service-1   |   File "/usr/local/lib/python3.11/site-packages/sqlalchemy/dialects/postgresql/asyncpg.py", line 799, in _handle_exception
courier_service-1   |     raise error
courier_service-1   |   File "/usr/local/lib/python3.11/site-packages/sqlalchemy/dialects/postgresql/asyncpg.py", line 816, in ping
courier_service-1   |     _ = self.await_(self._async_ping())
courier_service-1   |         ^^^^^^^^^^^^^^^^^^^^^^^^^^^^^^^
courier_service-1   |   File "/usr/local/lib/python3.11/site-packages/sqlalchemy/util/_concurrency_py3k.py", line 132, in await_only
courier_service-1   |     return current.parent.switch(awaitable)  # type: ignore[no-any-return,attr-defined] # noqa: E501
courier_service-1   |            ^^^^^^^^^^^^^^^^^^^^^^^^^^^^^^^^
courier_service-1   |   File "/usr/local/lib/python3.11/site-packages/sqlalchemy/util/_concurrency_py3k.py", line 196, in greenlet_spawn
courier_service-1   |     value = await result
courier_service-1   |             ^^^^^^^^^^^^
courier_service-1   |   File "/usr/local/lib/python3.11/site-packages/sqlalchemy/dialects/postgresql/asyncpg.py", line 825, in _async_ping
courier_service-1   |     await tr.start()
courier_service-1   |   File "/usr/local/lib/python3.11/site-packages/asyncpg/transaction.py", line 146, in start
courier_service-1   |     await self._connection.execute(query)
courier_service-1   |   File "/usr/local/lib/python3.11/site-packages/asyncpg/connection.py", line 354, in execute
courier_service-1   |     result = await self._protocol.query(query, timeout)
courier_service-1   |              ^^^^^^^^^^^^^^^^^^^^^^^^^^^^^^^^^^^^^^^^^^
courier_service-1   |   File "asyncpg/protocol/protocol.pyx", line 369, in query
courier_service-1   | RuntimeError: Task <Task pending name='starlette.middleware.base.BaseHTTPMiddleware.__call__.<locals>.call_next.<locals>.coro' coro=<BaseHTTPMiddleware.__call__.<locals>.call_next.<locals>.coro() running at /usr/local/lib/python3.11/site-packages/starlette/middleware/base.py:144> cb=[TaskGroup._spawn.<locals>.task_done() at /usr/local/lib/python3.11/site-packages/anyio/_backends/_asyncio.py:821]> got Future <Future pending cb=[BaseProtocol._on_waiter_completed()]> attached to a different loop
courier_service-1   | Exception terminating connection <AdaptedConnection <asyncpg.connection.Connection object at 0x7f46bc4bbb50>>
courier_service-1   | Traceback (most recent call last):
courier_service-1   |   File "/usr/local/lib/python3.11/site-packages/sqlalchemy/pool/base.py", line 373, in _close_connection
courier_service-1   |     self._dialect.do_terminate(connection)
courier_service-1   |   File "/usr/local/lib/python3.11/site-packages/sqlalchemy/dialects/postgresql/asyncpg.py", line 1127, in do_terminate
courier_service-1   |     dbapi_connection.terminate()
courier_service-1   |   File "/usr/local/lib/python3.11/site-packages/sqlalchemy/connectors/asyncio.py", line 402, in terminate
courier_service-1   |     self.await_(asyncio.shield(self._terminate_graceful_close()))  # type: ignore[attr-defined] # noqa: E501
courier_service-1   |     ^^^^^^^^^^^^^^^^^^^^^^^^^^^^^^^^^^^^^^^^^^^^^^^^^^^^^^^^^^^^^
courier_service-1   |   File "/usr/local/lib/python3.11/site-packages/sqlalchemy/util/_concurrency_py3k.py", line 132, in await_only
courier_service-1   |     return current.parent.switch(awaitable)  # type: ignore[no-any-return,attr-defined] # noqa: E501
courier_service-1   |            ^^^^^^^^^^^^^^^^^^^^^^^^^^^^^^^^
courier_service-1   |   File "/usr/local/lib/python3.11/site-packages/sqlalchemy/util/_concurrency_py3k.py", line 196, in greenlet_spawn
courier_service-1   |     value = await result
courier_service-1   |             ^^^^^^^^^^^^
courier_service-1   |   File "/usr/local/lib/python3.11/site-packages/sqlalchemy/dialects/postgresql/asyncpg.py", line 912, in _terminate_graceful_close
courier_service-1   |     await self._connection.close(timeout=2)
courier_service-1   |   File "/usr/local/lib/python3.11/site-packages/asyncpg/connection.py", line 1513, in close
courier_service-1   |     await self._protocol.close(timeout)
courier_service-1   |   File "asyncpg/protocol/protocol.pyx", line 618, in close
courier_service-1   | RuntimeError: Task <Task pending name='Task-393' coro=<AsyncAdapt_asyncpg_connection._terminate_graceful_close() running at /usr/local/lib/python3.11/site-packages/sqlalchemy/dialects/postgresql/asyncpg.py:912> cb=[shield.<locals>._inner_done_callback() at /usr/local/lib/python3.11/asyncio/tasks.py:891]> got Future <Future pending> attached to a different loop
courier_service-1   | Ответ assign для заказа 19: 500 - {"detail":"Assignment error: 500: Failed to get couriers"}
courier_service-1   | Маршрут для заказа 18: 39 -> 48 = [39, 42, 40, 24, 46, 38, 48]
courier_service-1   | INFO:     172.18.0.6:43634 - "GET /api/couriers/ HTTP/1.1" 500 Internal Server Error
courier_service-1   | ERROR:    Exception in ASGI application
courier_service-1   | Traceback (most recent call last):
courier_service-1   |   File "/usr/local/lib/python3.11/site-packages/uvicorn/protocols/http/httptools_impl.py", line 421, in run_asgi
courier_service-1   |     result = await app(  # type: ignore[func-returns-value]
courier_service-1   |              ^^^^^^^^^^^^^^^^^^^^^^^^^^^^^^^^^^^^^^^^^^^^^^
courier_service-1   |   File "/usr/local/lib/python3.11/site-packages/uvicorn/middleware/proxy_headers.py", line 56, in __call__
courier_service-1   |     return await self.app(scope, receive, send)
courier_service-1   |            ^^^^^^^^^^^^^^^^^^^^^^^^^^^^^^^^^^^^
courier_service-1   |   File "/usr/local/lib/python3.11/site-packages/fastapi/applications.py", line 1159, in __call__
courier_service-1   |     await super().__call__(scope, receive, send)
courier_service-1   |   File "/usr/local/lib/python3.11/site-packages/starlette/applications.py", line 90, in __call__
courier_service-1   |     await self.middleware_stack(scope, receive, send)
courier_service-1   |   File "/usr/local/lib/python3.11/site-packages/starlette/middleware/errors.py", line 186, in __call__
courier_service-1   |     raise exc
courier_service-1   |   File "/usr/local/lib/python3.11/site-packages/starlette/middleware/errors.py", line 164, in __call__
courier_service-1   |     await self.app(scope, receive, _send)
courier_service-1   |   File "/usr/local/lib/python3.11/site-packages/starlette/middleware/base.py", line 191, in __call__
courier_service-1   |     with recv_stream, send_stream, collapse_excgroups():
courier_service-1   |   File "/usr/local/lib/python3.11/contextlib.py", line 158, in __exit__
courier_service-1   |     self.gen.throw(typ, value, traceback)
courier_service-1   |   File "/usr/local/lib/python3.11/site-packages/starlette/_utils.py", line 87, in collapse_excgroups
courier_service-1   |     raise exc
courier_service-1   |   File "/usr/local/lib/python3.11/site-packages/starlette/middleware/base.py", line 193, in __call__
courier_service-1   |     response = await self.dispatch_func(request, call_next)
courier_service-1   |                ^^^^^^^^^^^^^^^^^^^^^^^^^^^^^^^^^^^^^^^^^^^^
courier_service-1   |   File "/app/courier_service/main.py", line 137, in prometheus_middleware
courier_service-1   |     response = await call_next(request)
courier_service-1   |                ^^^^^^^^^^^^^^^^^^^^^^^^
courier_service-1   |   File "/usr/local/lib/python3.11/site-packages/starlette/middleware/base.py", line 168, in call_next
courier_service-1   |     raise app_exc from app_exc.__cause__ or app_exc.__context__
courier_service-1   |   File "/usr/local/lib/python3.11/site-packages/starlette/middleware/base.py", line 144, in coro
courier_service-1   |     await self.app(scope, receive_or_disconnect, send_no_error)
courier_service-1   |   File "/usr/local/lib/python3.11/site-packages/starlette/middleware/exceptions.py", line 63, in __call__
courier_service-1   |     await wrap_app_handling_exceptions(self.app, conn)(scope, receive, send)
courier_service-1   |   File "/usr/local/lib/python3.11/site-packages/starlette/_exception_handler.py", line 53, in wrapped_app
courier_service-1   |     raise exc
courier_service-1   |   File "/usr/local/lib/python3.11/site-packages/starlette/_exception_handler.py", line 42, in wrapped_app
courier_service-1   |     await app(scope, receive, sender)
courier_service-1   |   File "/usr/local/lib/python3.11/site-packages/fastapi/middleware/asyncexitstack.py", line 18, in __call__
courier_service-1   |     await self.app(scope, receive, send)
courier_service-1   |   File "/usr/local/lib/python3.11/site-packages/starlette/routing.py", line 660, in __call__
courier_service-1   |     await self.middleware_stack(scope, receive, send)
courier_service-1   |   File "/usr/local/lib/python3.11/site-packages/starlette/routing.py", line 680, in app
courier_service-1   |     await route.handle(scope, receive, send)
courier_service-1   |   File "/usr/local/lib/python3.11/site-packages/starlette/routing.py", line 276, in handle
courier_service-1   |     await self.app(scope, receive, send)
courier_service-1   |   File "/usr/local/lib/python3.11/site-packages/fastapi/routing.py", line 134, in app
courier_service-1   |     await wrap_app_handling_exceptions(app, request)(scope, receive, send)
courier_service-1   |   File "/usr/local/lib/python3.11/site-packages/starlette/_exception_handler.py", line 53, in wrapped_app
courier_service-1   |     raise exc
courier_service-1   |   File "/usr/local/lib/python3.11/site-packages/starlette/_exception_handler.py", line 42, in wrapped_app
courier_service-1   |     await app(scope, receive, sender)
courier_service-1   |   File "/usr/local/lib/python3.11/site-packages/fastapi/routing.py", line 120, in app
courier_service-1   |     response = await f(request)
courier_service-1   |                ^^^^^^^^^^^^^^^^
courier_service-1   |   File "/usr/local/lib/python3.11/site-packages/fastapi/routing.py", line 674, in app
courier_service-1   |     raw_response = await run_endpoint_function(
courier_service-1   |                    ^^^^^^^^^^^^^^^^^^^^^^^^^^^^
courier_service-1   |   File "/usr/local/lib/python3.11/site-packages/fastapi/routing.py", line 328, in run_endpoint_function
courier_service-1   |     return await dependant.call(**values)
courier_service-1   |            ^^^^^^^^^^^^^^^^^^^^^^^^^^^^^^
courier_service-1   |   File "/app/courier_service/routes.py", line 245, in list_couriers
courier_service-1   |     couriers = await service.get_all_couriers()
courier_service-1   |                ^^^^^^^^^^^^^^^^^^^^^^^^^^^^^^^^
courier_service-1   |   File "/app/courier_service/courier_service.py", line 370, in get_all_couriers
courier_service-1   |     result = await self.session.execute(select(Courier).execution_options(populate_existing=True))
courier_service-1   |              ^^^^^^^^^^^^^^^^^^^^^^^^^^^^^^^^^^^^^^^^^^^^^^^^^^^^^^^^^^^^^^^^^^^^^^^^^^^^^^^^^^^^^
courier_service-1   |   File "/usr/local/lib/python3.11/site-packages/sqlalchemy/ext/asyncio/session.py", line 449, in execute
courier_service-1   |     result = await greenlet_spawn(
courier_service-1   |              ^^^^^^^^^^^^^^^^^^^^^
courier_service-1   |   File "/usr/local/lib/python3.11/site-packages/sqlalchemy/util/_concurrency_py3k.py", line 201, in greenlet_spawn
courier_service-1   |     result = context.throw(*sys.exc_info())
courier_service-1   |              ^^^^^^^^^^^^^^^^^^^^^^^^^^^^^^
courier_service-1   |   File "/usr/local/lib/python3.11/site-packages/sqlalchemy/orm/session.py", line 2351, in execute
courier_service-1   |     return self._execute_internal(
courier_service-1   |            ^^^^^^^^^^^^^^^^^^^^^^^
courier_service-1   |   File "/usr/local/lib/python3.11/site-packages/sqlalchemy/orm/session.py", line 2239, in _execute_internal
courier_service-1   |     conn = self._connection_for_bind(bind)
courier_service-1   |            ^^^^^^^^^^^^^^^^^^^^^^^^^^^^^^^
courier_service-1   |   File "/usr/local/lib/python3.11/site-packages/sqlalchemy/orm/session.py", line 2108, in _connection_for_bind
courier_service-1   |     return trans._connection_for_bind(engine, execution_options)
courier_service-1   |            ^^^^^^^^^^^^^^^^^^^^^^^^^^^^^^^^^^^^^^^^^^^^^^^^^^^^^
courier_service-1   |   File "<string>", line 2, in _connection_for_bind
courier_service-1   |   File "/usr/local/lib/python3.11/site-packages/sqlalchemy/orm/state_changes.py", line 137, in _go
courier_service-1   |     ret_value = fn(self, *arg, **kw)
courier_service-1   |                 ^^^^^^^^^^^^^^^^^^^^
courier_service-1   |   File "/usr/local/lib/python3.11/site-packages/sqlalchemy/orm/session.py", line 1187, in _connection_for_bind
courier_service-1   |     conn = bind.connect()
courier_service-1   |            ^^^^^^^^^^^^^^
courier_service-1   |   File "/usr/local/lib/python3.11/site-packages/sqlalchemy/engine/base.py", line 3293, in connect
courier_service-1   |     return self._connection_cls(self)
courier_service-1   |            ^^^^^^^^^^^^^^^^^^^^^^^^^^
courier_service-1   |   File "/usr/local/lib/python3.11/site-packages/sqlalchemy/engine/base.py", line 143, in __init__
courier_service-1   |     self._dbapi_connection = engine.raw_connection()
courier_service-1   |                              ^^^^^^^^^^^^^^^^^^^^^^^
courier_service-1   |   File "/usr/local/lib/python3.11/site-packages/sqlalchemy/engine/base.py", line 3317, in raw_connection
courier_service-1   |     return self.pool.connect()
courier_service-1   |            ^^^^^^^^^^^^^^^^^^^
courier_service-1   |   File "/usr/local/lib/python3.11/site-packages/sqlalchemy/pool/base.py", line 448, in connect
courier_service-1   |     return _ConnectionFairy._checkout(self)
courier_service-1   |            ^^^^^^^^^^^^^^^^^^^^^^^^^^^^^^^^
courier_service-1   |   File "/usr/local/lib/python3.11/site-packages/sqlalchemy/pool/base.py", line 1371, in _checkout
courier_service-1   |     with util.safe_reraise():
courier_service-1   |   File "/usr/local/lib/python3.11/site-packages/sqlalchemy/util/langhelpers.py", line 121, in __exit__
courier_service-1   |     raise exc_value.with_traceback(exc_tb)
courier_service-1   |   File "/usr/local/lib/python3.11/site-packages/sqlalchemy/pool/base.py", line 1309, in _checkout
courier_service-1   |     result = pool._dialect._do_ping_w_event(
courier_service-1   |              ^^^^^^^^^^^^^^^^^^^^^^^^^^^^^^^
courier_service-1   |   File "/usr/local/lib/python3.11/site-packages/sqlalchemy/engine/default.py", line 729, in _do_ping_w_event
courier_service-1   |     return self.do_ping(dbapi_connection)
courier_service-1   |            ^^^^^^^^^^^^^^^^^^^^^^^^^^^^^^
courier_service-1   |   File "/usr/local/lib/python3.11/site-packages/sqlalchemy/dialects/postgresql/asyncpg.py", line 1160, in do_ping
courier_service-1   |     dbapi_connection.ping()
courier_service-1   |   File "/usr/local/lib/python3.11/site-packages/sqlalchemy/dialects/postgresql/asyncpg.py", line 818, in ping
courier_service-1   |     self._handle_exception(error)
courier_service-1   |   File "/usr/local/lib/python3.11/site-packages/sqlalchemy/dialects/postgresql/asyncpg.py", line 799, in _handle_exception
courier_service-1   |     raise error
courier_service-1   |   File "/usr/local/lib/python3.11/site-packages/sqlalchemy/dialects/postgresql/asyncpg.py", line 816, in ping
courier_service-1   |     _ = self.await_(self._async_ping())
courier_service-1   |         ^^^^^^^^^^^^^^^^^^^^^^^^^^^^^^^
courier_service-1   |   File "/usr/local/lib/python3.11/site-packages/sqlalchemy/util/_concurrency_py3k.py", line 132, in await_only
courier_service-1   |     return current.parent.switch(awaitable)  # type: ignore[no-any-return,attr-defined] # noqa: E501
courier_service-1   |            ^^^^^^^^^^^^^^^^^^^^^^^^^^^^^^^^
courier_service-1   |   File "/usr/local/lib/python3.11/site-packages/sqlalchemy/util/_concurrency_py3k.py", line 196, in greenlet_spawn
courier_service-1   |     value = await result
courier_service-1   |             ^^^^^^^^^^^^
courier_service-1   |   File "/usr/local/lib/python3.11/site-packages/sqlalchemy/dialects/postgresql/asyncpg.py", line 825, in _async_ping
courier_service-1   |     await tr.start()
courier_service-1   |   File "/usr/local/lib/python3.11/site-packages/asyncpg/transaction.py", line 146, in start
courier_service-1   |     await self._connection.execute(query)
courier_service-1   |   File "/usr/local/lib/python3.11/site-packages/asyncpg/connection.py", line 354, in execute
courier_service-1   |     result = await self._protocol.query(query, timeout)
courier_service-1   |              ^^^^^^^^^^^^^^^^^^^^^^^^^^^^^^^^^^^^^^^^^^
courier_service-1   |   File "asyncpg/protocol/protocol.pyx", line 369, in query
courier_service-1   | RuntimeError: Task <Task pending name='starlette.middleware.base.BaseHTTPMiddleware.__call__.<locals>.call_next.<locals>.coro' coro=<BaseHTTPMiddleware.__call__.<locals>.call_next.<locals>.coro() running at /usr/local/lib/python3.11/site-packages/starlette/middleware/base.py:144> cb=[TaskGroup._spawn.<locals>.task_done() at /usr/local/lib/python3.11/site-packages/anyio/_backends/_asyncio.py:821]> got Future <Future pending cb=[BaseProtocol._on_waiter_completed()]> attached to a different loop
courier_service-1   | Ответ assign для заказа 18: 500 - {"detail":"Assignment error: 500: Failed to get couriers"}
courier_service-1   | Маршрут для заказа 17: 22 -> 25 = [22, 1, 25]
courier_service-1   | INFO:     172.18.0.6:43648 - "GET /api/couriers/ HTTP/1.1" 200 OK
courier_service-1   | Ответ assign для заказа 17: 200 - {"status":"no_couriers_available"}
courier_service-1   | Маршрут для заказа 16: 5 -> 2 = [5, 29, 34, 42, 40, 24, 7, 2]
courier_service-1   | INFO:     172.18.0.6:43650 - "GET /api/couriers/ HTTP/1.1" 200 OK
courier_service-1   | Ответ assign для заказа 16: 200 - {"status":"no_couriers_available"}
courier_service-1   | Маршрут для заказа 15: 38 -> 29 = [38, 46, 24, 40, 42, 34, 29]
courier_service-1   | INFO:     172.18.0.6:43662 - "GET /api/couriers/ HTTP/1.1" 200 OK
courier_service-1   | Ответ assign для заказа 15: 200 - {"status":"no_couriers_available"}
courier_service-1   | Маршрут для заказа 14: 21 -> 6 = [21, 22, 6]
courier_service-1   | INFO:     172.18.0.6:43672 - "GET /api/couriers/ HTTP/1.1" 200 OK
courier_service-1   | Exception terminating connection <AdaptedConnection <asyncpg.connection.Connection object at 0x7f46bf7c9c60>>
courier_service-1   | Traceback (most recent call last):
courier_service-1   |   File "/usr/local/lib/python3.11/site-packages/sqlalchemy/pool/base.py", line 373, in _close_connection
courier_service-1   |     self._dialect.do_terminate(connection)
courier_service-1   |   File "/usr/local/lib/python3.11/site-packages/sqlalchemy/dialects/postgresql/asyncpg.py", line 1127, in do_terminate
courier_service-1   |     dbapi_connection.terminate()
courier_service-1   |   File "/usr/local/lib/python3.11/site-packages/sqlalchemy/connectors/asyncio.py", line 402, in terminate
courier_service-1   |     self.await_(asyncio.shield(self._terminate_graceful_close()))  # type: ignore[attr-defined] # noqa: E501
courier_service-1   |     ^^^^^^^^^^^^^^^^^^^^^^^^^^^^^^^^^^^^^^^^^^^^^^^^^^^^^^^^^^^^^
courier_service-1   |   File "/usr/local/lib/python3.11/site-packages/sqlalchemy/util/_concurrency_py3k.py", line 132, in await_only
courier_service-1   |     return current.parent.switch(awaitable)  # type: ignore[no-any-return,attr-defined] # noqa: E501
courier_service-1   |            ^^^^^^^^^^^^^^^^^^^^^^^^^^^^^^^^
courier_service-1   |   File "/usr/local/lib/python3.11/site-packages/sqlalchemy/util/_concurrency_py3k.py", line 196, in greenlet_spawn
courier_service-1   |     value = await result
courier_service-1   |             ^^^^^^^^^^^^
courier_service-1   |   File "/usr/local/lib/python3.11/site-packages/sqlalchemy/dialects/postgresql/asyncpg.py", line 912, in _terminate_graceful_close
courier_service-1   |     await self._connection.close(timeout=2)
courier_service-1   |   File "/usr/local/lib/python3.11/site-packages/asyncpg/connection.py", line 1513, in close
courier_service-1   |     await self._protocol.close(timeout)
courier_service-1   |   File "asyncpg/protocol/protocol.pyx", line 618, in close
courier_service-1   | RuntimeError: Task <Task pending name='Task-412' coro=<AsyncAdapt_asyncpg_connection._terminate_graceful_close() running at /usr/local/lib/python3.11/site-packages/sqlalchemy/dialects/postgresql/asyncpg.py:912> cb=[shield.<locals>._inner_done_callback() at /usr/local/lib/python3.11/asyncio/tasks.py:891]> got Future <Future pending> attached to a different loop
courier_service-1   | Future exception was never retrieved
courier_service-1   | future: <Future finished exception=InternalClientError('got result for unknown protocol state 3')>
courier_service-1   | Traceback (most recent call last):
courier_service-1   |   File "asyncpg/protocol/protocol.pyx", line 892, in asyncpg.protocol.protocol.BaseProtocol._dispatch_result
courier_service-1   | asyncpg.exceptions._base.InternalClientError: got result for unknown protocol state 3
courier_service-1   | Ответ assign для заказа 14: 200 - {"status":"no_couriers_available"}
courier_service-1   | Маршрут для заказа 13: 4 -> 33 = [4, 33]
courier_service-1   | [CourierEmulator] move error for courier 1: Task <Task pending name='Task-411' coro=<CourierEmulator._move_along_route() running at /app/courier_service/courier_service.py:139> cb=[_run_until_complete_cb() at /usr/local/lib/python3.11/asyncio/base_events.py:181]> got Future <Future pending cb=[BaseProtocol._on_waiter_completed()]> attached to a different loop
courier_service-1   | INFO:     172.18.0.6:43688 - "GET /api/couriers/ HTTP/1.1" 200 OK
courier_service-1   | Ответ assign для заказа 13: 200 - {"status":"no_couriers_available"}
courier_service-1   | Маршрут для заказа 12: 37 -> 10 = [37, 7, 2, 10]
courier_service-1   | INFO:     172.18.0.6:43692 - "GET /api/couriers/ HTTP/1.1" 200 OK
courier_service-1   | Exception terminating connection <AdaptedConnection <asyncpg.connection.Connection object at 0x7f46bf7c93f0>>
courier_service-1   | Traceback (most recent call last):
courier_service-1   |   File "/usr/local/lib/python3.11/site-packages/sqlalchemy/pool/base.py", line 373, in _close_connection
courier_service-1   |     self._dialect.do_terminate(connection)
courier_service-1   |   File "/usr/local/lib/python3.11/site-packages/sqlalchemy/dialects/postgresql/asyncpg.py", line 1127, in do_terminate
courier_service-1   |     dbapi_connection.terminate()
courier_service-1   |   File "/usr/local/lib/python3.11/site-packages/sqlalchemy/connectors/asyncio.py", line 402, in terminate
courier_service-1   |     self.await_(asyncio.shield(self._terminate_graceful_close()))  # type: ignore[attr-defined] # noqa: E501
courier_service-1   |     ^^^^^^^^^^^^^^^^^^^^^^^^^^^^^^^^^^^^^^^^^^^^^^^^^^^^^^^^^^^^^
courier_service-1   |   File "/usr/local/lib/python3.11/site-packages/sqlalchemy/util/_concurrency_py3k.py", line 132, in await_only
courier_service-1   |     return current.parent.switch(awaitable)  # type: ignore[no-any-return,attr-defined] # noqa: E501
courier_service-1   |            ^^^^^^^^^^^^^^^^^^^^^^^^^^^^^^^^
courier_service-1   |   File "/usr/local/lib/python3.11/site-packages/sqlalchemy/util/_concurrency_py3k.py", line 196, in greenlet_spawn
courier_service-1   |     value = await result
courier_service-1   |             ^^^^^^^^^^^^
courier_service-1   |   File "/usr/local/lib/python3.11/site-packages/sqlalchemy/dialects/postgresql/asyncpg.py", line 912, in _terminate_graceful_close
courier_service-1   |     await self._connection.close(timeout=2)
courier_service-1   |   File "/usr/local/lib/python3.11/site-packages/asyncpg/connection.py", line 1513, in close
courier_service-1   |     await self._protocol.close(timeout)
courier_service-1   |   File "asyncpg/protocol/protocol.pyx", line 618, in close
courier_service-1   | RuntimeError: Task <Task pending name='Task-425' coro=<AsyncAdapt_asyncpg_connection._terminate_graceful_close() running at /usr/local/lib/python3.11/site-packages/sqlalchemy/dialects/postgresql/asyncpg.py:912> cb=[shield.<locals>._inner_done_callback() at /usr/local/lib/python3.11/asyncio/tasks.py:891]> got Future <Future pending> attached to a different loop
courier_service-1   | Future exception was never retrieved
courier_service-1   | future: <Future finished exception=InternalClientError('got result for unknown protocol state 3')>
courier_service-1   | Traceback (most recent call last):
courier_service-1   |   File "asyncpg/protocol/protocol.pyx", line 892, in asyncpg.protocol.protocol.BaseProtocol._dispatch_result
courier_service-1   | asyncpg.exceptions._base.InternalClientError: got result for unknown protocol state 3
courier_service-1   | Ответ assign для заказа 12: 200 - {"status":"no_couriers_available"}
courier_service-1   | Маршрут для заказа 11: 20 -> 37 = [20, 37]
courier_service-1   | [CourierEmulator] move error for courier 2: Task <Task pending name='Task-424' coro=<CourierEmulator._move_along_route() running at /app/courier_service/courier_service.py:139> cb=[_run_until_complete_cb() at /usr/local/lib/python3.11/asyncio/base_events.py:181]> got Future <Future pending cb=[BaseProtocol._on_waiter_completed()]> attached to a different loop
courier_service-1   | INFO:     172.18.0.6:43704 - "GET /api/couriers/ HTTP/1.1" 200 OK
courier_service-1   | Ответ assign для заказа 11: 200 - {"status":"no_couriers_available"}
courier_service-1   | Маршрут для заказа 10: 3 -> 14 = [3, 14]
courier_service-1   | INFO:     172.18.0.6:43716 - "GET /api/couriers/ HTTP/1.1" 200 OK
courier_service-1   | Ответ assign для заказа 10: 200 - {"status":"no_couriers_available"}
courier_service-1   | Маршрут для заказа 9: 36 -> 41 = [36, 41]
courier_service-1   | INFO:     172.18.0.6:43728 - "GET /api/couriers/ HTTP/1.1" 200 OK
courier_service-1   | Ответ assign для заказа 9: 200 - {"status":"no_couriers_available"}
courier_service-1   | Маршрут для заказа 8: 19 -> 18 = [19, 18]
courier_service-1   | INFO:     172.18.0.6:43740 - "GET /api/couriers/ HTTP/1.1" 200 OK
courier_service-1   | Ответ assign для заказа 8: 200 - {"status":"no_couriers_available"}
courier_service-1   | Маршрут для заказа 7: 2 -> 45 = [2, 7, 24, 40, 42, 34, 29, 5, 45]
courier_service-1   | INFO:     172.18.0.6:43744 - "GET /api/couriers/ HTTP/1.1" 200 OK
courier_service-1   | Ответ assign для заказа 7: 200 - {"status":"no_couriers_available"}
courier_service-1   | Маршрут для заказа 6: 35 -> 22 = [35, 22]
courier_service-1   | INFO:     172.18.0.6:43750 - "GET /api/couriers/ HTTP/1.1" 200 OK
courier_service-1   | Future exception was never retrieved
courier_service-1   | future: <Future finished exception=InternalClientError('got result for unknown protocol state 3')>
courier_service-1   | Traceback (most recent call last):
courier_service-1   |   File "asyncpg/protocol/protocol.pyx", line 892, in asyncpg.protocol.protocol.BaseProtocol._dispatch_result
courier_service-1   | asyncpg.exceptions._base.InternalClientError: got result for unknown protocol state 3
courier_service-1   | Exception terminating connection <AdaptedConnection <asyncpg.connection.Connection object at 0x7f46bf7dfb50>>
courier_service-1   | Traceback (most recent call last):
courier_service-1   |   File "/usr/local/lib/python3.11/site-packages/sqlalchemy/pool/base.py", line 373, in _close_connection
courier_service-1   |     self._dialect.do_terminate(connection)
courier_service-1   |   File "/usr/local/lib/python3.11/site-packages/sqlalchemy/dialects/postgresql/asyncpg.py", line 1127, in do_terminate
courier_service-1   |     dbapi_connection.terminate()
courier_service-1   |   File "/usr/local/lib/python3.11/site-packages/sqlalchemy/connectors/asyncio.py", line 402, in terminate
courier_service-1   |     self.await_(asyncio.shield(self._terminate_graceful_close()))  # type: ignore[attr-defined] # noqa: E501
courier_service-1   |     ^^^^^^^^^^^^^^^^^^^^^^^^^^^^^^^^^^^^^^^^^^^^^^^^^^^^^^^^^^^^^
courier_service-1   |   File "/usr/local/lib/python3.11/site-packages/sqlalchemy/util/_concurrency_py3k.py", line 132, in await_only
courier_service-1   |     return current.parent.switch(awaitable)  # type: ignore[no-any-return,attr-defined] # noqa: E501
courier_service-1   |            ^^^^^^^^^^^^^^^^^^^^^^^^^^^^^^^^
courier_service-1   |   File "/usr/local/lib/python3.11/site-packages/sqlalchemy/util/_concurrency_py3k.py", line 196, in greenlet_spawn
courier_service-1   |     value = await result
courier_service-1   |             ^^^^^^^^^^^^
courier_service-1   |   File "/usr/local/lib/python3.11/site-packages/sqlalchemy/dialects/postgresql/asyncpg.py", line 912, in _terminate_graceful_close
courier_service-1   |     await self._connection.close(timeout=2)
courier_service-1   |   File "/usr/local/lib/python3.11/site-packages/asyncpg/connection.py", line 1513, in close
courier_service-1   |     await self._protocol.close(timeout)
courier_service-1   |   File "asyncpg/protocol/protocol.pyx", line 618, in close
courier_service-1   | RuntimeError: Task <Task pending name='Task-446' coro=<AsyncAdapt_asyncpg_connection._terminate_graceful_close() running at /usr/local/lib/python3.11/site-packages/sqlalchemy/dialects/postgresql/asyncpg.py:912> cb=[shield.<locals>._inner_done_callback() at /usr/local/lib/python3.11/asyncio/tasks.py:891]> got Future <Future pending> attached to a different loop
courier_service-1   | Future exception was never retrieved
courier_service-1   | future: <Future finished exception=InternalClientError('got result for unknown protocol state 3')>
courier_service-1   | Traceback (most recent call last):
courier_service-1   |   File "asyncpg/protocol/protocol.pyx", line 892, in asyncpg.protocol.protocol.BaseProtocol._dispatch_result
courier_service-1   | asyncpg.exceptions._base.InternalClientError: got result for unknown protocol state 3
courier_service-1   | Future exception was never retrieved
courier_service-1   | future: <Future finished exception=InternalClientError('got result for unknown protocol state 3')>
courier_service-1   | Traceback (most recent call last):
courier_service-1   |   File "asyncpg/protocol/protocol.pyx", line 892, in asyncpg.protocol.protocol.BaseProtocol._dispatch_result
courier_service-1   | asyncpg.exceptions._base.InternalClientError: got result for unknown protocol state 3
courier_service-1   | Exception terminating connection <AdaptedConnection <asyncpg.connection.Connection object at 0x7f46bc4b89a0>>
courier_service-1   | Traceback (most recent call last):
courier_service-1   |   File "/usr/local/lib/python3.11/site-packages/sqlalchemy/pool/base.py", line 373, in _close_connection
courier_service-1   |     self._dialect.do_terminate(connection)
courier_service-1   |   File "/usr/local/lib/python3.11/site-packages/sqlalchemy/dialects/postgresql/asyncpg.py", line 1127, in do_terminate
courier_service-1   |     dbapi_connection.terminate()
courier_service-1   |   File "/usr/local/lib/python3.11/site-packages/sqlalchemy/connectors/asyncio.py", line 402, in terminate
courier_service-1   |     self.await_(asyncio.shield(self._terminate_graceful_close()))  # type: ignore[attr-defined] # noqa: E501
courier_service-1   |     ^^^^^^^^^^^^^^^^^^^^^^^^^^^^^^^^^^^^^^^^^^^^^^^^^^^^^^^^^^^^^
courier_service-1   |   File "/usr/local/lib/python3.11/site-packages/sqlalchemy/util/_concurrency_py3k.py", line 132, in await_only
courier_service-1   |     return current.parent.switch(awaitable)  # type: ignore[no-any-return,attr-defined] # noqa: E501
courier_service-1   |            ^^^^^^^^^^^^^^^^^^^^^^^^^^^^^^^^
courier_service-1   |   File "/usr/local/lib/python3.11/site-packages/sqlalchemy/util/_concurrency_py3k.py", line 196, in greenlet_spawn
courier_service-1   |     value = await result
courier_service-1   |             ^^^^^^^^^^^^
courier_service-1   |   File "/usr/local/lib/python3.11/site-packages/sqlalchemy/dialects/postgresql/asyncpg.py", line 912, in _terminate_graceful_close
courier_service-1   |     await self._connection.close(timeout=2)
courier_service-1   |   File "/usr/local/lib/python3.11/site-packages/asyncpg/connection.py", line 1513, in close
courier_service-1   |     await self._protocol.close(timeout)
courier_service-1   |   File "asyncpg/protocol/protocol.pyx", line 618, in close
courier_service-1   | RuntimeError: Task <Task pending name='Task-450' coro=<AsyncAdapt_asyncpg_connection._terminate_graceful_close() running at /usr/local/lib/python3.11/site-packages/sqlalchemy/dialects/postgresql/asyncpg.py:912> cb=[shield.<locals>._inner_done_callback() at /usr/local/lib/python3.11/asyncio/tasks.py:891]> got Future <Future pending> attached to a different loop
courier_service-1   | Future exception was never retrieved
courier_service-1   | future: <Future finished exception=InternalClientError('got result for unknown protocol state 3')>
courier_service-1   | Traceback (most recent call last):
courier_service-1   |   File "asyncpg/protocol/protocol.pyx", line 892, in asyncpg.protocol.protocol.BaseProtocol._dispatch_result
courier_service-1   | asyncpg.exceptions._base.InternalClientError: got result for unknown protocol state 3
courier_service-1   | Exception terminating connection <AdaptedConnection <asyncpg.connection.Connection object at 0x7f46bc4bb1f0>>
courier_service-1   | Traceback (most recent call last):
courier_service-1   |   File "/usr/local/lib/python3.11/site-packages/sqlalchemy/pool/base.py", line 373, in _close_connection
courier_service-1   |     self._dialect.do_terminate(connection)
courier_service-1   |   File "/usr/local/lib/python3.11/site-packages/sqlalchemy/dialects/postgresql/asyncpg.py", line 1127, in do_terminate
courier_service-1   |     dbapi_connection.terminate()
courier_service-1   |   File "/usr/local/lib/python3.11/site-packages/sqlalchemy/connectors/asyncio.py", line 402, in terminate
courier_service-1   |     self.await_(asyncio.shield(self._terminate_graceful_close()))  # type: ignore[attr-defined] # noqa: E501
courier_service-1   |     ^^^^^^^^^^^^^^^^^^^^^^^^^^^^^^^^^^^^^^^^^^^^^^^^^^^^^^^^^^^^^
courier_service-1   |   File "/usr/local/lib/python3.11/site-packages/sqlalchemy/util/_concurrency_py3k.py", line 132, in await_only
courier_service-1   |     return current.parent.switch(awaitable)  # type: ignore[no-any-return,attr-defined] # noqa: E501
courier_service-1   |            ^^^^^^^^^^^^^^^^^^^^^^^^^^^^^^^^
courier_service-1   |   File "/usr/local/lib/python3.11/site-packages/sqlalchemy/util/_concurrency_py3k.py", line 196, in greenlet_spawn
courier_service-1   |     value = await result
courier_service-1   |             ^^^^^^^^^^^^
courier_service-1   |   File "/usr/local/lib/python3.11/site-packages/sqlalchemy/dialects/postgresql/asyncpg.py", line 912, in _terminate_graceful_close
courier_service-1   |     await self._connection.close(timeout=2)
courier_service-1   |   File "/usr/local/lib/python3.11/site-packages/asyncpg/connection.py", line 1513, in close
courier_service-1   |     await self._protocol.close(timeout)
courier_service-1   |   File "asyncpg/protocol/protocol.pyx", line 618, in close
courier_service-1   | RuntimeError: Task <Task pending name='Task-453' coro=<AsyncAdapt_asyncpg_connection._terminate_graceful_close() running at /usr/local/lib/python3.11/site-packages/sqlalchemy/dialects/postgresql/asyncpg.py:912> cb=[shield.<locals>._inner_done_callback() at /usr/local/lib/python3.11/asyncio/tasks.py:891]> got Future <Future pending> attached to a different loop
courier_service-1   | Future exception was never retrieved
courier_service-1   | future: <Future finished exception=InternalClientError('got result for unknown protocol state 3')>
courier_service-1   | Traceback (most recent call last):
courier_service-1   |   File "asyncpg/protocol/protocol.pyx", line 892, in asyncpg.protocol.protocol.BaseProtocol._dispatch_result
courier_service-1   | asyncpg.exceptions._base.InternalClientError: got result for unknown protocol state 3
courier_service-1   | Future exception was never retrieved
courier_service-1   | future: <Future finished exception=InternalClientError('got result for unknown protocol state 3')>
courier_service-1   | Traceback (most recent call last):
courier_service-1   |   File "asyncpg/protocol/protocol.pyx", line 892, in asyncpg.protocol.protocol.BaseProtocol._dispatch_result
courier_service-1   | asyncpg.exceptions._base.InternalClientError: got result for unknown protocol state 3
courier_service-1   | Ответ assign для заказа 6: 200 - {"status":"no_couriers_available"}
courier_service-1   | [CourierEmulator] move error for courier 4: Task <Task pending name='Task-445' coro=<CourierEmulator._move_along_route() running at /app/courier_service/courier_service.py:139> cb=[_run_until_complete_cb() at /usr/local/lib/python3.11/asyncio/base_events.py:181]> got Future <Future pending cb=[BaseProtocol._on_waiter_completed()]> attached to a different loop
courier_service-1   | [CourierEmulator] move error for courier 5: Task <Task pending name='Task-449' coro=<CourierEmulator._move_along_route() running at /app/courier_service/courier_service.py:139> cb=[_run_until_complete_cb() at /usr/local/lib/python3.11/asyncio/base_events.py:181]> got Future <Future pending cb=[BaseProtocol._on_waiter_completed()]> attached to a different loop
courier_service-1   | [CourierEmulator] move error for courier 3: Task <Task pending name='Task-452' coro=<CourierEmulator._move_along_route() running at /app/courier_service/courier_service.py:139> cb=[_run_until_complete_cb() at /usr/local/lib/python3.11/asyncio/base_events.py:181]> got Future <Future pending cb=[BaseProtocol._on_waiter_completed()]> attached to a different loop
courier_service-1   | INFO:     172.18.0.8:37296 - "GET /api/couriers/ HTTP/1.1" 200 OK
courier_service-1   | INFO:     172.18.0.8:37298 - "GET /api/couriers/ HTTP/1.1" 200 OK
courier_service-1   | Exception terminating connection <AdaptedConnection <asyncpg.connection.Connection object at 0x7f46bf7c8400>>
courier_service-1   | Traceback (most recent call last):
courier_service-1   |   File "/usr/local/lib/python3.11/site-packages/sqlalchemy/pool/base.py", line 373, in _close_connection
courier_service-1   |     self._dialect.do_terminate(connection)
courier_service-1   |   File "/usr/local/lib/python3.11/site-packages/sqlalchemy/dialects/postgresql/asyncpg.py", line 1127, in do_terminate
courier_service-1   |     dbapi_connection.terminate()
courier_service-1   |   File "/usr/local/lib/python3.11/site-packages/sqlalchemy/connectors/asyncio.py", line 402, in terminate
courier_service-1   |     self.await_(asyncio.shield(self._terminate_graceful_close()))  # type: ignore[attr-defined] # noqa: E501
courier_service-1   |     ^^^^^^^^^^^^^^^^^^^^^^^^^^^^^^^^^^^^^^^^^^^^^^^^^^^^^^^^^^^^^
courier_service-1   |   File "/usr/local/lib/python3.11/site-packages/sqlalchemy/util/_concurrency_py3k.py", line 132, in await_only
courier_service-1   |     return current.parent.switch(awaitable)  # type: ignore[no-any-return,attr-defined] # noqa: E501
courier_service-1   |            ^^^^^^^^^^^^^^^^^^^^^^^^^^^^^^^^
courier_service-1   |   File "/usr/local/lib/python3.11/site-packages/sqlalchemy/util/_concurrency_py3k.py", line 196, in greenlet_spawn
courier_service-1   |     value = await result
courier_service-1   |             ^^^^^^^^^^^^
courier_service-1   |   File "/usr/local/lib/python3.11/site-packages/sqlalchemy/dialects/postgresql/asyncpg.py", line 912, in _terminate_graceful_close
courier_service-1   |     await self._connection.close(timeout=2)
courier_service-1   |   File "/usr/local/lib/python3.11/site-packages/asyncpg/connection.py", line 1513, in close
courier_service-1   |     await self._protocol.close(timeout)
courier_service-1   |   File "asyncpg/protocol/protocol.pyx", line 618, in close
courier_service-1   | RuntimeError: Task <Task pending name='Task-469' coro=<AsyncAdapt_asyncpg_connection._terminate_graceful_close() running at /usr/local/lib/python3.11/site-packages/sqlalchemy/dialects/postgresql/asyncpg.py:912> cb=[shield.<locals>._inner_done_callback() at /usr/local/lib/python3.11/asyncio/tasks.py:891]> got Future <Future pending> attached to a different loop
courier_service-1   | Future exception was never retrieved
courier_service-1   | future: <Future finished exception=InternalClientError('got result for unknown protocol state 3')>
courier_service-1   | Traceback (most recent call last):
courier_service-1   |   File "asyncpg/protocol/protocol.pyx", line 892, in asyncpg.protocol.protocol.BaseProtocol._dispatch_result
courier_service-1   | asyncpg.exceptions._base.InternalClientError: got result for unknown protocol state 3
courier_service-1   | Exception terminating connection <AdaptedConnection <asyncpg.connection.Connection object at 0x7f46bf7df790>>
courier_service-1   | Traceback (most recent call last):
courier_service-1   |   File "/usr/local/lib/python3.11/site-packages/sqlalchemy/pool/base.py", line 373, in _close_connection
courier_service-1   |     self._dialect.do_terminate(connection)
courier_service-1   |   File "/usr/local/lib/python3.11/site-packages/sqlalchemy/dialects/postgresql/asyncpg.py", line 1127, in do_terminate
courier_service-1   |     dbapi_connection.terminate()
courier_service-1   |   File "/usr/local/lib/python3.11/site-packages/sqlalchemy/connectors/asyncio.py", line 402, in terminate
courier_service-1   |     self.await_(asyncio.shield(self._terminate_graceful_close()))  # type: ignore[attr-defined] # noqa: E501
courier_service-1   |     ^^^^^^^^^^^^^^^^^^^^^^^^^^^^^^^^^^^^^^^^^^^^^^^^^^^^^^^^^^^^^
courier_service-1   |   File "/usr/local/lib/python3.11/site-packages/sqlalchemy/util/_concurrency_py3k.py", line 132, in await_only
courier_service-1   |     return current.parent.switch(awaitable)  # type: ignore[no-any-return,attr-defined] # noqa: E501
courier_service-1   |            ^^^^^^^^^^^^^^^^^^^^^^^^^^^^^^^^
courier_service-1   |   File "/usr/local/lib/python3.11/site-packages/sqlalchemy/util/_concurrency_py3k.py", line 196, in greenlet_spawn
courier_service-1   |     value = await result
courier_service-1   |             ^^^^^^^^^^^^
courier_service-1   |   File "/usr/local/lib/python3.11/site-packages/sqlalchemy/dialects/postgresql/asyncpg.py", line 912, in _terminate_graceful_close
courier_service-1   |     await self._connection.close(timeout=2)
courier_service-1   |   File "/usr/local/lib/python3.11/site-packages/asyncpg/connection.py", line 1513, in close
courier_service-1   |     await self._protocol.close(timeout)
courier_service-1   |   File "asyncpg/protocol/protocol.pyx", line 618, in close
courier_service-1   | RuntimeError: Task <Task pending name='Task-473' coro=<AsyncAdapt_asyncpg_connection._terminate_graceful_close() running at /usr/local/lib/python3.11/site-packages/sqlalchemy/dialects/postgresql/asyncpg.py:912> cb=[shield.<locals>._inner_done_callback() at /usr/local/lib/python3.11/asyncio/tasks.py:891]> got Future <Future pending> attached to a different loop
courier_service-1   | Future exception was never retrieved
courier_service-1   | future: <Future finished exception=InternalClientError('got result for unknown protocol state 3')>
courier_service-1   | Traceback (most recent call last):
courier_service-1   |   File "asyncpg/protocol/protocol.pyx", line 892, in asyncpg.protocol.protocol.BaseProtocol._dispatch_result
courier_service-1   | asyncpg.exceptions._base.InternalClientError: got result for unknown protocol state 3
courier_service-1   | Exception terminating connection <AdaptedConnection <asyncpg.connection.Connection object at 0x7f46bc4bb100>>
courier_service-1   | Traceback (most recent call last):
courier_service-1   |   File "/usr/local/lib/python3.11/site-packages/sqlalchemy/pool/base.py", line 373, in _close_connection
courier_service-1   |     self._dialect.do_terminate(connection)
courier_service-1   |   File "/usr/local/lib/python3.11/site-packages/sqlalchemy/dialects/postgresql/asyncpg.py", line 1127, in do_terminate
courier_service-1   |     dbapi_connection.terminate()
courier_service-1   |   File "/usr/local/lib/python3.11/site-packages/sqlalchemy/connectors/asyncio.py", line 402, in terminate
courier_service-1   |     self.await_(asyncio.shield(self._terminate_graceful_close()))  # type: ignore[attr-defined] # noqa: E501
courier_service-1   |     ^^^^^^^^^^^^^^^^^^^^^^^^^^^^^^^^^^^^^^^^^^^^^^^^^^^^^^^^^^^^^
courier_service-1   |   File "/usr/local/lib/python3.11/site-packages/sqlalchemy/util/_concurrency_py3k.py", line 132, in await_only
courier_service-1   |     return current.parent.switch(awaitable)  # type: ignore[no-any-return,attr-defined] # noqa: E501
courier_service-1   |            ^^^^^^^^^^^^^^^^^^^^^^^^^^^^^^^^
courier_service-1   |   File "/usr/local/lib/python3.11/site-packages/sqlalchemy/util/_concurrency_py3k.py", line 196, in greenlet_spawn
courier_service-1   |     value = await result
courier_service-1   |             ^^^^^^^^^^^^
courier_service-1   |   File "/usr/local/lib/python3.11/site-packages/sqlalchemy/dialects/postgresql/asyncpg.py", line 912, in _terminate_graceful_close
courier_service-1   |     await self._connection.close(timeout=2)
courier_service-1   |   File "/usr/local/lib/python3.11/site-packages/asyncpg/connection.py", line 1513, in close
courier_service-1   |     await self._protocol.close(timeout)
courier_service-1   |   File "asyncpg/protocol/protocol.pyx", line 618, in close
courier_service-1   | RuntimeError: Task <Task pending name='Task-478' coro=<AsyncAdapt_asyncpg_connection._terminate_graceful_close() running at /usr/local/lib/python3.11/site-packages/sqlalchemy/dialects/postgresql/asyncpg.py:912> cb=[shield.<locals>._inner_done_callback() at /usr/local/lib/python3.11/asyncio/tasks.py:891]> got Future <Future pending> attached to a different loop
courier_service-1   | Future exception was never retrieved
courier_service-1   | future: <Future finished exception=InternalClientError('got result for unknown protocol state 3')>
courier_service-1   | Traceback (most recent call last):
courier_service-1   |   File "asyncpg/protocol/protocol.pyx", line 892, in asyncpg.protocol.protocol.BaseProtocol._dispatch_result
courier_service-1   | asyncpg.exceptions._base.InternalClientError: got result for unknown protocol state 3
courier_service-1   | [CourierEmulator] move error for courier 2: Task <Task pending name='Task-468' coro=<CourierEmulator._move_along_route() running at /app/courier_service/courier_service.py:139> cb=[_run_until_complete_cb() at /usr/local/lib/python3.11/asyncio/base_events.py:181]> got Future <Future pending cb=[BaseProtocol._on_waiter_completed()]> attached to a different loop
courier_service-1   | [CourierEmulator] move error for courier 4: Task <Task pending name='Task-472' coro=<CourierEmulator._move_along_route() running at /app/courier_service/courier_service.py:139> cb=[_run_until_complete_cb() at /usr/local/lib/python3.11/asyncio/base_events.py:181]> got Future <Future pending cb=[BaseProtocol._on_waiter_completed()]> attached to a different loop
courier_service-1   | [CourierEmulator] move error for courier 5: Task <Task pending name='Task-476' coro=<CourierEmulator._move_along_route() running at /app/courier_service/courier_service.py:139> cb=[_run_until_complete_cb() at /usr/local/lib/python3.11/asyncio/base_events.py:181]> got Future <Future pending cb=[BaseProtocol._on_waiter_completed()]> attached to a different loop
courier_service-1   | INFO:     172.18.0.3:53698 - "GET /metrics HTTP/1.1" 200 OK
courier_service-1   | Exception terminating connection <AdaptedConnection <asyncpg.connection.Connection object at 0x7f46bc4b8130>>
courier_service-1   | Traceback (most recent call last):
courier_service-1   |   File "/usr/local/lib/python3.11/site-packages/sqlalchemy/pool/base.py", line 373, in _close_connection
courier_service-1   |     self._dialect.do_terminate(connection)
courier_service-1   |   File "/usr/local/lib/python3.11/site-packages/sqlalchemy/dialects/postgresql/asyncpg.py", line 1127, in do_terminate
courier_service-1   |     dbapi_connection.terminate()
courier_service-1   |   File "/usr/local/lib/python3.11/site-packages/sqlalchemy/connectors/asyncio.py", line 402, in terminate
courier_service-1   |     self.await_(asyncio.shield(self._terminate_graceful_close()))  # type: ignore[attr-defined] # noqa: E501
courier_service-1   |     ^^^^^^^^^^^^^^^^^^^^^^^^^^^^^^^^^^^^^^^^^^^^^^^^^^^^^^^^^^^^^
courier_service-1   |   File "/usr/local/lib/python3.11/site-packages/sqlalchemy/util/_concurrency_py3k.py", line 132, in await_only
courier_service-1   |     return current.parent.switch(awaitable)  # type: ignore[no-any-return,attr-defined] # noqa: E501
courier_service-1   |            ^^^^^^^^^^^^^^^^^^^^^^^^^^^^^^^^
courier_service-1   |   File "/usr/local/lib/python3.11/site-packages/sqlalchemy/util/_concurrency_py3k.py", line 196, in greenlet_spawn
courier_service-1   |     value = await result
courier_service-1   |             ^^^^^^^^^^^^
courier_service-1   |   File "/usr/local/lib/python3.11/site-packages/sqlalchemy/dialects/postgresql/asyncpg.py", line 912, in _terminate_graceful_close
courier_service-1   |     await self._connection.close(timeout=2)
courier_service-1   |   File "/usr/local/lib/python3.11/site-packages/asyncpg/connection.py", line 1513, in close
courier_service-1   |     await self._protocol.close(timeout)
courier_service-1   |   File "asyncpg/protocol/protocol.pyx", line 618, in close
courier_service-1   | RuntimeError: Task <Task pending name='Task-494' coro=<AsyncAdapt_asyncpg_connection._terminate_graceful_close() running at /usr/local/lib/python3.11/site-packages/sqlalchemy/dialects/postgresql/asyncpg.py:912> cb=[shield.<locals>._inner_done_callback() at /usr/local/lib/python3.11/asyncio/tasks.py:891]> got Future <Future pending> attached to a different loop
courier_service-1   | Найдено 15 заказов без курьеров
courier_service-1   | Маршрут для заказа 20: 23 -> 44 = [23, 13, 44]
courier_service-1   | INFO:     172.18.0.6:43758 - "GET /api/couriers/ HTTP/1.1" 500 Internal Server Error
courier_service-1   | ERROR:    Exception in ASGI application
courier_service-1   | Traceback (most recent call last):
courier_service-1   |   File "/usr/local/lib/python3.11/site-packages/uvicorn/protocols/http/httptools_impl.py", line 421, in run_asgi
courier_service-1   |     result = await app(  # type: ignore[func-returns-value]
courier_service-1   |              ^^^^^^^^^^^^^^^^^^^^^^^^^^^^^^^^^^^^^^^^^^^^^^
courier_service-1   |   File "/usr/local/lib/python3.11/site-packages/uvicorn/middleware/proxy_headers.py", line 56, in __call__
courier_service-1   |     return await self.app(scope, receive, send)
courier_service-1   |            ^^^^^^^^^^^^^^^^^^^^^^^^^^^^^^^^^^^^
courier_service-1   |   File "/usr/local/lib/python3.11/site-packages/fastapi/applications.py", line 1159, in __call__
courier_service-1   |     await super().__call__(scope, receive, send)
courier_service-1   |   File "/usr/local/lib/python3.11/site-packages/starlette/applications.py", line 90, in __call__
courier_service-1   |     await self.middleware_stack(scope, receive, send)
courier_service-1   |   File "/usr/local/lib/python3.11/site-packages/starlette/middleware/errors.py", line 186, in __call__
courier_service-1   |     raise exc
courier_service-1   |   File "/usr/local/lib/python3.11/site-packages/starlette/middleware/errors.py", line 164, in __call__
courier_service-1   |     await self.app(scope, receive, _send)
courier_service-1   |   File "/usr/local/lib/python3.11/site-packages/starlette/middleware/base.py", line 191, in __call__
courier_service-1   |     with recv_stream, send_stream, collapse_excgroups():
courier_service-1   |   File "/usr/local/lib/python3.11/contextlib.py", line 158, in __exit__
courier_service-1   |     self.gen.throw(typ, value, traceback)
courier_service-1   |   File "/usr/local/lib/python3.11/site-packages/starlette/_utils.py", line 87, in collapse_excgroups
courier_service-1   |     raise exc
courier_service-1   |   File "/usr/local/lib/python3.11/site-packages/starlette/middleware/base.py", line 193, in __call__
courier_service-1   |     response = await self.dispatch_func(request, call_next)
courier_service-1   |                ^^^^^^^^^^^^^^^^^^^^^^^^^^^^^^^^^^^^^^^^^^^^
courier_service-1   |   File "/app/courier_service/main.py", line 137, in prometheus_middleware
courier_service-1   |     response = await call_next(request)
courier_service-1   |                ^^^^^^^^^^^^^^^^^^^^^^^^
courier_service-1   |   File "/usr/local/lib/python3.11/site-packages/starlette/middleware/base.py", line 168, in call_next
courier_service-1   |     raise app_exc from app_exc.__cause__ or app_exc.__context__
courier_service-1   |   File "/usr/local/lib/python3.11/site-packages/starlette/middleware/base.py", line 144, in coro
courier_service-1   |     await self.app(scope, receive_or_disconnect, send_no_error)
courier_service-1   |   File "/usr/local/lib/python3.11/site-packages/starlette/middleware/exceptions.py", line 63, in __call__
courier_service-1   |     await wrap_app_handling_exceptions(self.app, conn)(scope, receive, send)
courier_service-1   |   File "/usr/local/lib/python3.11/site-packages/starlette/_exception_handler.py", line 53, in wrapped_app
courier_service-1   |     raise exc
courier_service-1   |   File "/usr/local/lib/python3.11/site-packages/starlette/_exception_handler.py", line 42, in wrapped_app
courier_service-1   |     await app(scope, receive, sender)
courier_service-1   |   File "/usr/local/lib/python3.11/site-packages/fastapi/middleware/asyncexitstack.py", line 18, in __call__
courier_service-1   |     await self.app(scope, receive, send)
courier_service-1   |   File "/usr/local/lib/python3.11/site-packages/starlette/routing.py", line 660, in __call__
courier_service-1   |     await self.middleware_stack(scope, receive, send)
courier_service-1   |   File "/usr/local/lib/python3.11/site-packages/starlette/routing.py", line 680, in app
courier_service-1   |     await route.handle(scope, receive, send)
courier_service-1   |   File "/usr/local/lib/python3.11/site-packages/starlette/routing.py", line 276, in handle
courier_service-1   |     await self.app(scope, receive, send)
courier_service-1   |   File "/usr/local/lib/python3.11/site-packages/fastapi/routing.py", line 134, in app
courier_service-1   |     await wrap_app_handling_exceptions(app, request)(scope, receive, send)
courier_service-1   |   File "/usr/local/lib/python3.11/site-packages/starlette/_exception_handler.py", line 53, in wrapped_app
courier_service-1   |     raise exc
courier_service-1   |   File "/usr/local/lib/python3.11/site-packages/starlette/_exception_handler.py", line 42, in wrapped_app
courier_service-1   |     await app(scope, receive, sender)
courier_service-1   |   File "/usr/local/lib/python3.11/site-packages/fastapi/routing.py", line 120, in app
courier_service-1   |     response = await f(request)
courier_service-1   |                ^^^^^^^^^^^^^^^^
courier_service-1   |   File "/usr/local/lib/python3.11/site-packages/fastapi/routing.py", line 674, in app
courier_service-1   |     raw_response = await run_endpoint_function(
courier_service-1   |                    ^^^^^^^^^^^^^^^^^^^^^^^^^^^^
courier_service-1   |   File "/usr/local/lib/python3.11/site-packages/fastapi/routing.py", line 328, in run_endpoint_function
courier_service-1   |     return await dependant.call(**values)
courier_service-1   |            ^^^^^^^^^^^^^^^^^^^^^^^^^^^^^^
courier_service-1   |   File "/app/courier_service/routes.py", line 245, in list_couriers
courier_service-1   |     couriers = await service.get_all_couriers()
courier_service-1   |                ^^^^^^^^^^^^^^^^^^^^^^^^^^^^^^^^
courier_service-1   |   File "/app/courier_service/courier_service.py", line 370, in get_all_couriers
courier_service-1   |     result = await self.session.execute(select(Courier).execution_options(populate_existing=True))
courier_service-1   |              ^^^^^^^^^^^^^^^^^^^^^^^^^^^^^^^^^^^^^^^^^^^^^^^^^^^^^^^^^^^^^^^^^^^^^^^^^^^^^^^^^^^^^
courier_service-1   |   File "/usr/local/lib/python3.11/site-packages/sqlalchemy/ext/asyncio/session.py", line 449, in execute
courier_service-1   |     result = await greenlet_spawn(
courier_service-1   |              ^^^^^^^^^^^^^^^^^^^^^
courier_service-1   |   File "/usr/local/lib/python3.11/site-packages/sqlalchemy/util/_concurrency_py3k.py", line 201, in greenlet_spawn
courier_service-1   |     result = context.throw(*sys.exc_info())
courier_service-1   |              ^^^^^^^^^^^^^^^^^^^^^^^^^^^^^^
courier_service-1   |   File "/usr/local/lib/python3.11/site-packages/sqlalchemy/orm/session.py", line 2351, in execute
courier_service-1   |     return self._execute_internal(
courier_service-1   |            ^^^^^^^^^^^^^^^^^^^^^^^
courier_service-1   |   File "/usr/local/lib/python3.11/site-packages/sqlalchemy/orm/session.py", line 2239, in _execute_internal
courier_service-1   |     conn = self._connection_for_bind(bind)
courier_service-1   |            ^^^^^^^^^^^^^^^^^^^^^^^^^^^^^^^
courier_service-1   |   File "/usr/local/lib/python3.11/site-packages/sqlalchemy/orm/session.py", line 2108, in _connection_for_bind
courier_service-1   |     return trans._connection_for_bind(engine, execution_options)
courier_service-1   |            ^^^^^^^^^^^^^^^^^^^^^^^^^^^^^^^^^^^^^^^^^^^^^^^^^^^^^
courier_service-1   |   File "<string>", line 2, in _connection_for_bind
courier_service-1   |   File "/usr/local/lib/python3.11/site-packages/sqlalchemy/orm/state_changes.py", line 137, in _go
courier_service-1   |     ret_value = fn(self, *arg, **kw)
courier_service-1   |                 ^^^^^^^^^^^^^^^^^^^^
courier_service-1   |   File "/usr/local/lib/python3.11/site-packages/sqlalchemy/orm/session.py", line 1187, in _connection_for_bind
courier_service-1   |     conn = bind.connect()
courier_service-1   |            ^^^^^^^^^^^^^^
courier_service-1   |   File "/usr/local/lib/python3.11/site-packages/sqlalchemy/engine/base.py", line 3293, in connect
courier_service-1   |     return self._connection_cls(self)
courier_service-1   |            ^^^^^^^^^^^^^^^^^^^^^^^^^^
courier_service-1   |   File "/usr/local/lib/python3.11/site-packages/sqlalchemy/engine/base.py", line 143, in __init__
courier_service-1   |     self._dbapi_connection = engine.raw_connection()
courier_service-1   |                              ^^^^^^^^^^^^^^^^^^^^^^^
courier_service-1   |   File "/usr/local/lib/python3.11/site-packages/sqlalchemy/engine/base.py", line 3317, in raw_connection
courier_service-1   |     return self.pool.connect()
courier_service-1   |            ^^^^^^^^^^^^^^^^^^^
courier_service-1   |   File "/usr/local/lib/python3.11/site-packages/sqlalchemy/pool/base.py", line 448, in connect
courier_service-1   |     return _ConnectionFairy._checkout(self)
courier_service-1   |            ^^^^^^^^^^^^^^^^^^^^^^^^^^^^^^^^
courier_service-1   |   File "/usr/local/lib/python3.11/site-packages/sqlalchemy/pool/base.py", line 1371, in _checkout
courier_service-1   |     with util.safe_reraise():
courier_service-1   |   File "/usr/local/lib/python3.11/site-packages/sqlalchemy/util/langhelpers.py", line 121, in __exit__
courier_service-1   |     raise exc_value.with_traceback(exc_tb)
courier_service-1   |   File "/usr/local/lib/python3.11/site-packages/sqlalchemy/pool/base.py", line 1309, in _checkout
courier_service-1   |     result = pool._dialect._do_ping_w_event(
courier_service-1   |              ^^^^^^^^^^^^^^^^^^^^^^^^^^^^^^^
courier_service-1   |   File "/usr/local/lib/python3.11/site-packages/sqlalchemy/engine/default.py", line 729, in _do_ping_w_event
courier_service-1   |     return self.do_ping(dbapi_connection)
courier_service-1   |            ^^^^^^^^^^^^^^^^^^^^^^^^^^^^^^
courier_service-1   |   File "/usr/local/lib/python3.11/site-packages/sqlalchemy/dialects/postgresql/asyncpg.py", line 1160, in do_ping
courier_service-1   |     dbapi_connection.ping()
courier_service-1   |   File "/usr/local/lib/python3.11/site-packages/sqlalchemy/dialects/postgresql/asyncpg.py", line 818, in ping
courier_service-1   |     self._handle_exception(error)
courier_service-1   |   File "/usr/local/lib/python3.11/site-packages/sqlalchemy/dialects/postgresql/asyncpg.py", line 799, in _handle_exception
courier_service-1   |     raise error
courier_service-1   |   File "/usr/local/lib/python3.11/site-packages/sqlalchemy/dialects/postgresql/asyncpg.py", line 816, in ping
courier_service-1   |     _ = self.await_(self._async_ping())
courier_service-1   |         ^^^^^^^^^^^^^^^^^^^^^^^^^^^^^^^
courier_service-1   |   File "/usr/local/lib/python3.11/site-packages/sqlalchemy/util/_concurrency_py3k.py", line 132, in await_only
courier_service-1   |     return current.parent.switch(awaitable)  # type: ignore[no-any-return,attr-defined] # noqa: E501
courier_service-1   |            ^^^^^^^^^^^^^^^^^^^^^^^^^^^^^^^^
courier_service-1   |   File "/usr/local/lib/python3.11/site-packages/sqlalchemy/util/_concurrency_py3k.py", line 196, in greenlet_spawn
courier_service-1   |     value = await result
courier_service-1   |             ^^^^^^^^^^^^
courier_service-1   |   File "/usr/local/lib/python3.11/site-packages/sqlalchemy/dialects/postgresql/asyncpg.py", line 825, in _async_ping
courier_service-1   |     await tr.start()
courier_service-1   |   File "/usr/local/lib/python3.11/site-packages/asyncpg/transaction.py", line 146, in start
courier_service-1   |     await self._connection.execute(query)
courier_service-1   |   File "/usr/local/lib/python3.11/site-packages/asyncpg/connection.py", line 354, in execute
courier_service-1   |     result = await self._protocol.query(query, timeout)
courier_service-1   |              ^^^^^^^^^^^^^^^^^^^^^^^^^^^^^^^^^^^^^^^^^^
courier_service-1   |   File "asyncpg/protocol/protocol.pyx", line 369, in query
courier_service-1   | RuntimeError: Task <Task pending name='starlette.middleware.base.BaseHTTPMiddleware.__call__.<locals>.call_next.<locals>.coro' coro=<BaseHTTPMiddleware.__call__.<locals>.call_next.<locals>.coro() running at /usr/local/lib/python3.11/site-packages/starlette/middleware/base.py:144> cb=[TaskGroup._spawn.<locals>.task_done() at /usr/local/lib/python3.11/site-packages/anyio/_backends/_asyncio.py:821]> got Future <Future pending cb=[BaseProtocol._on_waiter_completed()]> attached to a different loop
courier_service-1   | Exception terminating connection <AdaptedConnection <asyncpg.connection.Connection object at 0x7f46bf7dc9a0>>
courier_service-1   | Traceback (most recent call last):
courier_service-1   |   File "/usr/local/lib/python3.11/site-packages/sqlalchemy/pool/base.py", line 373, in _close_connection
courier_service-1   |     self._dialect.do_terminate(connection)
courier_service-1   |   File "/usr/local/lib/python3.11/site-packages/sqlalchemy/dialects/postgresql/asyncpg.py", line 1127, in do_terminate
courier_service-1   |     dbapi_connection.terminate()
courier_service-1   |   File "/usr/local/lib/python3.11/site-packages/sqlalchemy/connectors/asyncio.py", line 402, in terminate
courier_service-1   |     self.await_(asyncio.shield(self._terminate_graceful_close()))  # type: ignore[attr-defined] # noqa: E501
courier_service-1   |     ^^^^^^^^^^^^^^^^^^^^^^^^^^^^^^^^^^^^^^^^^^^^^^^^^^^^^^^^^^^^^
courier_service-1   |   File "/usr/local/lib/python3.11/site-packages/sqlalchemy/util/_concurrency_py3k.py", line 132, in await_only
courier_service-1   |     return current.parent.switch(awaitable)  # type: ignore[no-any-return,attr-defined] # noqa: E501
courier_service-1   |            ^^^^^^^^^^^^^^^^^^^^^^^^^^^^^^^^
courier_service-1   |   File "/usr/local/lib/python3.11/site-packages/sqlalchemy/util/_concurrency_py3k.py", line 196, in greenlet_spawn
courier_service-1   |     value = await result
courier_service-1   |             ^^^^^^^^^^^^
courier_service-1   |   File "/usr/local/lib/python3.11/site-packages/sqlalchemy/dialects/postgresql/asyncpg.py", line 912, in _terminate_graceful_close
courier_service-1   |     await self._connection.close(timeout=2)
courier_service-1   |   File "/usr/local/lib/python3.11/site-packages/asyncpg/connection.py", line 1513, in close
courier_service-1   |     await self._protocol.close(timeout)
courier_service-1   |   File "asyncpg/protocol/protocol.pyx", line 618, in close
courier_service-1   | RuntimeError: Task <Task pending name='Task-500' coro=<AsyncAdapt_asyncpg_connection._terminate_graceful_close() running at /usr/local/lib/python3.11/site-packages/sqlalchemy/dialects/postgresql/asyncpg.py:912> cb=[shield.<locals>._inner_done_callback() at /usr/local/lib/python3.11/asyncio/tasks.py:891]> got Future <Future pending> attached to a different loop
courier_service-1   | Exception terminating connection <AdaptedConnection <asyncpg.connection.Connection object at 0x7f46bf7ddf30>>
courier_service-1   | Traceback (most recent call last):
courier_service-1   |   File "/usr/local/lib/python3.11/site-packages/sqlalchemy/pool/base.py", line 373, in _close_connection
courier_service-1   |     self._dialect.do_terminate(connection)
courier_service-1   |   File "/usr/local/lib/python3.11/site-packages/sqlalchemy/dialects/postgresql/asyncpg.py", line 1127, in do_terminate
courier_service-1   |     dbapi_connection.terminate()
courier_service-1   |   File "/usr/local/lib/python3.11/site-packages/sqlalchemy/connectors/asyncio.py", line 402, in terminate
courier_service-1   |     self.await_(asyncio.shield(self._terminate_graceful_close()))  # type: ignore[attr-defined] # noqa: E501
courier_service-1   |     ^^^^^^^^^^^^^^^^^^^^^^^^^^^^^^^^^^^^^^^^^^^^^^^^^^^^^^^^^^^^^
courier_service-1   |   File "/usr/local/lib/python3.11/site-packages/sqlalchemy/util/_concurrency_py3k.py", line 132, in await_only
courier_service-1   |     return current.parent.switch(awaitable)  # type: ignore[no-any-return,attr-defined] # noqa: E501
courier_service-1   |            ^^^^^^^^^^^^^^^^^^^^^^^^^^^^^^^^
courier_service-1   |   File "/usr/local/lib/python3.11/site-packages/sqlalchemy/util/_concurrency_py3k.py", line 196, in greenlet_spawn
courier_service-1   |     value = await result
courier_service-1   |             ^^^^^^^^^^^^
courier_service-1   |   File "/usr/local/lib/python3.11/site-packages/sqlalchemy/dialects/postgresql/asyncpg.py", line 912, in _terminate_graceful_close
courier_service-1   |     await self._connection.close(timeout=2)
courier_service-1   |   File "/usr/local/lib/python3.11/site-packages/asyncpg/connection.py", line 1513, in close
courier_service-1   |     await self._protocol.close(timeout)
courier_service-1   |   File "asyncpg/protocol/protocol.pyx", line 618, in close
courier_service-1   | RuntimeError: Task <Task pending name='Task-502' coro=<AsyncAdapt_asyncpg_connection._terminate_graceful_close() running at /usr/local/lib/python3.11/site-packages/sqlalchemy/dialects/postgresql/asyncpg.py:912> cb=[shield.<locals>._inner_done_callback() at /usr/local/lib/python3.11/asyncio/tasks.py:891]> got Future <Future pending> attached to a different loop
courier_service-1   | Ответ assign для заказа 20: 500 - {"detail":"Assignment error: 500: Failed to get couriers"}
courier_service-1   | Маршрут для заказа 19: 6 -> 21 = [6, 22, 21]
courier_service-1   | [CourierEmulator] move error for courier 4: Task <Task pending name='Task-499' coro=<CourierEmulator._move_along_route() running at /app/courier_service/courier_service.py:139> cb=[_run_until_complete_cb() at /usr/local/lib/python3.11/asyncio/base_events.py:181]> got Future <Future pending cb=[BaseProtocol._on_waiter_completed()]> attached to a different loop
courier_service-1   | INFO:     172.18.0.6:43766 - "GET /api/couriers/ HTTP/1.1" 500 Internal Server Error
courier_service-1   | ERROR:    Exception in ASGI application
courier_service-1   | Traceback (most recent call last):
courier_service-1   |   File "/usr/local/lib/python3.11/site-packages/uvicorn/protocols/http/httptools_impl.py", line 421, in run_asgi
courier_service-1   |     result = await app(  # type: ignore[func-returns-value]
courier_service-1   |              ^^^^^^^^^^^^^^^^^^^^^^^^^^^^^^^^^^^^^^^^^^^^^^
courier_service-1   |   File "/usr/local/lib/python3.11/site-packages/uvicorn/middleware/proxy_headers.py", line 56, in __call__
courier_service-1   |     return await self.app(scope, receive, send)
courier_service-1   |            ^^^^^^^^^^^^^^^^^^^^^^^^^^^^^^^^^^^^
courier_service-1   |   File "/usr/local/lib/python3.11/site-packages/fastapi/applications.py", line 1159, in __call__
courier_service-1   |     await super().__call__(scope, receive, send)
courier_service-1   |   File "/usr/local/lib/python3.11/site-packages/starlette/applications.py", line 90, in __call__
courier_service-1   |     await self.middleware_stack(scope, receive, send)
courier_service-1   |   File "/usr/local/lib/python3.11/site-packages/starlette/middleware/errors.py", line 186, in __call__
courier_service-1   |     raise exc
courier_service-1   |   File "/usr/local/lib/python3.11/site-packages/starlette/middleware/errors.py", line 164, in __call__
courier_service-1   |     await self.app(scope, receive, _send)
courier_service-1   |   File "/usr/local/lib/python3.11/site-packages/starlette/middleware/base.py", line 191, in __call__
courier_service-1   |     with recv_stream, send_stream, collapse_excgroups():
courier_service-1   |   File "/usr/local/lib/python3.11/contextlib.py", line 158, in __exit__
courier_service-1   |     self.gen.throw(typ, value, traceback)
courier_service-1   |   File "/usr/local/lib/python3.11/site-packages/starlette/_utils.py", line 87, in collapse_excgroups
courier_service-1   |     raise exc
courier_service-1   |   File "/usr/local/lib/python3.11/site-packages/starlette/middleware/base.py", line 193, in __call__
courier_service-1   |     response = await self.dispatch_func(request, call_next)
courier_service-1   |                ^^^^^^^^^^^^^^^^^^^^^^^^^^^^^^^^^^^^^^^^^^^^
courier_service-1   |   File "/app/courier_service/main.py", line 137, in prometheus_middleware
courier_service-1   |     response = await call_next(request)
courier_service-1   |                ^^^^^^^^^^^^^^^^^^^^^^^^
courier_service-1   |   File "/usr/local/lib/python3.11/site-packages/starlette/middleware/base.py", line 168, in call_next
courier_service-1   |     raise app_exc from app_exc.__cause__ or app_exc.__context__
courier_service-1   |   File "/usr/local/lib/python3.11/site-packages/starlette/middleware/base.py", line 144, in coro
courier_service-1   |     await self.app(scope, receive_or_disconnect, send_no_error)
courier_service-1   |   File "/usr/local/lib/python3.11/site-packages/starlette/middleware/exceptions.py", line 63, in __call__
courier_service-1   |     await wrap_app_handling_exceptions(self.app, conn)(scope, receive, send)
courier_service-1   |   File "/usr/local/lib/python3.11/site-packages/starlette/_exception_handler.py", line 53, in wrapped_app
courier_service-1   |     raise exc
courier_service-1   |   File "/usr/local/lib/python3.11/site-packages/starlette/_exception_handler.py", line 42, in wrapped_app
courier_service-1   |     await app(scope, receive, sender)
courier_service-1   |   File "/usr/local/lib/python3.11/site-packages/fastapi/middleware/asyncexitstack.py", line 18, in __call__
courier_service-1   |     await self.app(scope, receive, send)
courier_service-1   |   File "/usr/local/lib/python3.11/site-packages/starlette/routing.py", line 660, in __call__
courier_service-1   |     await self.middleware_stack(scope, receive, send)
courier_service-1   |   File "/usr/local/lib/python3.11/site-packages/starlette/routing.py", line 680, in app
courier_service-1   |     await route.handle(scope, receive, send)
courier_service-1   |   File "/usr/local/lib/python3.11/site-packages/starlette/routing.py", line 276, in handle
courier_service-1   |     await self.app(scope, receive, send)
courier_service-1   |   File "/usr/local/lib/python3.11/site-packages/fastapi/routing.py", line 134, in app
courier_service-1   |     await wrap_app_handling_exceptions(app, request)(scope, receive, send)
courier_service-1   |   File "/usr/local/lib/python3.11/site-packages/starlette/_exception_handler.py", line 53, in wrapped_app
courier_service-1   |     raise exc
courier_service-1   |   File "/usr/local/lib/python3.11/site-packages/starlette/_exception_handler.py", line 42, in wrapped_app
courier_service-1   |     await app(scope, receive, sender)
courier_service-1   |   File "/usr/local/lib/python3.11/site-packages/fastapi/routing.py", line 120, in app
courier_service-1   |     response = await f(request)
courier_service-1   |                ^^^^^^^^^^^^^^^^
courier_service-1   |   File "/usr/local/lib/python3.11/site-packages/fastapi/routing.py", line 674, in app
courier_service-1   |     raw_response = await run_endpoint_function(
courier_service-1   |                    ^^^^^^^^^^^^^^^^^^^^^^^^^^^^
courier_service-1   |   File "/usr/local/lib/python3.11/site-packages/fastapi/routing.py", line 328, in run_endpoint_function
courier_service-1   |     return await dependant.call(**values)
courier_service-1   |            ^^^^^^^^^^^^^^^^^^^^^^^^^^^^^^
courier_service-1   |   File "/app/courier_service/routes.py", line 245, in list_couriers
courier_service-1   |     couriers = await service.get_all_couriers()
courier_service-1   |                ^^^^^^^^^^^^^^^^^^^^^^^^^^^^^^^^
courier_service-1   |   File "/app/courier_service/courier_service.py", line 370, in get_all_couriers
courier_service-1   |     result = await self.session.execute(select(Courier).execution_options(populate_existing=True))
courier_service-1   |              ^^^^^^^^^^^^^^^^^^^^^^^^^^^^^^^^^^^^^^^^^^^^^^^^^^^^^^^^^^^^^^^^^^^^^^^^^^^^^^^^^^^^^
courier_service-1   |   File "/usr/local/lib/python3.11/site-packages/sqlalchemy/ext/asyncio/session.py", line 449, in execute
courier_service-1   |     result = await greenlet_spawn(
courier_service-1   |              ^^^^^^^^^^^^^^^^^^^^^
courier_service-1   |   File "/usr/local/lib/python3.11/site-packages/sqlalchemy/util/_concurrency_py3k.py", line 201, in greenlet_spawn
courier_service-1   |     result = context.throw(*sys.exc_info())
courier_service-1   |              ^^^^^^^^^^^^^^^^^^^^^^^^^^^^^^
courier_service-1   |   File "/usr/local/lib/python3.11/site-packages/sqlalchemy/orm/session.py", line 2351, in execute
courier_service-1   |     return self._execute_internal(
courier_service-1   |            ^^^^^^^^^^^^^^^^^^^^^^^
courier_service-1   |   File "/usr/local/lib/python3.11/site-packages/sqlalchemy/orm/session.py", line 2239, in _execute_internal
courier_service-1   |     conn = self._connection_for_bind(bind)
courier_service-1   |            ^^^^^^^^^^^^^^^^^^^^^^^^^^^^^^^
courier_service-1   |   File "/usr/local/lib/python3.11/site-packages/sqlalchemy/orm/session.py", line 2108, in _connection_for_bind
courier_service-1   |     return trans._connection_for_bind(engine, execution_options)
courier_service-1   |            ^^^^^^^^^^^^^^^^^^^^^^^^^^^^^^^^^^^^^^^^^^^^^^^^^^^^^
courier_service-1   |   File "<string>", line 2, in _connection_for_bind
courier_service-1   |   File "/usr/local/lib/python3.11/site-packages/sqlalchemy/orm/state_changes.py", line 137, in _go
courier_service-1   |     ret_value = fn(self, *arg, **kw)
courier_service-1   |                 ^^^^^^^^^^^^^^^^^^^^
courier_service-1   |   File "/usr/local/lib/python3.11/site-packages/sqlalchemy/orm/session.py", line 1187, in _connection_for_bind
courier_service-1   |     conn = bind.connect()
courier_service-1   |            ^^^^^^^^^^^^^^
courier_service-1   |   File "/usr/local/lib/python3.11/site-packages/sqlalchemy/engine/base.py", line 3293, in connect
courier_service-1   |     return self._connection_cls(self)
courier_service-1   |            ^^^^^^^^^^^^^^^^^^^^^^^^^^
courier_service-1   |   File "/usr/local/lib/python3.11/site-packages/sqlalchemy/engine/base.py", line 143, in __init__
courier_service-1   |     self._dbapi_connection = engine.raw_connection()
courier_service-1   |                              ^^^^^^^^^^^^^^^^^^^^^^^
courier_service-1   |   File "/usr/local/lib/python3.11/site-packages/sqlalchemy/engine/base.py", line 3317, in raw_connection
courier_service-1   |     return self.pool.connect()
courier_service-1   |            ^^^^^^^^^^^^^^^^^^^
courier_service-1   |   File "/usr/local/lib/python3.11/site-packages/sqlalchemy/pool/base.py", line 448, in connect
courier_service-1   |     return _ConnectionFairy._checkout(self)
courier_service-1   |            ^^^^^^^^^^^^^^^^^^^^^^^^^^^^^^^^
courier_service-1   |   File "/usr/local/lib/python3.11/site-packages/sqlalchemy/pool/base.py", line 1371, in _checkout
courier_service-1   |     with util.safe_reraise():
courier_service-1   |   File "/usr/local/lib/python3.11/site-packages/sqlalchemy/util/langhelpers.py", line 121, in __exit__
courier_service-1   |     raise exc_value.with_traceback(exc_tb)
courier_service-1   |   File "/usr/local/lib/python3.11/site-packages/sqlalchemy/pool/base.py", line 1309, in _checkout
courier_service-1   |     result = pool._dialect._do_ping_w_event(
courier_service-1   |              ^^^^^^^^^^^^^^^^^^^^^^^^^^^^^^^
courier_service-1   |   File "/usr/local/lib/python3.11/site-packages/sqlalchemy/engine/default.py", line 729, in _do_ping_w_event
courier_service-1   |     return self.do_ping(dbapi_connection)
courier_service-1   |            ^^^^^^^^^^^^^^^^^^^^^^^^^^^^^^
courier_service-1   |   File "/usr/local/lib/python3.11/site-packages/sqlalchemy/dialects/postgresql/asyncpg.py", line 1160, in do_ping
courier_service-1   |     dbapi_connection.ping()
courier_service-1   |   File "/usr/local/lib/python3.11/site-packages/sqlalchemy/dialects/postgresql/asyncpg.py", line 818, in ping
courier_service-1   |     self._handle_exception(error)
courier_service-1   |   File "/usr/local/lib/python3.11/site-packages/sqlalchemy/dialects/postgresql/asyncpg.py", line 799, in _handle_exception
courier_service-1   |     raise error
courier_service-1   |   File "/usr/local/lib/python3.11/site-packages/sqlalchemy/dialects/postgresql/asyncpg.py", line 816, in ping
courier_service-1   |     _ = self.await_(self._async_ping())
courier_service-1   |         ^^^^^^^^^^^^^^^^^^^^^^^^^^^^^^^
courier_service-1   |   File "/usr/local/lib/python3.11/site-packages/sqlalchemy/util/_concurrency_py3k.py", line 132, in await_only
courier_service-1   |     return current.parent.switch(awaitable)  # type: ignore[no-any-return,attr-defined] # noqa: E501
courier_service-1   |            ^^^^^^^^^^^^^^^^^^^^^^^^^^^^^^^^
courier_service-1   |   File "/usr/local/lib/python3.11/site-packages/sqlalchemy/util/_concurrency_py3k.py", line 196, in greenlet_spawn
courier_service-1   |     value = await result
courier_service-1   |             ^^^^^^^^^^^^
courier_service-1   |   File "/usr/local/lib/python3.11/site-packages/sqlalchemy/dialects/postgresql/asyncpg.py", line 825, in _async_ping
courier_service-1   |     await tr.start()
courier_service-1   |   File "/usr/local/lib/python3.11/site-packages/asyncpg/transaction.py", line 146, in start
courier_service-1   |     await self._connection.execute(query)
courier_service-1   |   File "/usr/local/lib/python3.11/site-packages/asyncpg/connection.py", line 354, in execute
courier_service-1   |     result = await self._protocol.query(query, timeout)
courier_service-1   |              ^^^^^^^^^^^^^^^^^^^^^^^^^^^^^^^^^^^^^^^^^^
courier_service-1   |   File "asyncpg/protocol/protocol.pyx", line 369, in query
courier_service-1   | RuntimeError: Task <Task pending name='starlette.middleware.base.BaseHTTPMiddleware.__call__.<locals>.call_next.<locals>.coro' coro=<BaseHTTPMiddleware.__call__.<locals>.call_next.<locals>.coro() running at /usr/local/lib/python3.11/site-packages/starlette/middleware/base.py:144> cb=[TaskGroup._spawn.<locals>.task_done() at /usr/local/lib/python3.11/site-packages/anyio/_backends/_asyncio.py:821]> got Future <Future pending cb=[BaseProtocol._on_waiter_completed()]> attached to a different loop
courier_service-1   | Ответ assign для заказа 19: 500 - {"detail":"Assignment error: 500: Failed to get couriers"}
courier_service-1   | Маршрут для заказа 18: 39 -> 48 = [39, 42, 40, 24, 46, 38, 48]
courier_service-1   | INFO:     172.18.0.6:43768 - "GET /api/couriers/ HTTP/1.1" 200 OK
courier_service-1   | Ответ assign для заказа 18: 200 - {"status":"no_couriers_available"}
courier_service-1   | Маршрут для заказа 17: 22 -> 25 = [22, 1, 25]
courier_service-1   | INFO:     172.18.0.6:43784 - "GET /api/couriers/ HTTP/1.1" 200 OK
courier_service-1   | Ответ assign для заказа 17: 200 - {"status":"no_couriers_available"}
courier_service-1   | Маршрут для заказа 16: 5 -> 2 = [5, 29, 34, 42, 40, 24, 7, 2]
courier_service-1   | INFO:     172.18.0.6:43798 - "GET /api/couriers/ HTTP/1.1" 200 OK
courier_service-1   | Ответ assign для заказа 16: 200 - {"status":"no_couriers_available"}
courier_service-1   | Маршрут для заказа 15: 38 -> 29 = [38, 46, 24, 40, 42, 34, 29]
courier_service-1   | INFO:     172.18.0.6:43808 - "GET /api/couriers/ HTTP/1.1" 200 OK
courier_service-1   | Ответ assign для заказа 15: 200 - {"status":"no_couriers_available"}
courier_service-1   | Маршрут для заказа 14: 21 -> 6 = [21, 22, 6]
courier_service-1   | INFO:     172.18.0.6:43820 - "GET /api/couriers/ HTTP/1.1" 200 OK
courier_service-1   | Ответ assign для заказа 14: 200 - {"status":"no_couriers_available"}
courier_service-1   | Маршрут для заказа 13: 4 -> 33 = [4, 33]
courier_service-1   | INFO:     172.18.0.6:43830 - "GET /api/couriers/ HTTP/1.1" 200 OK
courier_service-1   | Ответ assign для заказа 13: 200 - {"status":"no_couriers_available"}
courier_service-1   | Маршрут для заказа 12: 37 -> 10 = [37, 7, 2, 10]
courier_service-1   | INFO:     172.18.0.6:43846 - "GET /api/couriers/ HTTP/1.1" 200 OK
courier_service-1   | Ответ assign для заказа 12: 200 - {"status":"no_couriers_available"}
courier_service-1   | Маршрут для заказа 11: 20 -> 37 = [20, 37]
courier_service-1   | INFO:     172.18.0.6:43854 - "GET /api/couriers/ HTTP/1.1" 200 OK
courier_service-1   | Ответ assign для заказа 11: 200 - {"status":"no_couriers_available"}
courier_service-1   | Маршрут для заказа 10: 3 -> 14 = [3, 14]
courier_service-1   | INFO:     172.18.0.6:43870 - "GET /api/couriers/ HTTP/1.1" 200 OK
courier_service-1   | Exception terminating connection <AdaptedConnection <asyncpg.connection.Connection object at 0x7f46bc324310>>
courier_service-1   | Traceback (most recent call last):
courier_service-1   |   File "/usr/local/lib/python3.11/site-packages/sqlalchemy/pool/base.py", line 373, in _close_connection
courier_service-1   |     self._dialect.do_terminate(connection)
courier_service-1   |   File "/usr/local/lib/python3.11/site-packages/sqlalchemy/dialects/postgresql/asyncpg.py", line 1127, in do_terminate
courier_service-1   |     dbapi_connection.terminate()
courier_service-1   |   File "/usr/local/lib/python3.11/site-packages/sqlalchemy/connectors/asyncio.py", line 402, in terminate
courier_service-1   |     self.await_(asyncio.shield(self._terminate_graceful_close()))  # type: ignore[attr-defined] # noqa: E501
courier_service-1   |     ^^^^^^^^^^^^^^^^^^^^^^^^^^^^^^^^^^^^^^^^^^^^^^^^^^^^^^^^^^^^^
courier_service-1   |   File "/usr/local/lib/python3.11/site-packages/sqlalchemy/util/_concurrency_py3k.py", line 132, in await_only
courier_service-1   |     return current.parent.switch(awaitable)  # type: ignore[no-any-return,attr-defined] # noqa: E501
courier_service-1   |            ^^^^^^^^^^^^^^^^^^^^^^^^^^^^^^^^
courier_service-1   |   File "/usr/local/lib/python3.11/site-packages/sqlalchemy/util/_concurrency_py3k.py", line 196, in greenlet_spawn
courier_service-1   |     value = await result
courier_service-1   |             ^^^^^^^^^^^^
courier_service-1   |   File "/usr/local/lib/python3.11/site-packages/sqlalchemy/dialects/postgresql/asyncpg.py", line 912, in _terminate_graceful_close
courier_service-1   |     await self._connection.close(timeout=2)
courier_service-1   |   File "/usr/local/lib/python3.11/site-packages/asyncpg/connection.py", line 1513, in close
courier_service-1   |     await self._protocol.close(timeout)
courier_service-1   |   File "asyncpg/protocol/protocol.pyx", line 618, in close
courier_service-1   | RuntimeError: Task <Task pending name='Task-539' coro=<AsyncAdapt_asyncpg_connection._terminate_graceful_close() running at /usr/local/lib/python3.11/site-packages/sqlalchemy/dialects/postgresql/asyncpg.py:912> cb=[shield.<locals>._inner_done_callback() at /usr/local/lib/python3.11/asyncio/tasks.py:891]> got Future <Future pending> attached to a different loop
courier_service-1   | Future exception was never retrieved
courier_service-1   | future: <Future finished exception=InternalClientError('got result for unknown protocol state 3')>
courier_service-1   | Traceback (most recent call last):
courier_service-1   |   File "asyncpg/protocol/protocol.pyx", line 892, in asyncpg.protocol.protocol.BaseProtocol._dispatch_result
courier_service-1   | asyncpg.exceptions._base.InternalClientError: got result for unknown protocol state 3
courier_service-1   | Ответ assign для заказа 10: 200 - {"status":"no_couriers_available"}
courier_service-1   | Маршрут для заказа 9: 36 -> 41 = [36, 41]
courier_service-1   | [CourierEmulator] move error for courier 5: Task <Task pending name='Task-538' coro=<CourierEmulator._move_along_route() running at /app/courier_service/courier_service.py:139> cb=[_run_until_complete_cb() at /usr/local/lib/python3.11/asyncio/base_events.py:181]> got Future <Future pending cb=[BaseProtocol._on_waiter_completed()]> attached to a different loop
courier_service-1   | INFO:     172.18.0.6:43876 - "GET /api/couriers/ HTTP/1.1" 200 OK
courier_service-1   | Ответ assign для заказа 9: 200 - {"status":"no_couriers_available"}
courier_service-1   | Маршрут для заказа 8: 19 -> 18 = [19, 18]
courier_service-1   | INFO:     172.18.0.6:43886 - "GET /api/couriers/ HTTP/1.1" 200 OK
courier_service-1   | Future exception was never retrieved
courier_service-1   | future: <Future finished exception=InternalClientError('got result for unknown protocol state 3')>
courier_service-1   | Traceback (most recent call last):
courier_service-1   |   File "asyncpg/protocol/protocol.pyx", line 892, in asyncpg.protocol.protocol.BaseProtocol._dispatch_result
courier_service-1   | asyncpg.exceptions._base.InternalClientError: got result for unknown protocol state 3
courier_service-1   | Exception terminating connection <AdaptedConnection <asyncpg.connection.Connection object at 0x7f46bc2fbb50>>
courier_service-1   | Traceback (most recent call last):
courier_service-1   |   File "/usr/local/lib/python3.11/site-packages/sqlalchemy/pool/base.py", line 373, in _close_connection
courier_service-1   |     self._dialect.do_terminate(connection)
courier_service-1   |   File "/usr/local/lib/python3.11/site-packages/sqlalchemy/dialects/postgresql/asyncpg.py", line 1127, in do_terminate
courier_service-1   |     dbapi_connection.terminate()
courier_service-1   |   File "/usr/local/lib/python3.11/site-packages/sqlalchemy/connectors/asyncio.py", line 402, in terminate
courier_service-1   |     self.await_(asyncio.shield(self._terminate_graceful_close()))  # type: ignore[attr-defined] # noqa: E501
courier_service-1   |     ^^^^^^^^^^^^^^^^^^^^^^^^^^^^^^^^^^^^^^^^^^^^^^^^^^^^^^^^^^^^^
courier_service-1   |   File "/usr/local/lib/python3.11/site-packages/sqlalchemy/util/_concurrency_py3k.py", line 132, in await_only
courier_service-1   |     return current.parent.switch(awaitable)  # type: ignore[no-any-return,attr-defined] # noqa: E501
courier_service-1   |            ^^^^^^^^^^^^^^^^^^^^^^^^^^^^^^^^
courier_service-1   |   File "/usr/local/lib/python3.11/site-packages/sqlalchemy/util/_concurrency_py3k.py", line 196, in greenlet_spawn
courier_service-1   |     value = await result
courier_service-1   |             ^^^^^^^^^^^^
courier_service-1   |   File "/usr/local/lib/python3.11/site-packages/sqlalchemy/dialects/postgresql/asyncpg.py", line 912, in _terminate_graceful_close
courier_service-1   |     await self._connection.close(timeout=2)
courier_service-1   |   File "/usr/local/lib/python3.11/site-packages/asyncpg/connection.py", line 1513, in close
courier_service-1   |     await self._protocol.close(timeout)
courier_service-1   |   File "asyncpg/protocol/protocol.pyx", line 618, in close
courier_service-1   | RuntimeError: Task <Task pending name='Task-550' coro=<AsyncAdapt_asyncpg_connection._terminate_graceful_close() running at /usr/local/lib/python3.11/site-packages/sqlalchemy/dialects/postgresql/asyncpg.py:912> cb=[shield.<locals>._inner_done_callback() at /usr/local/lib/python3.11/asyncio/tasks.py:891]> got Future <Future pending> attached to a different loop
courier_service-1   | Future exception was never retrieved
courier_service-1   | future: <Future finished exception=InternalClientError('got result for unknown protocol state 3')>
courier_service-1   | Traceback (most recent call last):
courier_service-1   |   File "asyncpg/protocol/protocol.pyx", line 892, in asyncpg.protocol.protocol.BaseProtocol._dispatch_result
courier_service-1   | asyncpg.exceptions._base.InternalClientError: got result for unknown protocol state 3
courier_service-1   | Ответ assign для заказа 8: 200 - {"status":"no_couriers_available"}
courier_service-1   | Маршрут для заказа 7: 2 -> 45 = [2, 7, 24, 40, 42, 34, 29, 5, 45]
courier_service-1   | [CourierEmulator] move error for courier 3: Task <Task pending name='Task-549' coro=<CourierEmulator._move_along_route() running at /app/courier_service/courier_service.py:139> cb=[_run_until_complete_cb() at /usr/local/lib/python3.11/asyncio/base_events.py:181]> got Future <Future pending cb=[BaseProtocol._on_waiter_completed()]> attached to a different loop
courier_service-1   | INFO:     172.18.0.6:43898 - "GET /api/couriers/ HTTP/1.1" 200 OK
courier_service-1   | Ответ assign для заказа 7: 200 - {"status":"no_couriers_available"}
courier_service-1   | Маршрут для заказа 6: 35 -> 22 = [35, 22]
courier_service-1   | INFO:     172.18.0.6:43902 - "GET /api/couriers/ HTTP/1.1" 200 OK
courier_service-1   | Ответ assign для заказа 6: 200 - {"status":"no_couriers_available"}
courier_service-1   | INFO:     172.18.0.8:37304 - "GET /api/couriers/ HTTP/1.1" 200 OK
courier_service-1   | INFO:     172.18.0.8:37312 - "GET /api/couriers/ HTTP/1.1" 200 OK
courier_service-1   | Future exception was never retrieved
courier_service-1   | future: <Future finished exception=InternalClientError('got result for unknown protocol state 3')>
courier_service-1   | Traceback (most recent call last):
courier_service-1   |   File "asyncpg/protocol/protocol.pyx", line 892, in asyncpg.protocol.protocol.BaseProtocol._dispatch_result
courier_service-1   | asyncpg.exceptions._base.InternalClientError: got result for unknown protocol state 3
courier_service-1   | Future exception was never retrieved
courier_service-1   | future: <Future finished exception=InternalClientError('got result for unknown protocol state 3')>
courier_service-1   | Traceback (most recent call last):
courier_service-1   |   File "asyncpg/protocol/protocol.pyx", line 892, in asyncpg.protocol.protocol.BaseProtocol._dispatch_result
courier_service-1   | asyncpg.exceptions._base.InternalClientError: got result for unknown protocol state 3
courier_service-1   | Exception terminating connection <AdaptedConnection <asyncpg.connection.Connection object at 0x7f46bc3249a0>>
courier_service-1   | Traceback (most recent call last):
courier_service-1   |   File "/usr/local/lib/python3.11/site-packages/sqlalchemy/pool/base.py", line 373, in _close_connection
courier_service-1   |     self._dialect.do_terminate(connection)
courier_service-1   |   File "/usr/local/lib/python3.11/site-packages/sqlalchemy/dialects/postgresql/asyncpg.py", line 1127, in do_terminate
courier_service-1   |     dbapi_connection.terminate()
courier_service-1   |   File "/usr/local/lib/python3.11/site-packages/sqlalchemy/connectors/asyncio.py", line 402, in terminate
courier_service-1   |     self.await_(asyncio.shield(self._terminate_graceful_close()))  # type: ignore[attr-defined] # noqa: E501
courier_service-1   |     ^^^^^^^^^^^^^^^^^^^^^^^^^^^^^^^^^^^^^^^^^^^^^^^^^^^^^^^^^^^^^
courier_service-1   |   File "/usr/local/lib/python3.11/site-packages/sqlalchemy/util/_concurrency_py3k.py", line 132, in await_only
courier_service-1   |     return current.parent.switch(awaitable)  # type: ignore[no-any-return,attr-defined] # noqa: E501
courier_service-1   |            ^^^^^^^^^^^^^^^^^^^^^^^^^^^^^^^^
courier_service-1   |   File "/usr/local/lib/python3.11/site-packages/sqlalchemy/util/_concurrency_py3k.py", line 196, in greenlet_spawn
courier_service-1   |     value = await result
courier_service-1   |             ^^^^^^^^^^^^
courier_service-1   |   File "/usr/local/lib/python3.11/site-packages/sqlalchemy/dialects/postgresql/asyncpg.py", line 912, in _terminate_graceful_close
courier_service-1   |     await self._connection.close(timeout=2)
courier_service-1   |   File "/usr/local/lib/python3.11/site-packages/asyncpg/connection.py", line 1513, in close
courier_service-1   |     await self._protocol.close(timeout)
courier_service-1   |   File "asyncpg/protocol/protocol.pyx", line 618, in close
courier_service-1   | RuntimeError: Task <Task pending name='Task-566' coro=<AsyncAdapt_asyncpg_connection._terminate_graceful_close() running at /usr/local/lib/python3.11/site-packages/sqlalchemy/dialects/postgresql/asyncpg.py:912> cb=[shield.<locals>._inner_done_callback() at /usr/local/lib/python3.11/asyncio/tasks.py:891]> got Future <Future pending> attached to a different loop
courier_service-1   | Exception terminating connection <AdaptedConnection <asyncpg.connection.Connection object at 0x7f46bc325120>>
courier_service-1   | Traceback (most recent call last):
courier_service-1   |   File "/usr/local/lib/python3.11/site-packages/sqlalchemy/pool/base.py", line 373, in _close_connection
courier_service-1   |     self._dialect.do_terminate(connection)
courier_service-1   |   File "/usr/local/lib/python3.11/site-packages/sqlalchemy/dialects/postgresql/asyncpg.py", line 1127, in do_terminate
courier_service-1   |     dbapi_connection.terminate()
courier_service-1   |   File "/usr/local/lib/python3.11/site-packages/sqlalchemy/connectors/asyncio.py", line 402, in terminate
courier_service-1   |     self.await_(asyncio.shield(self._terminate_graceful_close()))  # type: ignore[attr-defined] # noqa: E501
courier_service-1   |     ^^^^^^^^^^^^^^^^^^^^^^^^^^^^^^^^^^^^^^^^^^^^^^^^^^^^^^^^^^^^^
courier_service-1   |   File "/usr/local/lib/python3.11/site-packages/sqlalchemy/util/_concurrency_py3k.py", line 132, in await_only
courier_service-1   |     return current.parent.switch(awaitable)  # type: ignore[no-any-return,attr-defined] # noqa: E501
courier_service-1   |            ^^^^^^^^^^^^^^^^^^^^^^^^^^^^^^^^
courier_service-1   |   File "/usr/local/lib/python3.11/site-packages/sqlalchemy/util/_concurrency_py3k.py", line 196, in greenlet_spawn
courier_service-1   |     value = await result
courier_service-1   |             ^^^^^^^^^^^^
courier_service-1   |   File "/usr/local/lib/python3.11/site-packages/sqlalchemy/dialects/postgresql/asyncpg.py", line 912, in _terminate_graceful_close
courier_service-1   |     await self._connection.close(timeout=2)
courier_service-1   |   File "/usr/local/lib/python3.11/site-packages/asyncpg/connection.py", line 1513, in close
courier_service-1   |     await self._protocol.close(timeout)
courier_service-1   |   File "asyncpg/protocol/protocol.pyx", line 618, in close
courier_service-1   | RuntimeError: Task <Task pending name='Task-567' coro=<AsyncAdapt_asyncpg_connection._terminate_graceful_close() running at /usr/local/lib/python3.11/site-packages/sqlalchemy/dialects/postgresql/asyncpg.py:912> cb=[shield.<locals>._inner_done_callback() at /usr/local/lib/python3.11/asyncio/tasks.py:891]> got Future <Future pending> attached to a different loop
courier_service-1   | Future exception was never retrieved
courier_service-1   | future: <Future finished exception=InternalClientError('got result for unknown protocol state 3')>
courier_service-1   | Traceback (most recent call last):
courier_service-1   |   File "asyncpg/protocol/protocol.pyx", line 892, in asyncpg.protocol.protocol.BaseProtocol._dispatch_result
courier_service-1   | asyncpg.exceptions._base.InternalClientError: got result for unknown protocol state 3
courier_service-1   | Future exception was never retrieved
courier_service-1   | future: <Future finished exception=InternalClientError('got result for unknown protocol state 3')>
courier_service-1   | Traceback (most recent call last):
courier_service-1   |   File "asyncpg/protocol/protocol.pyx", line 892, in asyncpg.protocol.protocol.BaseProtocol._dispatch_result
courier_service-1   | asyncpg.exceptions._base.InternalClientError: got result for unknown protocol state 3
courier_service-1   | Exception terminating connection <AdaptedConnection <asyncpg.connection.Connection object at 0x7f46bc325e40>>
courier_service-1   | Traceback (most recent call last):
courier_service-1   |   File "/usr/local/lib/python3.11/site-packages/sqlalchemy/pool/base.py", line 373, in _close_connection
courier_service-1   |     self._dialect.do_terminate(connection)
courier_service-1   |   File "/usr/local/lib/python3.11/site-packages/sqlalchemy/dialects/postgresql/asyncpg.py", line 1127, in do_terminate
courier_service-1   |     dbapi_connection.terminate()
courier_service-1   |   File "/usr/local/lib/python3.11/site-packages/sqlalchemy/connectors/asyncio.py", line 402, in terminate
courier_service-1   |     self.await_(asyncio.shield(self._terminate_graceful_close()))  # type: ignore[attr-defined] # noqa: E501
courier_service-1   |     ^^^^^^^^^^^^^^^^^^^^^^^^^^^^^^^^^^^^^^^^^^^^^^^^^^^^^^^^^^^^^
courier_service-1   |   File "/usr/local/lib/python3.11/site-packages/sqlalchemy/util/_concurrency_py3k.py", line 132, in await_only
courier_service-1   |     return current.parent.switch(awaitable)  # type: ignore[no-any-return,attr-defined] # noqa: E501
courier_service-1   |            ^^^^^^^^^^^^^^^^^^^^^^^^^^^^^^^^
courier_service-1   |   File "/usr/local/lib/python3.11/site-packages/sqlalchemy/util/_concurrency_py3k.py", line 196, in greenlet_spawn
courier_service-1   |     value = await result
courier_service-1   |             ^^^^^^^^^^^^
courier_service-1   |   File "/usr/local/lib/python3.11/site-packages/sqlalchemy/dialects/postgresql/asyncpg.py", line 912, in _terminate_graceful_close
courier_service-1   |     await self._connection.close(timeout=2)
courier_service-1   |   File "/usr/local/lib/python3.11/site-packages/asyncpg/connection.py", line 1513, in close
courier_service-1   |     await self._protocol.close(timeout)
courier_service-1   |   File "asyncpg/protocol/protocol.pyx", line 618, in close
courier_service-1   | RuntimeError: Task <Task pending name='Task-573' coro=<AsyncAdapt_asyncpg_connection._terminate_graceful_close() running at /usr/local/lib/python3.11/site-packages/sqlalchemy/dialects/postgresql/asyncpg.py:912> cb=[shield.<locals>._inner_done_callback() at /usr/local/lib/python3.11/asyncio/tasks.py:891]> got Future <Future pending> attached to a different loop
courier_service-1   | Future exception was never retrieved
courier_service-1   | future: <Future finished exception=InternalClientError('got result for unknown protocol state 3')>
courier_service-1   | Traceback (most recent call last):
courier_service-1   |   File "asyncpg/protocol/protocol.pyx", line 892, in asyncpg.protocol.protocol.BaseProtocol._dispatch_result
courier_service-1   | asyncpg.exceptions._base.InternalClientError: got result for unknown protocol state 3
courier_service-1   | Exception terminating connection <AdaptedConnection <asyncpg.connection.Connection object at 0x7f46bc324d60>>
courier_service-1   | Traceback (most recent call last):
courier_service-1   |   File "/usr/local/lib/python3.11/site-packages/sqlalchemy/pool/base.py", line 373, in _close_connection
courier_service-1   |     self._dialect.do_terminate(connection)
courier_service-1   |   File "/usr/local/lib/python3.11/site-packages/sqlalchemy/dialects/postgresql/asyncpg.py", line 1127, in do_terminate
courier_service-1   |     dbapi_connection.terminate()
courier_service-1   |   File "/usr/local/lib/python3.11/site-packages/sqlalchemy/connectors/asyncio.py", line 402, in terminate
courier_service-1   |     self.await_(asyncio.shield(self._terminate_graceful_close()))  # type: ignore[attr-defined] # noqa: E501
courier_service-1   |     ^^^^^^^^^^^^^^^^^^^^^^^^^^^^^^^^^^^^^^^^^^^^^^^^^^^^^^^^^^^^^
courier_service-1   |   File "/usr/local/lib/python3.11/site-packages/sqlalchemy/util/_concurrency_py3k.py", line 132, in await_only
courier_service-1   |     return current.parent.switch(awaitable)  # type: ignore[no-any-return,attr-defined] # noqa: E501
courier_service-1   |            ^^^^^^^^^^^^^^^^^^^^^^^^^^^^^^^^
courier_service-1   |   File "/usr/local/lib/python3.11/site-packages/sqlalchemy/util/_concurrency_py3k.py", line 196, in greenlet_spawn
courier_service-1   |     value = await result
courier_service-1   |             ^^^^^^^^^^^^
courier_service-1   |   File "/usr/local/lib/python3.11/site-packages/sqlalchemy/dialects/postgresql/asyncpg.py", line 912, in _terminate_graceful_close
courier_service-1   |     await self._connection.close(timeout=2)
courier_service-1   |   File "/usr/local/lib/python3.11/site-packages/asyncpg/connection.py", line 1513, in close
courier_service-1   |     await self._protocol.close(timeout)
courier_service-1   |   File "asyncpg/protocol/protocol.pyx", line 618, in close
courier_service-1   | RuntimeError: Task <Task pending name='Task-584' coro=<AsyncAdapt_asyncpg_connection._terminate_graceful_close() running at /usr/local/lib/python3.11/site-packages/sqlalchemy/dialects/postgresql/asyncpg.py:912> cb=[shield.<locals>._inner_done_callback() at /usr/local/lib/python3.11/asyncio/tasks.py:891]> got Future <Future pending> attached to a different loop
courier_service-1   | Exception terminating connection <AdaptedConnection <asyncpg.connection.Connection object at 0x7f46bc2fb3d0>>
courier_service-1   | Traceback (most recent call last):
courier_service-1   |   File "/usr/local/lib/python3.11/site-packages/sqlalchemy/pool/base.py", line 373, in _close_connection
courier_service-1   |     self._dialect.do_terminate(connection)
courier_service-1   |   File "/usr/local/lib/python3.11/site-packages/sqlalchemy/dialects/postgresql/asyncpg.py", line 1127, in do_terminate
courier_service-1   |     dbapi_connection.terminate()
courier_service-1   |   File "/usr/local/lib/python3.11/site-packages/sqlalchemy/connectors/asyncio.py", line 402, in terminate
courier_service-1   |     self.await_(asyncio.shield(self._terminate_graceful_close()))  # type: ignore[attr-defined] # noqa: E501
courier_service-1   |     ^^^^^^^^^^^^^^^^^^^^^^^^^^^^^^^^^^^^^^^^^^^^^^^^^^^^^^^^^^^^^
courier_service-1   |   File "/usr/local/lib/python3.11/site-packages/sqlalchemy/util/_concurrency_py3k.py", line 132, in await_only
courier_service-1   |     return current.parent.switch(awaitable)  # type: ignore[no-any-return,attr-defined] # noqa: E501
courier_service-1   |            ^^^^^^^^^^^^^^^^^^^^^^^^^^^^^^^^
courier_service-1   |   File "/usr/local/lib/python3.11/site-packages/sqlalchemy/util/_concurrency_py3k.py", line 196, in greenlet_spawn
courier_service-1   |     value = await result
courier_service-1   |             ^^^^^^^^^^^^
courier_service-1   |   File "/usr/local/lib/python3.11/site-packages/sqlalchemy/dialects/postgresql/asyncpg.py", line 912, in _terminate_graceful_close
courier_service-1   |     await self._connection.close(timeout=2)
courier_service-1   |   File "/usr/local/lib/python3.11/site-packages/asyncpg/connection.py", line 1513, in close
courier_service-1   |     await self._protocol.close(timeout)
courier_service-1   |   File "asyncpg/protocol/protocol.pyx", line 618, in close
courier_service-1   | RuntimeError: Task <Task pending name='Task-590' coro=<AsyncAdapt_asyncpg_connection._terminate_graceful_close() running at /usr/local/lib/python3.11/site-packages/sqlalchemy/dialects/postgresql/asyncpg.py:912> cb=[shield.<locals>._inner_done_callback() at /usr/local/lib/python3.11/asyncio/tasks.py:891]> got Future <Future pending> attached to a different loop
courier_service-1   | Future exception was never retrieved
courier_service-1   | future: <Future finished exception=InternalClientError('got result for unknown protocol state 3')>
courier_service-1   | Traceback (most recent call last):
courier_service-1   |   File "asyncpg/protocol/protocol.pyx", line 892, in asyncpg.protocol.protocol.BaseProtocol._dispatch_result
courier_service-1   | asyncpg.exceptions._base.InternalClientError: got result for unknown protocol state 3
courier_service-1   | Future exception was never retrieved
courier_service-1   | future: <Future finished exception=InternalClientError('got result for unknown protocol state 3')>
courier_service-1   | Traceback (most recent call last):
courier_service-1   |   File "asyncpg/protocol/protocol.pyx", line 892, in asyncpg.protocol.protocol.BaseProtocol._dispatch_result
courier_service-1   | asyncpg.exceptions._base.InternalClientError: got result for unknown protocol state 3
courier_service-1   | Exception terminating connection <AdaptedConnection <asyncpg.connection.Connection object at 0x7f46bc326a70>>
courier_service-1   | Traceback (most recent call last):
courier_service-1   |   File "/usr/local/lib/python3.11/site-packages/sqlalchemy/pool/base.py", line 373, in _close_connection
courier_service-1   |     self._dialect.do_terminate(connection)
courier_service-1   |   File "/usr/local/lib/python3.11/site-packages/sqlalchemy/dialects/postgresql/asyncpg.py", line 1127, in do_terminate
courier_service-1   |     dbapi_connection.terminate()
courier_service-1   |   File "/usr/local/lib/python3.11/site-packages/sqlalchemy/connectors/asyncio.py", line 402, in terminate
courier_service-1   |     self.await_(asyncio.shield(self._terminate_graceful_close()))  # type: ignore[attr-defined] # noqa: E501
courier_service-1   |     ^^^^^^^^^^^^^^^^^^^^^^^^^^^^^^^^^^^^^^^^^^^^^^^^^^^^^^^^^^^^^
courier_service-1   |   File "/usr/local/lib/python3.11/site-packages/sqlalchemy/util/_concurrency_py3k.py", line 132, in await_only
courier_service-1   |     return current.parent.switch(awaitable)  # type: ignore[no-any-return,attr-defined] # noqa: E501
courier_service-1   |            ^^^^^^^^^^^^^^^^^^^^^^^^^^^^^^^^
courier_service-1   |   File "/usr/local/lib/python3.11/site-packages/sqlalchemy/util/_concurrency_py3k.py", line 196, in greenlet_spawn
courier_service-1   |     value = await result
courier_service-1   |             ^^^^^^^^^^^^
courier_service-1   |   File "/usr/local/lib/python3.11/site-packages/sqlalchemy/dialects/postgresql/asyncpg.py", line 912, in _terminate_graceful_close
courier_service-1   |     await self._connection.close(timeout=2)
courier_service-1   |   File "/usr/local/lib/python3.11/site-packages/asyncpg/connection.py", line 1513, in close
courier_service-1   |     await self._protocol.close(timeout)
courier_service-1   |   File "asyncpg/protocol/protocol.pyx", line 618, in close
courier_service-1   | RuntimeError: Task <Task pending name='Task-596' coro=<AsyncAdapt_asyncpg_connection._terminate_graceful_close() running at /usr/local/lib/python3.11/site-packages/sqlalchemy/dialects/postgresql/asyncpg.py:912> cb=[shield.<locals>._inner_done_callback() at /usr/local/lib/python3.11/asyncio/tasks.py:891]> got Future <Future pending> attached to a different loop
courier_service-1   | [CourierEmulator] move error for courier 1: Task <Task pending name='Task-565' coro=<CourierEmulator._move_along_route() running at /app/courier_service/courier_service.py:139> cb=[_run_until_complete_cb() at /usr/local/lib/python3.11/asyncio/base_events.py:181]> got Future <Future pending cb=[BaseProtocol._on_waiter_completed()]> attached to a different loop
courier_service-1   | [CourierEmulator] move error for courier 2: Task <Task pending name='Task-564' coro=<CourierEmulator._move_along_route() running at /app/courier_service/courier_service.py:139> cb=[_run_until_complete_cb() at /usr/local/lib/python3.11/asyncio/base_events.py:181]> got Future <Future pending cb=[BaseProtocol._on_waiter_completed()]> attached to a different loop
courier_service-1   | [CourierEmulator] move error for courier 4: Task <Task pending name='Task-572' coro=<CourierEmulator._move_along_route() running at /app/courier_service/courier_service.py:139> cb=[_run_until_complete_cb() at /usr/local/lib/python3.11/asyncio/base_events.py:181]> got Future <Future pending cb=[BaseProtocol._on_waiter_completed()]> attached to a different loop
courier_service-1   | [CourierEmulator] move error for courier 2: Task <Task pending name='Task-583' coro=<CourierEmulator._move_along_route() running at /app/courier_service/courier_service.py:139> cb=[_run_until_complete_cb() at /usr/local/lib/python3.11/asyncio/base_events.py:181]> got Future <Future pending cb=[BaseProtocol._on_waiter_completed()]> attached to a different loop
courier_service-1   | [CourierEmulator] move error for courier 4: Task <Task pending name='Task-589' coro=<CourierEmulator._move_along_route() running at /app/courier_service/courier_service.py:139> cb=[_run_until_complete_cb() at /usr/local/lib/python3.11/asyncio/base_events.py:181]> got Future <Future pending cb=[BaseProtocol._on_waiter_completed()]> attached to a different loop
courier_service-1   | [CourierEmulator] move error for courier 3: Task <Task pending name='Task-595' coro=<CourierEmulator._move_along_route() running at /app/courier_service/courier_service.py:139> cb=[_run_until_complete_cb() at /usr/local/lib/python3.11/asyncio/base_events.py:181]> got Future <Future pending cb=[BaseProtocol._on_waiter_completed()]> attached to a different loop
courier_service-1   | Найдено 15 заказов без курьеров
courier_service-1   | Маршрут для заказа 20: 23 -> 44 = [23, 13, 44]
courier_service-1   | INFO:     172.18.0.6:43912 - "GET /api/couriers/ HTTP/1.1" 200 OK
courier_service-1   | Exception terminating connection <AdaptedConnection <asyncpg.connection.Connection object at 0x7f46bc326890>>
courier_service-1   | Traceback (most recent call last):
courier_service-1   |   File "/usr/local/lib/python3.11/site-packages/sqlalchemy/pool/base.py", line 373, in _close_connection
courier_service-1   |     self._dialect.do_terminate(connection)
courier_service-1   |   File "/usr/local/lib/python3.11/site-packages/sqlalchemy/dialects/postgresql/asyncpg.py", line 1127, in do_terminate
courier_service-1   |     dbapi_connection.terminate()
courier_service-1   |   File "/usr/local/lib/python3.11/site-packages/sqlalchemy/connectors/asyncio.py", line 402, in terminate
courier_service-1   |     self.await_(asyncio.shield(self._terminate_graceful_close()))  # type: ignore[attr-defined] # noqa: E501
courier_service-1   |     ^^^^^^^^^^^^^^^^^^^^^^^^^^^^^^^^^^^^^^^^^^^^^^^^^^^^^^^^^^^^^
courier_service-1   |   File "/usr/local/lib/python3.11/site-packages/sqlalchemy/util/_concurrency_py3k.py", line 132, in await_only
courier_service-1   |     return current.parent.switch(awaitable)  # type: ignore[no-any-return,attr-defined] # noqa: E501
courier_service-1   |            ^^^^^^^^^^^^^^^^^^^^^^^^^^^^^^^^
courier_service-1   |   File "/usr/local/lib/python3.11/site-packages/sqlalchemy/util/_concurrency_py3k.py", line 196, in greenlet_spawn
courier_service-1   |     value = await result
courier_service-1   |             ^^^^^^^^^^^^
courier_service-1   |   File "/usr/local/lib/python3.11/site-packages/sqlalchemy/dialects/postgresql/asyncpg.py", line 912, in _terminate_graceful_close
courier_service-1   |     await self._connection.close(timeout=2)
courier_service-1   |   File "/usr/local/lib/python3.11/site-packages/asyncpg/connection.py", line 1513, in close
courier_service-1   |     await self._protocol.close(timeout)
courier_service-1   |   File "asyncpg/protocol/protocol.pyx", line 618, in close
courier_service-1   | RuntimeError: Task <Task pending name='Task-607' coro=<AsyncAdapt_asyncpg_connection._terminate_graceful_close() running at /usr/local/lib/python3.11/site-packages/sqlalchemy/dialects/postgresql/asyncpg.py:912> cb=[shield.<locals>._inner_done_callback() at /usr/local/lib/python3.11/asyncio/tasks.py:891]> got Future <Future pending> attached to a different loop
courier_service-1   | Ответ assign для заказа 20: 200 - {"status":"no_couriers_available"}
courier_service-1   | Маршрут для заказа 19: 6 -> 21 = [6, 22, 21]
courier_service-1   | INFO:     172.18.0.6:43924 - "GET /api/couriers/ HTTP/1.1" 500 Internal Server Error
courier_service-1   | ERROR:    Exception in ASGI application
courier_service-1   | Traceback (most recent call last):
courier_service-1   |   File "/usr/local/lib/python3.11/site-packages/uvicorn/protocols/http/httptools_impl.py", line 421, in run_asgi
courier_service-1   |     result = await app(  # type: ignore[func-returns-value]
courier_service-1   |              ^^^^^^^^^^^^^^^^^^^^^^^^^^^^^^^^^^^^^^^^^^^^^^
courier_service-1   |   File "/usr/local/lib/python3.11/site-packages/uvicorn/middleware/proxy_headers.py", line 56, in __call__
courier_service-1   |     return await self.app(scope, receive, send)
courier_service-1   |            ^^^^^^^^^^^^^^^^^^^^^^^^^^^^^^^^^^^^
courier_service-1   |   File "/usr/local/lib/python3.11/site-packages/fastapi/applications.py", line 1159, in __call__
courier_service-1   |     await super().__call__(scope, receive, send)
courier_service-1   |   File "/usr/local/lib/python3.11/site-packages/starlette/applications.py", line 90, in __call__
courier_service-1   |     await self.middleware_stack(scope, receive, send)
courier_service-1   |   File "/usr/local/lib/python3.11/site-packages/starlette/middleware/errors.py", line 186, in __call__
courier_service-1   |     raise exc
courier_service-1   |   File "/usr/local/lib/python3.11/site-packages/starlette/middleware/errors.py", line 164, in __call__
courier_service-1   |     await self.app(scope, receive, _send)
courier_service-1   |   File "/usr/local/lib/python3.11/site-packages/starlette/middleware/base.py", line 191, in __call__
courier_service-1   |     with recv_stream, send_stream, collapse_excgroups():
courier_service-1   |   File "/usr/local/lib/python3.11/contextlib.py", line 158, in __exit__
courier_service-1   |     self.gen.throw(typ, value, traceback)
courier_service-1   |   File "/usr/local/lib/python3.11/site-packages/starlette/_utils.py", line 87, in collapse_excgroups
courier_service-1   |     raise exc
courier_service-1   |   File "/usr/local/lib/python3.11/site-packages/starlette/middleware/base.py", line 193, in __call__
courier_service-1   |     response = await self.dispatch_func(request, call_next)
courier_service-1   |                ^^^^^^^^^^^^^^^^^^^^^^^^^^^^^^^^^^^^^^^^^^^^
courier_service-1   |   File "/app/courier_service/main.py", line 137, in prometheus_middleware
courier_service-1   |     response = await call_next(request)
courier_service-1   |                ^^^^^^^^^^^^^^^^^^^^^^^^
courier_service-1   |   File "/usr/local/lib/python3.11/site-packages/starlette/middleware/base.py", line 168, in call_next
courier_service-1   |     raise app_exc from app_exc.__cause__ or app_exc.__context__
courier_service-1   |   File "/usr/local/lib/python3.11/site-packages/starlette/middleware/base.py", line 144, in coro
courier_service-1   |     await self.app(scope, receive_or_disconnect, send_no_error)
courier_service-1   |   File "/usr/local/lib/python3.11/site-packages/starlette/middleware/exceptions.py", line 63, in __call__
courier_service-1   |     await wrap_app_handling_exceptions(self.app, conn)(scope, receive, send)
courier_service-1   |   File "/usr/local/lib/python3.11/site-packages/starlette/_exception_handler.py", line 53, in wrapped_app
courier_service-1   |     raise exc
courier_service-1   |   File "/usr/local/lib/python3.11/site-packages/starlette/_exception_handler.py", line 42, in wrapped_app
courier_service-1   |     await app(scope, receive, sender)
courier_service-1   |   File "/usr/local/lib/python3.11/site-packages/fastapi/middleware/asyncexitstack.py", line 18, in __call__
courier_service-1   |     await self.app(scope, receive, send)
courier_service-1   |   File "/usr/local/lib/python3.11/site-packages/starlette/routing.py", line 660, in __call__
courier_service-1   |     await self.middleware_stack(scope, receive, send)
courier_service-1   |   File "/usr/local/lib/python3.11/site-packages/starlette/routing.py", line 680, in app
courier_service-1   |     await route.handle(scope, receive, send)
courier_service-1   |   File "/usr/local/lib/python3.11/site-packages/starlette/routing.py", line 276, in handle
courier_service-1   |     await self.app(scope, receive, send)
courier_service-1   |   File "/usr/local/lib/python3.11/site-packages/fastapi/routing.py", line 134, in app
courier_service-1   |     await wrap_app_handling_exceptions(app, request)(scope, receive, send)
courier_service-1   |   File "/usr/local/lib/python3.11/site-packages/starlette/_exception_handler.py", line 53, in wrapped_app
courier_service-1   |     raise exc
courier_service-1   |   File "/usr/local/lib/python3.11/site-packages/starlette/_exception_handler.py", line 42, in wrapped_app
courier_service-1   |     await app(scope, receive, sender)
courier_service-1   |   File "/usr/local/lib/python3.11/site-packages/fastapi/routing.py", line 120, in app
courier_service-1   |     response = await f(request)
courier_service-1   |                ^^^^^^^^^^^^^^^^
courier_service-1   |   File "/usr/local/lib/python3.11/site-packages/fastapi/routing.py", line 674, in app
courier_service-1   |     raw_response = await run_endpoint_function(
courier_service-1   |                    ^^^^^^^^^^^^^^^^^^^^^^^^^^^^
courier_service-1   |   File "/usr/local/lib/python3.11/site-packages/fastapi/routing.py", line 328, in run_endpoint_function
courier_service-1   |     return await dependant.call(**values)
courier_service-1   |            ^^^^^^^^^^^^^^^^^^^^^^^^^^^^^^
courier_service-1   |   File "/app/courier_service/routes.py", line 245, in list_couriers
courier_service-1   |     couriers = await service.get_all_couriers()
courier_service-1   |                ^^^^^^^^^^^^^^^^^^^^^^^^^^^^^^^^
courier_service-1   |   File "/app/courier_service/courier_service.py", line 370, in get_all_couriers
courier_service-1   |     result = await self.session.execute(select(Courier).execution_options(populate_existing=True))
courier_service-1   |              ^^^^^^^^^^^^^^^^^^^^^^^^^^^^^^^^^^^^^^^^^^^^^^^^^^^^^^^^^^^^^^^^^^^^^^^^^^^^^^^^^^^^^
courier_service-1   |   File "/usr/local/lib/python3.11/site-packages/sqlalchemy/ext/asyncio/session.py", line 449, in execute
courier_service-1   |     result = await greenlet_spawn(
courier_service-1   |              ^^^^^^^^^^^^^^^^^^^^^
courier_service-1   |   File "/usr/local/lib/python3.11/site-packages/sqlalchemy/util/_concurrency_py3k.py", line 201, in greenlet_spawn
courier_service-1   |     result = context.throw(*sys.exc_info())
courier_service-1   |              ^^^^^^^^^^^^^^^^^^^^^^^^^^^^^^
courier_service-1   |   File "/usr/local/lib/python3.11/site-packages/sqlalchemy/orm/session.py", line 2351, in execute
courier_service-1   |     return self._execute_internal(
courier_service-1   |            ^^^^^^^^^^^^^^^^^^^^^^^
courier_service-1   |   File "/usr/local/lib/python3.11/site-packages/sqlalchemy/orm/session.py", line 2239, in _execute_internal
courier_service-1   |     conn = self._connection_for_bind(bind)
courier_service-1   |            ^^^^^^^^^^^^^^^^^^^^^^^^^^^^^^^
courier_service-1   |   File "/usr/local/lib/python3.11/site-packages/sqlalchemy/orm/session.py", line 2108, in _connection_for_bind
courier_service-1   |     return trans._connection_for_bind(engine, execution_options)
courier_service-1   |            ^^^^^^^^^^^^^^^^^^^^^^^^^^^^^^^^^^^^^^^^^^^^^^^^^^^^^
courier_service-1   |   File "<string>", line 2, in _connection_for_bind
courier_service-1   |   File "/usr/local/lib/python3.11/site-packages/sqlalchemy/orm/state_changes.py", line 137, in _go
courier_service-1   |     ret_value = fn(self, *arg, **kw)
courier_service-1   |                 ^^^^^^^^^^^^^^^^^^^^
courier_service-1   |   File "/usr/local/lib/python3.11/site-packages/sqlalchemy/orm/session.py", line 1187, in _connection_for_bind
courier_service-1   |     conn = bind.connect()
courier_service-1   |            ^^^^^^^^^^^^^^
courier_service-1   |   File "/usr/local/lib/python3.11/site-packages/sqlalchemy/engine/base.py", line 3293, in connect
courier_service-1   |     return self._connection_cls(self)
courier_service-1   |            ^^^^^^^^^^^^^^^^^^^^^^^^^^
courier_service-1   |   File "/usr/local/lib/python3.11/site-packages/sqlalchemy/engine/base.py", line 143, in __init__
courier_service-1   |     self._dbapi_connection = engine.raw_connection()
courier_service-1   |                              ^^^^^^^^^^^^^^^^^^^^^^^
courier_service-1   |   File "/usr/local/lib/python3.11/site-packages/sqlalchemy/engine/base.py", line 3317, in raw_connection
courier_service-1   |     return self.pool.connect()
courier_service-1   |            ^^^^^^^^^^^^^^^^^^^
courier_service-1   |   File "/usr/local/lib/python3.11/site-packages/sqlalchemy/pool/base.py", line 448, in connect
courier_service-1   |     return _ConnectionFairy._checkout(self)
courier_service-1   |            ^^^^^^^^^^^^^^^^^^^^^^^^^^^^^^^^
courier_service-1   |   File "/usr/local/lib/python3.11/site-packages/sqlalchemy/pool/base.py", line 1371, in _checkout
courier_service-1   |     with util.safe_reraise():
courier_service-1   |   File "/usr/local/lib/python3.11/site-packages/sqlalchemy/util/langhelpers.py", line 121, in __exit__
courier_service-1   |     raise exc_value.with_traceback(exc_tb)
courier_service-1   |   File "/usr/local/lib/python3.11/site-packages/sqlalchemy/pool/base.py", line 1309, in _checkout
courier_service-1   |     result = pool._dialect._do_ping_w_event(
courier_service-1   |              ^^^^^^^^^^^^^^^^^^^^^^^^^^^^^^^
courier_service-1   |   File "/usr/local/lib/python3.11/site-packages/sqlalchemy/engine/default.py", line 729, in _do_ping_w_event
courier_service-1   |     return self.do_ping(dbapi_connection)
courier_service-1   |            ^^^^^^^^^^^^^^^^^^^^^^^^^^^^^^
courier_service-1   |   File "/usr/local/lib/python3.11/site-packages/sqlalchemy/dialects/postgresql/asyncpg.py", line 1160, in do_ping
courier_service-1   |     dbapi_connection.ping()
courier_service-1   |   File "/usr/local/lib/python3.11/site-packages/sqlalchemy/dialects/postgresql/asyncpg.py", line 818, in ping
courier_service-1   |     self._handle_exception(error)
courier_service-1   |   File "/usr/local/lib/python3.11/site-packages/sqlalchemy/dialects/postgresql/asyncpg.py", line 799, in _handle_exception
courier_service-1   |     raise error
courier_service-1   |   File "/usr/local/lib/python3.11/site-packages/sqlalchemy/dialects/postgresql/asyncpg.py", line 816, in ping
courier_service-1   |     _ = self.await_(self._async_ping())
courier_service-1   |         ^^^^^^^^^^^^^^^^^^^^^^^^^^^^^^^
courier_service-1   |   File "/usr/local/lib/python3.11/site-packages/sqlalchemy/util/_concurrency_py3k.py", line 132, in await_only
courier_service-1   |     return current.parent.switch(awaitable)  # type: ignore[no-any-return,attr-defined] # noqa: E501
courier_service-1   |            ^^^^^^^^^^^^^^^^^^^^^^^^^^^^^^^^
courier_service-1   |   File "/usr/local/lib/python3.11/site-packages/sqlalchemy/util/_concurrency_py3k.py", line 196, in greenlet_spawn
courier_service-1   |     value = await result
courier_service-1   |             ^^^^^^^^^^^^
courier_service-1   |   File "/usr/local/lib/python3.11/site-packages/sqlalchemy/dialects/postgresql/asyncpg.py", line 825, in _async_ping
courier_service-1   |     await tr.start()
courier_service-1   |   File "/usr/local/lib/python3.11/site-packages/asyncpg/transaction.py", line 146, in start
courier_service-1   |     await self._connection.execute(query)
courier_service-1   |   File "/usr/local/lib/python3.11/site-packages/asyncpg/connection.py", line 354, in execute
courier_service-1   |     result = await self._protocol.query(query, timeout)
courier_service-1   |              ^^^^^^^^^^^^^^^^^^^^^^^^^^^^^^^^^^^^^^^^^^
courier_service-1   |   File "asyncpg/protocol/protocol.pyx", line 369, in query
courier_service-1   | RuntimeError: Task <Task pending name='starlette.middleware.base.BaseHTTPMiddleware.__call__.<locals>.call_next.<locals>.coro' coro=<BaseHTTPMiddleware.__call__.<locals>.call_next.<locals>.coro() running at /usr/local/lib/python3.11/site-packages/starlette/middleware/base.py:144> cb=[TaskGroup._spawn.<locals>.task_done() at /usr/local/lib/python3.11/site-packages/anyio/_backends/_asyncio.py:821]> got Future <Future pending cb=[BaseProtocol._on_waiter_completed()]> attached to a different loop
courier_service-1   | Ответ assign для заказа 19: 500 - {"detail":"Assignment error: 500: Failed to get couriers"}
courier_service-1   | Маршрут для заказа 18: 39 -> 48 = [39, 42, 40, 24, 46, 38, 48]
courier_service-1   | INFO:     172.18.0.6:43926 - "GET /api/couriers/ HTTP/1.1" 200 OK
courier_service-1   | Ответ assign для заказа 18: 200 - {"status":"no_couriers_available"}
courier_service-1   | Маршрут для заказа 17: 22 -> 25 = [22, 1, 25]
courier_service-1   | INFO:     172.18.0.6:43938 - "GET /api/couriers/ HTTP/1.1" 200 OK
courier_service-1   | Ответ assign для заказа 17: 200 - {"status":"no_couriers_available"}
courier_service-1   | Маршрут для заказа 16: 5 -> 2 = [5, 29, 34, 42, 40, 24, 7, 2]
courier_service-1   | INFO:     172.18.0.6:43946 - "GET /api/couriers/ HTTP/1.1" 200 OK
courier_service-1   | Ответ assign для заказа 16: 200 - {"status":"no_couriers_available"}
courier_service-1   | Маршрут для заказа 15: 38 -> 29 = [38, 46, 24, 40, 42, 34, 29]
courier_service-1   | INFO:     172.18.0.6:43958 - "GET /api/couriers/ HTTP/1.1" 200 OK
courier_service-1   | Ответ assign для заказа 15: 200 - {"status":"no_couriers_available"}
courier_service-1   | Маршрут для заказа 14: 21 -> 6 = [21, 22, 6]
courier_service-1   | INFO:     172.18.0.6:43966 - "GET /api/couriers/ HTTP/1.1" 200 OK
courier_service-1   | Ответ assign для заказа 14: 200 - {"status":"no_couriers_available"}
courier_service-1   | Маршрут для заказа 13: 4 -> 33 = [4, 33]
courier_service-1   | INFO:     172.18.0.6:43968 - "GET /api/couriers/ HTTP/1.1" 200 OK
courier_service-1   | Ответ assign для заказа 13: 200 - {"status":"no_couriers_available"}
courier_service-1   | Маршрут для заказа 12: 37 -> 10 = [37, 7, 2, 10]
courier_service-1   | INFO:     172.18.0.6:43978 - "GET /api/couriers/ HTTP/1.1" 200 OK
courier_service-1   | Ответ assign для заказа 12: 200 - {"status":"no_couriers_available"}
courier_service-1   | Маршрут для заказа 11: 20 -> 37 = [20, 37]
courier_service-1   | INFO:     172.18.0.6:43988 - "GET /api/couriers/ HTTP/1.1" 200 OK
courier_service-1   | Ответ assign для заказа 11: 200 - {"status":"no_couriers_available"}
courier_service-1   | Маршрут для заказа 10: 3 -> 14 = [3, 14]
courier_service-1   | INFO:     172.18.0.6:43994 - "GET /api/couriers/ HTTP/1.1" 200 OK
courier_service-1   | Ответ assign для заказа 10: 200 - {"status":"no_couriers_available"}
courier_service-1   | Маршрут для заказа 9: 36 -> 41 = [36, 41]
courier_service-1   | INFO:     172.18.0.6:43996 - "GET /api/couriers/ HTTP/1.1" 200 OK
courier_service-1   | Ответ assign для заказа 9: 200 - {"status":"no_couriers_available"}
courier_service-1   | Маршрут для заказа 8: 19 -> 18 = [19, 18]
courier_service-1   | INFO:     172.18.0.6:43998 - "GET /api/couriers/ HTTP/1.1" 200 OK
courier_service-1   | Ответ assign для заказа 8: 200 - {"status":"no_couriers_available"}
courier_service-1   | Маршрут для заказа 7: 2 -> 45 = [2, 7, 24, 40, 42, 34, 29, 5, 45]
courier_service-1   | INFO:     172.18.0.6:44000 - "GET /api/couriers/ HTTP/1.1" 200 OK
courier_service-1   | Ответ assign для заказа 7: 200 - {"status":"no_couriers_available"}
courier_service-1   | Маршрут для заказа 6: 35 -> 22 = [35, 22]
courier_service-1   | INFO:     172.18.0.6:44010 - "GET /api/couriers/ HTTP/1.1" 200 OK
courier_service-1   | Exception terminating connection <AdaptedConnection <asyncpg.connection.Connection object at 0x7f46bf7c9a80>>
courier_service-1   | Traceback (most recent call last):
courier_service-1   |   File "/usr/local/lib/python3.11/site-packages/sqlalchemy/pool/base.py", line 373, in _close_connection
courier_service-1   |     self._dialect.do_terminate(connection)
courier_service-1   |   File "/usr/local/lib/python3.11/site-packages/sqlalchemy/dialects/postgresql/asyncpg.py", line 1127, in do_terminate
courier_service-1   |     dbapi_connection.terminate()
courier_service-1   |   File "/usr/local/lib/python3.11/site-packages/sqlalchemy/connectors/asyncio.py", line 402, in terminate
courier_service-1   |     self.await_(asyncio.shield(self._terminate_graceful_close()))  # type: ignore[attr-defined] # noqa: E501
courier_service-1   |     ^^^^^^^^^^^^^^^^^^^^^^^^^^^^^^^^^^^^^^^^^^^^^^^^^^^^^^^^^^^^^
courier_service-1   |   File "/usr/local/lib/python3.11/site-packages/sqlalchemy/util/_concurrency_py3k.py", line 132, in await_only
courier_service-1   |     return current.parent.switch(awaitable)  # type: ignore[no-any-return,attr-defined] # noqa: E501
courier_service-1   |            ^^^^^^^^^^^^^^^^^^^^^^^^^^^^^^^^
courier_service-1   |   File "/usr/local/lib/python3.11/site-packages/sqlalchemy/util/_concurrency_py3k.py", line 196, in greenlet_spawn
courier_service-1   |     value = await result
courier_service-1   |             ^^^^^^^^^^^^
courier_service-1   |   File "/usr/local/lib/python3.11/site-packages/sqlalchemy/dialects/postgresql/asyncpg.py", line 912, in _terminate_graceful_close
courier_service-1   |     await self._connection.close(timeout=2)
courier_service-1   |   File "/usr/local/lib/python3.11/site-packages/asyncpg/connection.py", line 1513, in close
courier_service-1   |     await self._protocol.close(timeout)
courier_service-1   |   File "asyncpg/protocol/protocol.pyx", line 618, in close
courier_service-1   | RuntimeError: Task <Task pending name='Task-652' coro=<AsyncAdapt_asyncpg_connection._terminate_graceful_close() running at /usr/local/lib/python3.11/site-packages/sqlalchemy/dialects/postgresql/asyncpg.py:912> cb=[shield.<locals>._inner_done_callback() at /usr/local/lib/python3.11/asyncio/tasks.py:891]> got Future <Future pending> attached to a different loop
courier_service-1   | Future exception was never retrieved
courier_service-1   | future: <Future finished exception=InternalClientError('got result for unknown protocol state 3')>
courier_service-1   | Traceback (most recent call last):
courier_service-1   |   File "asyncpg/protocol/protocol.pyx", line 892, in asyncpg.protocol.protocol.BaseProtocol._dispatch_result
courier_service-1   | asyncpg.exceptions._base.InternalClientError: got result for unknown protocol state 3
courier_service-1   | Exception terminating connection <AdaptedConnection <asyncpg.connection.Connection object at 0x7f46bf7dff10>>
courier_service-1   | Traceback (most recent call last):
courier_service-1   |   File "/usr/local/lib/python3.11/site-packages/sqlalchemy/pool/base.py", line 373, in _close_connection
courier_service-1   |     self._dialect.do_terminate(connection)
courier_service-1   |   File "/usr/local/lib/python3.11/site-packages/sqlalchemy/dialects/postgresql/asyncpg.py", line 1127, in do_terminate
courier_service-1   |     dbapi_connection.terminate()
courier_service-1   |   File "/usr/local/lib/python3.11/site-packages/sqlalchemy/connectors/asyncio.py", line 402, in terminate
courier_service-1   |     self.await_(asyncio.shield(self._terminate_graceful_close()))  # type: ignore[attr-defined] # noqa: E501
courier_service-1   |     ^^^^^^^^^^^^^^^^^^^^^^^^^^^^^^^^^^^^^^^^^^^^^^^^^^^^^^^^^^^^^
courier_service-1   |   File "/usr/local/lib/python3.11/site-packages/sqlalchemy/util/_concurrency_py3k.py", line 132, in await_only
courier_service-1   |     return current.parent.switch(awaitable)  # type: ignore[no-any-return,attr-defined] # noqa: E501
courier_service-1   |            ^^^^^^^^^^^^^^^^^^^^^^^^^^^^^^^^
courier_service-1   |   File "/usr/local/lib/python3.11/site-packages/sqlalchemy/util/_concurrency_py3k.py", line 196, in greenlet_spawn
courier_service-1   |     value = await result
courier_service-1   |             ^^^^^^^^^^^^
courier_service-1   |   File "/usr/local/lib/python3.11/site-packages/sqlalchemy/dialects/postgresql/asyncpg.py", line 912, in _terminate_graceful_close
courier_service-1   |     await self._connection.close(timeout=2)
courier_service-1   |   File "/usr/local/lib/python3.11/site-packages/asyncpg/connection.py", line 1513, in close
courier_service-1   |     await self._protocol.close(timeout)
courier_service-1   |   File "asyncpg/protocol/protocol.pyx", line 618, in close
courier_service-1   | RuntimeError: Task <Task pending name='Task-656' coro=<AsyncAdapt_asyncpg_connection._terminate_graceful_close() running at /usr/local/lib/python3.11/site-packages/sqlalchemy/dialects/postgresql/asyncpg.py:912> cb=[shield.<locals>._inner_done_callback() at /usr/local/lib/python3.11/asyncio/tasks.py:891]> got Future <Future pending> attached to a different loop
courier_service-1   | Exception terminating connection <AdaptedConnection <asyncpg.connection.Connection object at 0x7f46bf7cbc40>>
courier_service-1   | Traceback (most recent call last):
courier_service-1   |   File "/usr/local/lib/python3.11/site-packages/sqlalchemy/pool/base.py", line 373, in _close_connection
courier_service-1   |     self._dialect.do_terminate(connection)
courier_service-1   |   File "/usr/local/lib/python3.11/site-packages/sqlalchemy/dialects/postgresql/asyncpg.py", line 1127, in do_terminate
courier_service-1   |     dbapi_connection.terminate()
courier_service-1   |   File "/usr/local/lib/python3.11/site-packages/sqlalchemy/connectors/asyncio.py", line 402, in terminate
courier_service-1   |     self.await_(asyncio.shield(self._terminate_graceful_close()))  # type: ignore[attr-defined] # noqa: E501
courier_service-1   |     ^^^^^^^^^^^^^^^^^^^^^^^^^^^^^^^^^^^^^^^^^^^^^^^^^^^^^^^^^^^^^
courier_service-1   |   File "/usr/local/lib/python3.11/site-packages/sqlalchemy/util/_concurrency_py3k.py", line 132, in await_only
courier_service-1   |     return current.parent.switch(awaitable)  # type: ignore[no-any-return,attr-defined] # noqa: E501
courier_service-1   |            ^^^^^^^^^^^^^^^^^^^^^^^^^^^^^^^^
courier_service-1   |   File "/usr/local/lib/python3.11/site-packages/sqlalchemy/util/_concurrency_py3k.py", line 196, in greenlet_spawn
courier_service-1   |     value = await result
courier_service-1   |             ^^^^^^^^^^^^
courier_service-1   |   File "/usr/local/lib/python3.11/site-packages/sqlalchemy/dialects/postgresql/asyncpg.py", line 912, in _terminate_graceful_close
courier_service-1   |     await self._connection.close(timeout=2)
courier_service-1   |   File "/usr/local/lib/python3.11/site-packages/asyncpg/connection.py", line 1513, in close
courier_service-1   |     await self._protocol.close(timeout)
courier_service-1   |   File "asyncpg/protocol/protocol.pyx", line 618, in close
courier_service-1   | RuntimeError: Task <Task pending name='Task-660' coro=<AsyncAdapt_asyncpg_connection._terminate_graceful_close() running at /usr/local/lib/python3.11/site-packages/sqlalchemy/dialects/postgresql/asyncpg.py:912> cb=[shield.<locals>._inner_done_callback() at /usr/local/lib/python3.11/asyncio/tasks.py:891]> got Future <Future pending> attached to a different loop
courier_service-1   | Future exception was never retrieved
courier_service-1   | future: <Future finished exception=InternalClientError('got result for unknown protocol state 3')>
courier_service-1   | Traceback (most recent call last):
courier_service-1   |   File "asyncpg/protocol/protocol.pyx", line 892, in asyncpg.protocol.protocol.BaseProtocol._dispatch_result
courier_service-1   | asyncpg.exceptions._base.InternalClientError: got result for unknown protocol state 3
courier_service-1   | Future exception was never retrieved
courier_service-1   | future: <Future finished exception=InternalClientError('got result for unknown protocol state 3')>
courier_service-1   | Traceback (most recent call last):
courier_service-1   |   File "asyncpg/protocol/protocol.pyx", line 892, in asyncpg.protocol.protocol.BaseProtocol._dispatch_result
courier_service-1   | asyncpg.exceptions._base.InternalClientError: got result for unknown protocol state 3
courier_service-1   | Future exception was never retrieved
courier_service-1   | future: <Future finished exception=InternalClientError('got result for unknown protocol state 3')>
courier_service-1   | Traceback (most recent call last):
courier_service-1   |   File "asyncpg/protocol/protocol.pyx", line 892, in asyncpg.protocol.protocol.BaseProtocol._dispatch_result
courier_service-1   | asyncpg.exceptions._base.InternalClientError: got result for unknown protocol state 3
courier_service-1   | Future exception was never retrieved
courier_service-1   | future: <Future finished exception=InternalClientError('got result for unknown protocol state 3')>
courier_service-1   | Traceback (most recent call last):
courier_service-1   |   File "asyncpg/protocol/protocol.pyx", line 892, in asyncpg.protocol.protocol.BaseProtocol._dispatch_result
courier_service-1   | asyncpg.exceptions._base.InternalClientError: got result for unknown protocol state 3
courier_service-1   | Ответ assign для заказа 6: 200 - {"status":"no_couriers_available"}
courier_service-1   | [CourierEmulator] move error for courier 2: Task <Task pending name='Task-651' coro=<CourierEmulator._move_along_route() running at /app/courier_service/courier_service.py:139> cb=[_run_until_complete_cb() at /usr/local/lib/python3.11/asyncio/base_events.py:181]> got Future <Future pending cb=[BaseProtocol._on_waiter_completed()]> attached to a different loop
courier_service-1   | [CourierEmulator] move error for courier 1: Task <Task pending name='Task-655' coro=<CourierEmulator._move_along_route() running at /app/courier_service/courier_service.py:139> cb=[_run_until_complete_cb() at /usr/local/lib/python3.11/asyncio/base_events.py:181]> got Future <Future pending cb=[BaseProtocol._on_waiter_completed()]> attached to a different loop
courier_service-1   | [CourierEmulator] move error for courier 4: Task <Task pending name='Task-659' coro=<CourierEmulator._move_along_route() running at /app/courier_service/courier_service.py:139> cb=[_run_until_complete_cb() at /usr/local/lib/python3.11/asyncio/base_events.py:181]> got Future <Future pending cb=[BaseProtocol._on_waiter_completed()]> attached to a different loop
courier_service-1   | INFO:     172.18.0.8:37314 - "GET /api/couriers/ HTTP/1.1" 200 OK
courier_service-1   | Exception terminating connection <AdaptedConnection <asyncpg.connection.Connection object at 0x7f46bc4b8c70>>
courier_service-1   | Traceback (most recent call last):
courier_service-1   |   File "/usr/local/lib/python3.11/site-packages/sqlalchemy/pool/base.py", line 373, in _close_connection
courier_service-1   |     self._dialect.do_terminate(connection)
courier_service-1   |   File "/usr/local/lib/python3.11/site-packages/sqlalchemy/dialects/postgresql/asyncpg.py", line 1127, in do_terminate
courier_service-1   |     dbapi_connection.terminate()
courier_service-1   |   File "/usr/local/lib/python3.11/site-packages/sqlalchemy/connectors/asyncio.py", line 402, in terminate
courier_service-1   |     self.await_(asyncio.shield(self._terminate_graceful_close()))  # type: ignore[attr-defined] # noqa: E501
courier_service-1   |     ^^^^^^^^^^^^^^^^^^^^^^^^^^^^^^^^^^^^^^^^^^^^^^^^^^^^^^^^^^^^^
courier_service-1   |   File "/usr/local/lib/python3.11/site-packages/sqlalchemy/util/_concurrency_py3k.py", line 132, in await_only
courier_service-1   |     return current.parent.switch(awaitable)  # type: ignore[no-any-return,attr-defined] # noqa: E501
courier_service-1   |            ^^^^^^^^^^^^^^^^^^^^^^^^^^^^^^^^
courier_service-1   |   File "/usr/local/lib/python3.11/site-packages/sqlalchemy/util/_concurrency_py3k.py", line 196, in greenlet_spawn
courier_service-1   |     value = await result
courier_service-1   |             ^^^^^^^^^^^^
courier_service-1   |   File "/usr/local/lib/python3.11/site-packages/sqlalchemy/dialects/postgresql/asyncpg.py", line 912, in _terminate_graceful_close
courier_service-1   |     await self._connection.close(timeout=2)
courier_service-1   |   File "/usr/local/lib/python3.11/site-packages/asyncpg/connection.py", line 1513, in close
courier_service-1   |     await self._protocol.close(timeout)
courier_service-1   |   File "asyncpg/protocol/protocol.pyx", line 618, in close
courier_service-1   | RuntimeError: Task <Task pending name='Task-675' coro=<AsyncAdapt_asyncpg_connection._terminate_graceful_close() running at /usr/local/lib/python3.11/site-packages/sqlalchemy/dialects/postgresql/asyncpg.py:912> cb=[shield.<locals>._inner_done_callback() at /usr/local/lib/python3.11/asyncio/tasks.py:891]> got Future <Future pending> attached to a different loop
courier_service-1   | INFO:     172.18.0.8:37316 - "GET /api/couriers/ HTTP/1.1" 500 Internal Server Error
courier_service-1   | ERROR:    Exception in ASGI application
courier_service-1   | Traceback (most recent call last):
courier_service-1   |   File "/usr/local/lib/python3.11/site-packages/uvicorn/protocols/http/httptools_impl.py", line 421, in run_asgi
courier_service-1   |     result = await app(  # type: ignore[func-returns-value]
courier_service-1   |              ^^^^^^^^^^^^^^^^^^^^^^^^^^^^^^^^^^^^^^^^^^^^^^
courier_service-1   |   File "/usr/local/lib/python3.11/site-packages/uvicorn/middleware/proxy_headers.py", line 56, in __call__
courier_service-1   |     return await self.app(scope, receive, send)
courier_service-1   |            ^^^^^^^^^^^^^^^^^^^^^^^^^^^^^^^^^^^^
courier_service-1   |   File "/usr/local/lib/python3.11/site-packages/fastapi/applications.py", line 1159, in __call__
courier_service-1   |     await super().__call__(scope, receive, send)
courier_service-1   |   File "/usr/local/lib/python3.11/site-packages/starlette/applications.py", line 90, in __call__
courier_service-1   |     await self.middleware_stack(scope, receive, send)
courier_service-1   |   File "/usr/local/lib/python3.11/site-packages/starlette/middleware/errors.py", line 186, in __call__
courier_service-1   |     raise exc
courier_service-1   |   File "/usr/local/lib/python3.11/site-packages/starlette/middleware/errors.py", line 164, in __call__
courier_service-1   |     await self.app(scope, receive, _send)
courier_service-1   |   File "/usr/local/lib/python3.11/site-packages/starlette/middleware/base.py", line 191, in __call__
courier_service-1   |     with recv_stream, send_stream, collapse_excgroups():
courier_service-1   |   File "/usr/local/lib/python3.11/contextlib.py", line 158, in __exit__
courier_service-1   |     self.gen.throw(typ, value, traceback)
courier_service-1   |   File "/usr/local/lib/python3.11/site-packages/starlette/_utils.py", line 87, in collapse_excgroups
courier_service-1   |     raise exc
courier_service-1   |   File "/usr/local/lib/python3.11/site-packages/starlette/middleware/base.py", line 193, in __call__
courier_service-1   |     response = await self.dispatch_func(request, call_next)
courier_service-1   |                ^^^^^^^^^^^^^^^^^^^^^^^^^^^^^^^^^^^^^^^^^^^^
courier_service-1   |   File "/app/courier_service/main.py", line 137, in prometheus_middleware
courier_service-1   |     response = await call_next(request)
courier_service-1   |                ^^^^^^^^^^^^^^^^^^^^^^^^
courier_service-1   |   File "/usr/local/lib/python3.11/site-packages/starlette/middleware/base.py", line 168, in call_next
courier_service-1   |     raise app_exc from app_exc.__cause__ or app_exc.__context__
courier_service-1   |   File "/usr/local/lib/python3.11/site-packages/starlette/middleware/base.py", line 144, in coro
courier_service-1   |     await self.app(scope, receive_or_disconnect, send_no_error)
courier_service-1   |   File "/usr/local/lib/python3.11/site-packages/starlette/middleware/exceptions.py", line 63, in __call__
courier_service-1   |     await wrap_app_handling_exceptions(self.app, conn)(scope, receive, send)
courier_service-1   |   File "/usr/local/lib/python3.11/site-packages/starlette/_exception_handler.py", line 53, in wrapped_app
courier_service-1   |     raise exc
courier_service-1   |   File "/usr/local/lib/python3.11/site-packages/starlette/_exception_handler.py", line 42, in wrapped_app
courier_service-1   |     await app(scope, receive, sender)
courier_service-1   |   File "/usr/local/lib/python3.11/site-packages/fastapi/middleware/asyncexitstack.py", line 18, in __call__
courier_service-1   |     await self.app(scope, receive, send)
courier_service-1   |   File "/usr/local/lib/python3.11/site-packages/starlette/routing.py", line 660, in __call__
courier_service-1   |     await self.middleware_stack(scope, receive, send)
courier_service-1   |   File "/usr/local/lib/python3.11/site-packages/starlette/routing.py", line 680, in app
courier_service-1   |     await route.handle(scope, receive, send)
courier_service-1   |   File "/usr/local/lib/python3.11/site-packages/starlette/routing.py", line 276, in handle
courier_service-1   |     await self.app(scope, receive, send)
courier_service-1   |   File "/usr/local/lib/python3.11/site-packages/fastapi/routing.py", line 134, in app
courier_service-1   |     await wrap_app_handling_exceptions(app, request)(scope, receive, send)
courier_service-1   |   File "/usr/local/lib/python3.11/site-packages/starlette/_exception_handler.py", line 53, in wrapped_app
courier_service-1   |     raise exc
courier_service-1   |   File "/usr/local/lib/python3.11/site-packages/starlette/_exception_handler.py", line 42, in wrapped_app
courier_service-1   |     await app(scope, receive, sender)
courier_service-1   |   File "/usr/local/lib/python3.11/site-packages/fastapi/routing.py", line 120, in app
courier_service-1   |     response = await f(request)
courier_service-1   |                ^^^^^^^^^^^^^^^^
courier_service-1   |   File "/usr/local/lib/python3.11/site-packages/fastapi/routing.py", line 674, in app
courier_service-1   |     raw_response = await run_endpoint_function(
courier_service-1   |                    ^^^^^^^^^^^^^^^^^^^^^^^^^^^^
courier_service-1   |   File "/usr/local/lib/python3.11/site-packages/fastapi/routing.py", line 328, in run_endpoint_function
courier_service-1   |     return await dependant.call(**values)
courier_service-1   |            ^^^^^^^^^^^^^^^^^^^^^^^^^^^^^^
courier_service-1   |   File "/app/courier_service/routes.py", line 245, in list_couriers
courier_service-1   |     couriers = await service.get_all_couriers()
courier_service-1   |                ^^^^^^^^^^^^^^^^^^^^^^^^^^^^^^^^
courier_service-1   |   File "/app/courier_service/courier_service.py", line 370, in get_all_couriers
courier_service-1   |     result = await self.session.execute(select(Courier).execution_options(populate_existing=True))
courier_service-1   |              ^^^^^^^^^^^^^^^^^^^^^^^^^^^^^^^^^^^^^^^^^^^^^^^^^^^^^^^^^^^^^^^^^^^^^^^^^^^^^^^^^^^^^
courier_service-1   |   File "/usr/local/lib/python3.11/site-packages/sqlalchemy/ext/asyncio/session.py", line 449, in execute
courier_service-1   |     result = await greenlet_spawn(
courier_service-1   |              ^^^^^^^^^^^^^^^^^^^^^
courier_service-1   |   File "/usr/local/lib/python3.11/site-packages/sqlalchemy/util/_concurrency_py3k.py", line 201, in greenlet_spawn
courier_service-1   |     result = context.throw(*sys.exc_info())
courier_service-1   |              ^^^^^^^^^^^^^^^^^^^^^^^^^^^^^^
courier_service-1   |   File "/usr/local/lib/python3.11/site-packages/sqlalchemy/orm/session.py", line 2351, in execute
courier_service-1   |     return self._execute_internal(
courier_service-1   |            ^^^^^^^^^^^^^^^^^^^^^^^
courier_service-1   |   File "/usr/local/lib/python3.11/site-packages/sqlalchemy/orm/session.py", line 2239, in _execute_internal
courier_service-1   |     conn = self._connection_for_bind(bind)
courier_service-1   |            ^^^^^^^^^^^^^^^^^^^^^^^^^^^^^^^
courier_service-1   |   File "/usr/local/lib/python3.11/site-packages/sqlalchemy/orm/session.py", line 2108, in _connection_for_bind
courier_service-1   |     return trans._connection_for_bind(engine, execution_options)
courier_service-1   |            ^^^^^^^^^^^^^^^^^^^^^^^^^^^^^^^^^^^^^^^^^^^^^^^^^^^^^
courier_service-1   |   File "<string>", line 2, in _connection_for_bind
courier_service-1   |   File "/usr/local/lib/python3.11/site-packages/sqlalchemy/orm/state_changes.py", line 137, in _go
courier_service-1   |     ret_value = fn(self, *arg, **kw)
courier_service-1   |                 ^^^^^^^^^^^^^^^^^^^^
courier_service-1   |   File "/usr/local/lib/python3.11/site-packages/sqlalchemy/orm/session.py", line 1187, in _connection_for_bind
courier_service-1   |     conn = bind.connect()
courier_service-1   |            ^^^^^^^^^^^^^^
courier_service-1   |   File "/usr/local/lib/python3.11/site-packages/sqlalchemy/engine/base.py", line 3293, in connect
courier_service-1   |     return self._connection_cls(self)
courier_service-1   |            ^^^^^^^^^^^^^^^^^^^^^^^^^^
courier_service-1   |   File "/usr/local/lib/python3.11/site-packages/sqlalchemy/engine/base.py", line 143, in __init__
courier_service-1   |     self._dbapi_connection = engine.raw_connection()
courier_service-1   |                              ^^^^^^^^^^^^^^^^^^^^^^^
courier_service-1   |   File "/usr/local/lib/python3.11/site-packages/sqlalchemy/engine/base.py", line 3317, in raw_connection
courier_service-1   |     return self.pool.connect()
courier_service-1   |            ^^^^^^^^^^^^^^^^^^^
courier_service-1   |   File "/usr/local/lib/python3.11/site-packages/sqlalchemy/pool/base.py", line 448, in connect
courier_service-1   |     return _ConnectionFairy._checkout(self)
courier_service-1   |            ^^^^^^^^^^^^^^^^^^^^^^^^^^^^^^^^
courier_service-1   |   File "/usr/local/lib/python3.11/site-packages/sqlalchemy/pool/base.py", line 1371, in _checkout
courier_service-1   |     with util.safe_reraise():
courier_service-1   |   File "/usr/local/lib/python3.11/site-packages/sqlalchemy/util/langhelpers.py", line 121, in __exit__
courier_service-1   |     raise exc_value.with_traceback(exc_tb)
courier_service-1   |   File "/usr/local/lib/python3.11/site-packages/sqlalchemy/pool/base.py", line 1309, in _checkout
courier_service-1   |     result = pool._dialect._do_ping_w_event(
courier_service-1   |              ^^^^^^^^^^^^^^^^^^^^^^^^^^^^^^^
courier_service-1   |   File "/usr/local/lib/python3.11/site-packages/sqlalchemy/engine/default.py", line 729, in _do_ping_w_event
courier_service-1   |     return self.do_ping(dbapi_connection)
courier_service-1   |            ^^^^^^^^^^^^^^^^^^^^^^^^^^^^^^
courier_service-1   |   File "/usr/local/lib/python3.11/site-packages/sqlalchemy/dialects/postgresql/asyncpg.py", line 1160, in do_ping
courier_service-1   |     dbapi_connection.ping()
courier_service-1   |   File "/usr/local/lib/python3.11/site-packages/sqlalchemy/dialects/postgresql/asyncpg.py", line 818, in ping
courier_service-1   |     self._handle_exception(error)
courier_service-1   |   File "/usr/local/lib/python3.11/site-packages/sqlalchemy/dialects/postgresql/asyncpg.py", line 799, in _handle_exception
courier_service-1   |     raise error
courier_service-1   |   File "/usr/local/lib/python3.11/site-packages/sqlalchemy/dialects/postgresql/asyncpg.py", line 816, in ping
courier_service-1   |     _ = self.await_(self._async_ping())
courier_service-1   |         ^^^^^^^^^^^^^^^^^^^^^^^^^^^^^^^
courier_service-1   |   File "/usr/local/lib/python3.11/site-packages/sqlalchemy/util/_concurrency_py3k.py", line 132, in await_only
courier_service-1   |     return current.parent.switch(awaitable)  # type: ignore[no-any-return,attr-defined] # noqa: E501
courier_service-1   |            ^^^^^^^^^^^^^^^^^^^^^^^^^^^^^^^^
courier_service-1   |   File "/usr/local/lib/python3.11/site-packages/sqlalchemy/util/_concurrency_py3k.py", line 196, in greenlet_spawn
courier_service-1   |     value = await result
courier_service-1   |             ^^^^^^^^^^^^
courier_service-1   |   File "/usr/local/lib/python3.11/site-packages/sqlalchemy/dialects/postgresql/asyncpg.py", line 825, in _async_ping
courier_service-1   |     await tr.start()
courier_service-1   |   File "/usr/local/lib/python3.11/site-packages/asyncpg/transaction.py", line 146, in start
courier_service-1   |     await self._connection.execute(query)
courier_service-1   |   File "/usr/local/lib/python3.11/site-packages/asyncpg/connection.py", line 354, in execute
courier_service-1   |     result = await self._protocol.query(query, timeout)
courier_service-1   |              ^^^^^^^^^^^^^^^^^^^^^^^^^^^^^^^^^^^^^^^^^^
courier_service-1   |   File "asyncpg/protocol/protocol.pyx", line 369, in query
courier_service-1   | RuntimeError: Task <Task pending name='starlette.middleware.base.BaseHTTPMiddleware.__call__.<locals>.call_next.<locals>.coro' coro=<BaseHTTPMiddleware.__call__.<locals>.call_next.<locals>.coro() running at /usr/local/lib/python3.11/site-packages/starlette/middleware/base.py:144> cb=[TaskGroup._spawn.<locals>.task_done() at /usr/local/lib/python3.11/site-packages/anyio/_backends/_asyncio.py:821]> got Future <Future pending cb=[BaseProtocol._on_waiter_completed()]> attached to a different loop
courier_service-1   | Exception terminating connection <AdaptedConnection <asyncpg.connection.Connection object at 0x7f46bc4b9c60>>
courier_service-1   | Traceback (most recent call last):
courier_service-1   |   File "/usr/local/lib/python3.11/site-packages/sqlalchemy/pool/base.py", line 373, in _close_connection
courier_service-1   |     self._dialect.do_terminate(connection)
courier_service-1   |   File "/usr/local/lib/python3.11/site-packages/sqlalchemy/dialects/postgresql/asyncpg.py", line 1127, in do_terminate
courier_service-1   |     dbapi_connection.terminate()
courier_service-1   |   File "/usr/local/lib/python3.11/site-packages/sqlalchemy/connectors/asyncio.py", line 402, in terminate
courier_service-1   |     self.await_(asyncio.shield(self._terminate_graceful_close()))  # type: ignore[attr-defined] # noqa: E501
courier_service-1   |     ^^^^^^^^^^^^^^^^^^^^^^^^^^^^^^^^^^^^^^^^^^^^^^^^^^^^^^^^^^^^^
courier_service-1   |   File "/usr/local/lib/python3.11/site-packages/sqlalchemy/util/_concurrency_py3k.py", line 132, in await_only
courier_service-1   |     return current.parent.switch(awaitable)  # type: ignore[no-any-return,attr-defined] # noqa: E501
courier_service-1   |            ^^^^^^^^^^^^^^^^^^^^^^^^^^^^^^^^
courier_service-1   |   File "/usr/local/lib/python3.11/site-packages/sqlalchemy/util/_concurrency_py3k.py", line 196, in greenlet_spawn
courier_service-1   |     value = await result
courier_service-1   |             ^^^^^^^^^^^^
courier_service-1   |   File "/usr/local/lib/python3.11/site-packages/sqlalchemy/dialects/postgresql/asyncpg.py", line 912, in _terminate_graceful_close
courier_service-1   |     await self._connection.close(timeout=2)
courier_service-1   |   File "/usr/local/lib/python3.11/site-packages/asyncpg/connection.py", line 1513, in close
courier_service-1   |     await self._protocol.close(timeout)
courier_service-1   |   File "asyncpg/protocol/protocol.pyx", line 618, in close
courier_service-1   | RuntimeError: Task <Task pending name='Task-679' coro=<AsyncAdapt_asyncpg_connection._terminate_graceful_close() running at /usr/local/lib/python3.11/site-packages/sqlalchemy/dialects/postgresql/asyncpg.py:912> cb=[shield.<locals>._inner_done_callback() at /usr/local/lib/python3.11/asyncio/tasks.py:891]> got Future <Future pending> attached to a different loop
courier_service-1   | Exception terminating connection <AdaptedConnection <asyncpg.connection.Connection object at 0x7f46bf7deb60>>
courier_service-1   | Traceback (most recent call last):
courier_service-1   |   File "/usr/local/lib/python3.11/site-packages/sqlalchemy/pool/base.py", line 373, in _close_connection
courier_service-1   |     self._dialect.do_terminate(connection)
courier_service-1   |   File "/usr/local/lib/python3.11/site-packages/sqlalchemy/dialects/postgresql/asyncpg.py", line 1127, in do_terminate
courier_service-1   |     dbapi_connection.terminate()
courier_service-1   |   File "/usr/local/lib/python3.11/site-packages/sqlalchemy/connectors/asyncio.py", line 402, in terminate
courier_service-1   |     self.await_(asyncio.shield(self._terminate_graceful_close()))  # type: ignore[attr-defined] # noqa: E501
courier_service-1   |     ^^^^^^^^^^^^^^^^^^^^^^^^^^^^^^^^^^^^^^^^^^^^^^^^^^^^^^^^^^^^^
courier_service-1   |   File "/usr/local/lib/python3.11/site-packages/sqlalchemy/util/_concurrency_py3k.py", line 132, in await_only
courier_service-1   |     return current.parent.switch(awaitable)  # type: ignore[no-any-return,attr-defined] # noqa: E501
courier_service-1   |            ^^^^^^^^^^^^^^^^^^^^^^^^^^^^^^^^
courier_service-1   |   File "/usr/local/lib/python3.11/site-packages/sqlalchemy/util/_concurrency_py3k.py", line 196, in greenlet_spawn
courier_service-1   |     value = await result
courier_service-1   |             ^^^^^^^^^^^^
courier_service-1   |   File "/usr/local/lib/python3.11/site-packages/sqlalchemy/dialects/postgresql/asyncpg.py", line 912, in _terminate_graceful_close
courier_service-1   |     await self._connection.close(timeout=2)
courier_service-1   |   File "/usr/local/lib/python3.11/site-packages/asyncpg/connection.py", line 1513, in close
courier_service-1   |     await self._protocol.close(timeout)
courier_service-1   |   File "asyncpg/protocol/protocol.pyx", line 618, in close
courier_service-1   | RuntimeError: Task <Task pending name='Task-683' coro=<AsyncAdapt_asyncpg_connection._terminate_graceful_close() running at /usr/local/lib/python3.11/site-packages/sqlalchemy/dialects/postgresql/asyncpg.py:912> cb=[shield.<locals>._inner_done_callback() at /usr/local/lib/python3.11/asyncio/tasks.py:891]> got Future <Future pending> attached to a different loop
courier_service-1   | Future exception was never retrieved
courier_service-1   | future: <Future finished exception=InternalClientError('got result for unknown protocol state 3')>
courier_service-1   | Traceback (most recent call last):
courier_service-1   |   File "asyncpg/protocol/protocol.pyx", line 892, in asyncpg.protocol.protocol.BaseProtocol._dispatch_result
courier_service-1   | asyncpg.exceptions._base.InternalClientError: got result for unknown protocol state 3
courier_service-1   | Future exception was never retrieved
courier_service-1   | future: <Future finished exception=InternalClientError('got result for unknown protocol state 3')>
courier_service-1   | Traceback (most recent call last):
courier_service-1   |   File "asyncpg/protocol/protocol.pyx", line 892, in asyncpg.protocol.protocol.BaseProtocol._dispatch_result
courier_service-1   | asyncpg.exceptions._base.InternalClientError: got result for unknown protocol state 3
courier_service-1   | Future exception was never retrieved
courier_service-1   | future: <Future finished exception=InternalClientError('got result for unknown protocol state 3')>
courier_service-1   | Traceback (most recent call last):
courier_service-1   |   File "asyncpg/protocol/protocol.pyx", line 892, in asyncpg.protocol.protocol.BaseProtocol._dispatch_result
courier_service-1   | asyncpg.exceptions._base.InternalClientError: got result for unknown protocol state 3
courier_service-1   | Exception terminating connection <AdaptedConnection <asyncpg.connection.Connection object at 0x7f46bc4ba6b0>>
courier_service-1   | Traceback (most recent call last):
courier_service-1   |   File "/usr/local/lib/python3.11/site-packages/sqlalchemy/pool/base.py", line 373, in _close_connection
courier_service-1   |     self._dialect.do_terminate(connection)
courier_service-1   |   File "/usr/local/lib/python3.11/site-packages/sqlalchemy/dialects/postgresql/asyncpg.py", line 1127, in do_terminate
courier_service-1   |     dbapi_connection.terminate()
courier_service-1   |   File "/usr/local/lib/python3.11/site-packages/sqlalchemy/connectors/asyncio.py", line 402, in terminate
courier_service-1   |     self.await_(asyncio.shield(self._terminate_graceful_close()))  # type: ignore[attr-defined] # noqa: E501
courier_service-1   |     ^^^^^^^^^^^^^^^^^^^^^^^^^^^^^^^^^^^^^^^^^^^^^^^^^^^^^^^^^^^^^
courier_service-1   |   File "/usr/local/lib/python3.11/site-packages/sqlalchemy/util/_concurrency_py3k.py", line 132, in await_only
courier_service-1   |     return current.parent.switch(awaitable)  # type: ignore[no-any-return,attr-defined] # noqa: E501
courier_service-1   |            ^^^^^^^^^^^^^^^^^^^^^^^^^^^^^^^^
courier_service-1   |   File "/usr/local/lib/python3.11/site-packages/sqlalchemy/util/_concurrency_py3k.py", line 196, in greenlet_spawn
courier_service-1   |     value = await result
courier_service-1   |             ^^^^^^^^^^^^
courier_service-1   |   File "/usr/local/lib/python3.11/site-packages/sqlalchemy/dialects/postgresql/asyncpg.py", line 912, in _terminate_graceful_close
courier_service-1   |     await self._connection.close(timeout=2)
courier_service-1   |   File "/usr/local/lib/python3.11/site-packages/asyncpg/connection.py", line 1513, in close
courier_service-1   |     await self._protocol.close(timeout)
courier_service-1   |   File "asyncpg/protocol/protocol.pyx", line 618, in close
courier_service-1   | RuntimeError: Task <Task pending name='Task-698' coro=<AsyncAdapt_asyncpg_connection._terminate_graceful_close() running at /usr/local/lib/python3.11/site-packages/sqlalchemy/dialects/postgresql/asyncpg.py:912> cb=[shield.<locals>._inner_done_callback() at /usr/local/lib/python3.11/asyncio/tasks.py:891]> got Future <Future pending> attached to a different loop
courier_service-1   | [CourierEmulator] move error for courier 2: Task <Task pending name='Task-678' coro=<CourierEmulator._move_along_route() running at /app/courier_service/courier_service.py:139> cb=[_run_until_complete_cb() at /usr/local/lib/python3.11/asyncio/base_events.py:181]> got Future <Future pending cb=[BaseProtocol._on_waiter_completed()]> attached to a different loop
courier_service-1   | [CourierEmulator] move error for courier 1: Task <Task pending name='Task-682' coro=<CourierEmulator._move_along_route() running at /app/courier_service/courier_service.py:139> cb=[_run_until_complete_cb() at /usr/local/lib/python3.11/asyncio/base_events.py:181]> got Future <Future pending cb=[BaseProtocol._on_waiter_completed()]> attached to a different loop
courier_service-1   | Найдено 15 заказов без курьеров
courier_service-1   | Маршрут для заказа 20: 23 -> 44 = [23, 13, 44]
courier_service-1   | INFO:     172.18.0.6:38372 - "GET /api/couriers/ HTTP/1.1" 500 Internal Server Error
courier_service-1   | ERROR:    Exception in ASGI application
courier_service-1   | Traceback (most recent call last):
courier_service-1   |   File "/usr/local/lib/python3.11/site-packages/uvicorn/protocols/http/httptools_impl.py", line 421, in run_asgi
courier_service-1   |     result = await app(  # type: ignore[func-returns-value]
courier_service-1   |              ^^^^^^^^^^^^^^^^^^^^^^^^^^^^^^^^^^^^^^^^^^^^^^
courier_service-1   |   File "/usr/local/lib/python3.11/site-packages/uvicorn/middleware/proxy_headers.py", line 56, in __call__
courier_service-1   |     return await self.app(scope, receive, send)
courier_service-1   |            ^^^^^^^^^^^^^^^^^^^^^^^^^^^^^^^^^^^^
courier_service-1   |   File "/usr/local/lib/python3.11/site-packages/fastapi/applications.py", line 1159, in __call__
courier_service-1   |     await super().__call__(scope, receive, send)
courier_service-1   |   File "/usr/local/lib/python3.11/site-packages/starlette/applications.py", line 90, in __call__
courier_service-1   |     await self.middleware_stack(scope, receive, send)
courier_service-1   |   File "/usr/local/lib/python3.11/site-packages/starlette/middleware/errors.py", line 186, in __call__
courier_service-1   |     raise exc
courier_service-1   |   File "/usr/local/lib/python3.11/site-packages/starlette/middleware/errors.py", line 164, in __call__
courier_service-1   |     await self.app(scope, receive, _send)
courier_service-1   |   File "/usr/local/lib/python3.11/site-packages/starlette/middleware/base.py", line 191, in __call__
courier_service-1   |     with recv_stream, send_stream, collapse_excgroups():
courier_service-1   |   File "/usr/local/lib/python3.11/contextlib.py", line 158, in __exit__
courier_service-1   |     self.gen.throw(typ, value, traceback)
courier_service-1   |   File "/usr/local/lib/python3.11/site-packages/starlette/_utils.py", line 87, in collapse_excgroups
courier_service-1   |     raise exc
courier_service-1   |   File "/usr/local/lib/python3.11/site-packages/starlette/middleware/base.py", line 193, in __call__
courier_service-1   |     response = await self.dispatch_func(request, call_next)
courier_service-1   |                ^^^^^^^^^^^^^^^^^^^^^^^^^^^^^^^^^^^^^^^^^^^^
courier_service-1   |   File "/app/courier_service/main.py", line 137, in prometheus_middleware
courier_service-1   |     response = await call_next(request)
courier_service-1   |                ^^^^^^^^^^^^^^^^^^^^^^^^
courier_service-1   |   File "/usr/local/lib/python3.11/site-packages/starlette/middleware/base.py", line 168, in call_next
courier_service-1   |     raise app_exc from app_exc.__cause__ or app_exc.__context__
courier_service-1   |   File "/usr/local/lib/python3.11/site-packages/starlette/middleware/base.py", line 144, in coro
courier_service-1   |     await self.app(scope, receive_or_disconnect, send_no_error)
courier_service-1   |   File "/usr/local/lib/python3.11/site-packages/starlette/middleware/exceptions.py", line 63, in __call__
courier_service-1   |     await wrap_app_handling_exceptions(self.app, conn)(scope, receive, send)
courier_service-1   |   File "/usr/local/lib/python3.11/site-packages/starlette/_exception_handler.py", line 53, in wrapped_app
courier_service-1   |     raise exc
courier_service-1   |   File "/usr/local/lib/python3.11/site-packages/starlette/_exception_handler.py", line 42, in wrapped_app
courier_service-1   |     await app(scope, receive, sender)
courier_service-1   |   File "/usr/local/lib/python3.11/site-packages/fastapi/middleware/asyncexitstack.py", line 18, in __call__
courier_service-1   |     await self.app(scope, receive, send)
courier_service-1   |   File "/usr/local/lib/python3.11/site-packages/starlette/routing.py", line 660, in __call__
courier_service-1   |     await self.middleware_stack(scope, receive, send)
courier_service-1   |   File "/usr/local/lib/python3.11/site-packages/starlette/routing.py", line 680, in app
courier_service-1   |     await route.handle(scope, receive, send)
courier_service-1   |   File "/usr/local/lib/python3.11/site-packages/starlette/routing.py", line 276, in handle
courier_service-1   |     await self.app(scope, receive, send)
courier_service-1   |   File "/usr/local/lib/python3.11/site-packages/fastapi/routing.py", line 134, in app
courier_service-1   |     await wrap_app_handling_exceptions(app, request)(scope, receive, send)
courier_service-1   |   File "/usr/local/lib/python3.11/site-packages/starlette/_exception_handler.py", line 53, in wrapped_app
courier_service-1   |     raise exc
courier_service-1   |   File "/usr/local/lib/python3.11/site-packages/starlette/_exception_handler.py", line 42, in wrapped_app
courier_service-1   |     await app(scope, receive, sender)
courier_service-1   |   File "/usr/local/lib/python3.11/site-packages/fastapi/routing.py", line 120, in app
courier_service-1   |     response = await f(request)
courier_service-1   |                ^^^^^^^^^^^^^^^^
courier_service-1   |   File "/usr/local/lib/python3.11/site-packages/fastapi/routing.py", line 674, in app
courier_service-1   |     raw_response = await run_endpoint_function(
courier_service-1   |                    ^^^^^^^^^^^^^^^^^^^^^^^^^^^^
courier_service-1   |   File "/usr/local/lib/python3.11/site-packages/fastapi/routing.py", line 328, in run_endpoint_function
courier_service-1   |     return await dependant.call(**values)
courier_service-1   |            ^^^^^^^^^^^^^^^^^^^^^^^^^^^^^^
courier_service-1   |   File "/app/courier_service/routes.py", line 245, in list_couriers
courier_service-1   |     couriers = await service.get_all_couriers()
courier_service-1   |                ^^^^^^^^^^^^^^^^^^^^^^^^^^^^^^^^
courier_service-1   |   File "/app/courier_service/courier_service.py", line 370, in get_all_couriers
courier_service-1   |     result = await self.session.execute(select(Courier).execution_options(populate_existing=True))
courier_service-1   |              ^^^^^^^^^^^^^^^^^^^^^^^^^^^^^^^^^^^^^^^^^^^^^^^^^^^^^^^^^^^^^^^^^^^^^^^^^^^^^^^^^^^^^
courier_service-1   |   File "/usr/local/lib/python3.11/site-packages/sqlalchemy/ext/asyncio/session.py", line 449, in execute
courier_service-1   |     result = await greenlet_spawn(
courier_service-1   |              ^^^^^^^^^^^^^^^^^^^^^
courier_service-1   |   File "/usr/local/lib/python3.11/site-packages/sqlalchemy/util/_concurrency_py3k.py", line 201, in greenlet_spawn
courier_service-1   |     result = context.throw(*sys.exc_info())
courier_service-1   |              ^^^^^^^^^^^^^^^^^^^^^^^^^^^^^^
courier_service-1   |   File "/usr/local/lib/python3.11/site-packages/sqlalchemy/orm/session.py", line 2351, in execute
courier_service-1   |     return self._execute_internal(
courier_service-1   |            ^^^^^^^^^^^^^^^^^^^^^^^
courier_service-1   |   File "/usr/local/lib/python3.11/site-packages/sqlalchemy/orm/session.py", line 2239, in _execute_internal
courier_service-1   |     conn = self._connection_for_bind(bind)
courier_service-1   |            ^^^^^^^^^^^^^^^^^^^^^^^^^^^^^^^
courier_service-1   |   File "/usr/local/lib/python3.11/site-packages/sqlalchemy/orm/session.py", line 2108, in _connection_for_bind
courier_service-1   |     return trans._connection_for_bind(engine, execution_options)
courier_service-1   |            ^^^^^^^^^^^^^^^^^^^^^^^^^^^^^^^^^^^^^^^^^^^^^^^^^^^^^
courier_service-1   |   File "<string>", line 2, in _connection_for_bind
courier_service-1   |   File "/usr/local/lib/python3.11/site-packages/sqlalchemy/orm/state_changes.py", line 137, in _go
courier_service-1   |     ret_value = fn(self, *arg, **kw)
courier_service-1   |                 ^^^^^^^^^^^^^^^^^^^^
courier_service-1   |   File "/usr/local/lib/python3.11/site-packages/sqlalchemy/orm/session.py", line 1187, in _connection_for_bind
courier_service-1   |     conn = bind.connect()
courier_service-1   |            ^^^^^^^^^^^^^^
courier_service-1   |   File "/usr/local/lib/python3.11/site-packages/sqlalchemy/engine/base.py", line 3293, in connect
courier_service-1   |     return self._connection_cls(self)
courier_service-1   |            ^^^^^^^^^^^^^^^^^^^^^^^^^^
courier_service-1   |   File "/usr/local/lib/python3.11/site-packages/sqlalchemy/engine/base.py", line 143, in __init__
courier_service-1   |     self._dbapi_connection = engine.raw_connection()
courier_service-1   |                              ^^^^^^^^^^^^^^^^^^^^^^^
courier_service-1   |   File "/usr/local/lib/python3.11/site-packages/sqlalchemy/engine/base.py", line 3317, in raw_connection
courier_service-1   |     return self.pool.connect()
courier_service-1   |            ^^^^^^^^^^^^^^^^^^^
courier_service-1   |   File "/usr/local/lib/python3.11/site-packages/sqlalchemy/pool/base.py", line 448, in connect
courier_service-1   |     return _ConnectionFairy._checkout(self)
courier_service-1   |            ^^^^^^^^^^^^^^^^^^^^^^^^^^^^^^^^
courier_service-1   |   File "/usr/local/lib/python3.11/site-packages/sqlalchemy/pool/base.py", line 1371, in _checkout
courier_service-1   |     with util.safe_reraise():
courier_service-1   |   File "/usr/local/lib/python3.11/site-packages/sqlalchemy/util/langhelpers.py", line 121, in __exit__
courier_service-1   |     raise exc_value.with_traceback(exc_tb)
courier_service-1   |   File "/usr/local/lib/python3.11/site-packages/sqlalchemy/pool/base.py", line 1309, in _checkout
courier_service-1   |     result = pool._dialect._do_ping_w_event(
courier_service-1   |              ^^^^^^^^^^^^^^^^^^^^^^^^^^^^^^^
courier_service-1   |   File "/usr/local/lib/python3.11/site-packages/sqlalchemy/engine/default.py", line 729, in _do_ping_w_event
courier_service-1   |     return self.do_ping(dbapi_connection)
courier_service-1   |            ^^^^^^^^^^^^^^^^^^^^^^^^^^^^^^
courier_service-1   |   File "/usr/local/lib/python3.11/site-packages/sqlalchemy/dialects/postgresql/asyncpg.py", line 1160, in do_ping
courier_service-1   |     dbapi_connection.ping()
courier_service-1   |   File "/usr/local/lib/python3.11/site-packages/sqlalchemy/dialects/postgresql/asyncpg.py", line 818, in ping
courier_service-1   |     self._handle_exception(error)
courier_service-1   |   File "/usr/local/lib/python3.11/site-packages/sqlalchemy/dialects/postgresql/asyncpg.py", line 799, in _handle_exception
courier_service-1   |     raise error
courier_service-1   |   File "/usr/local/lib/python3.11/site-packages/sqlalchemy/dialects/postgresql/asyncpg.py", line 816, in ping
courier_service-1   |     _ = self.await_(self._async_ping())
courier_service-1   |         ^^^^^^^^^^^^^^^^^^^^^^^^^^^^^^^
courier_service-1   |   File "/usr/local/lib/python3.11/site-packages/sqlalchemy/util/_concurrency_py3k.py", line 132, in await_only
courier_service-1   |     return current.parent.switch(awaitable)  # type: ignore[no-any-return,attr-defined] # noqa: E501
courier_service-1   |            ^^^^^^^^^^^^^^^^^^^^^^^^^^^^^^^^
courier_service-1   |   File "/usr/local/lib/python3.11/site-packages/sqlalchemy/util/_concurrency_py3k.py", line 196, in greenlet_spawn
courier_service-1   |     value = await result
courier_service-1   |             ^^^^^^^^^^^^
courier_service-1   |   File "/usr/local/lib/python3.11/site-packages/sqlalchemy/dialects/postgresql/asyncpg.py", line 825, in _async_ping
courier_service-1   |     await tr.start()
courier_service-1   |   File "/usr/local/lib/python3.11/site-packages/asyncpg/transaction.py", line 146, in start
courier_service-1   |     await self._connection.execute(query)
courier_service-1   |   File "/usr/local/lib/python3.11/site-packages/asyncpg/connection.py", line 354, in execute
courier_service-1   |     result = await self._protocol.query(query, timeout)
courier_service-1   |              ^^^^^^^^^^^^^^^^^^^^^^^^^^^^^^^^^^^^^^^^^^
courier_service-1   |   File "asyncpg/protocol/protocol.pyx", line 369, in query
courier_service-1   | RuntimeError: Task <Task pending name='starlette.middleware.base.BaseHTTPMiddleware.__call__.<locals>.call_next.<locals>.coro' coro=<BaseHTTPMiddleware.__call__.<locals>.call_next.<locals>.coro() running at /usr/local/lib/python3.11/site-packages/starlette/middleware/base.py:144> cb=[TaskGroup._spawn.<locals>.task_done() at /usr/local/lib/python3.11/site-packages/anyio/_backends/_asyncio.py:821]> got Future <Future pending cb=[BaseProtocol._on_waiter_completed()]> attached to a different loop
courier_service-1   | Exception terminating connection <AdaptedConnection <asyncpg.connection.Connection object at 0x7f46bc2fa980>>
courier_service-1   | Traceback (most recent call last):
courier_service-1   |   File "/usr/local/lib/python3.11/site-packages/sqlalchemy/pool/base.py", line 373, in _close_connection
courier_service-1   |     self._dialect.do_terminate(connection)
courier_service-1   |   File "/usr/local/lib/python3.11/site-packages/sqlalchemy/dialects/postgresql/asyncpg.py", line 1127, in do_terminate
courier_service-1   |     dbapi_connection.terminate()
courier_service-1   |   File "/usr/local/lib/python3.11/site-packages/sqlalchemy/connectors/asyncio.py", line 402, in terminate
courier_service-1   |     self.await_(asyncio.shield(self._terminate_graceful_close()))  # type: ignore[attr-defined] # noqa: E501
courier_service-1   |     ^^^^^^^^^^^^^^^^^^^^^^^^^^^^^^^^^^^^^^^^^^^^^^^^^^^^^^^^^^^^^
courier_service-1   |   File "/usr/local/lib/python3.11/site-packages/sqlalchemy/util/_concurrency_py3k.py", line 132, in await_only
courier_service-1   |     return current.parent.switch(awaitable)  # type: ignore[no-any-return,attr-defined] # noqa: E501
courier_service-1   |            ^^^^^^^^^^^^^^^^^^^^^^^^^^^^^^^^
courier_service-1   |   File "/usr/local/lib/python3.11/site-packages/sqlalchemy/util/_concurrency_py3k.py", line 196, in greenlet_spawn
courier_service-1   |     value = await result
courier_service-1   |             ^^^^^^^^^^^^
courier_service-1   |   File "/usr/local/lib/python3.11/site-packages/sqlalchemy/dialects/postgresql/asyncpg.py", line 912, in _terminate_graceful_close
courier_service-1   |     await self._connection.close(timeout=2)
courier_service-1   |   File "/usr/local/lib/python3.11/site-packages/asyncpg/connection.py", line 1513, in close
courier_service-1   |     await self._protocol.close(timeout)
courier_service-1   |   File "asyncpg/protocol/protocol.pyx", line 618, in close
courier_service-1   | RuntimeError: Task <Task pending name='Task-703' coro=<AsyncAdapt_asyncpg_connection._terminate_graceful_close() running at /usr/local/lib/python3.11/site-packages/sqlalchemy/dialects/postgresql/asyncpg.py:912> cb=[shield.<locals>._inner_done_callback() at /usr/local/lib/python3.11/asyncio/tasks.py:891]> got Future <Future pending> attached to a different loop
courier_service-1   | Ответ assign для заказа 20: 500 - {"detail":"Assignment error: 500: Failed to get couriers"}
courier_service-1   | Маршрут для заказа 19: 6 -> 21 = [6, 22, 21]
courier_service-1   | INFO:     172.18.0.6:38374 - "GET /api/couriers/ HTTP/1.1" 500 Internal Server Error
courier_service-1   | ERROR:    Exception in ASGI application
courier_service-1   | Traceback (most recent call last):
courier_service-1   |   File "/usr/local/lib/python3.11/site-packages/uvicorn/protocols/http/httptools_impl.py", line 421, in run_asgi
courier_service-1   |     result = await app(  # type: ignore[func-returns-value]
courier_service-1   |              ^^^^^^^^^^^^^^^^^^^^^^^^^^^^^^^^^^^^^^^^^^^^^^
courier_service-1   |   File "/usr/local/lib/python3.11/site-packages/uvicorn/middleware/proxy_headers.py", line 56, in __call__
courier_service-1   |     return await self.app(scope, receive, send)
courier_service-1   |            ^^^^^^^^^^^^^^^^^^^^^^^^^^^^^^^^^^^^
courier_service-1   |   File "/usr/local/lib/python3.11/site-packages/fastapi/applications.py", line 1159, in __call__
courier_service-1   |     await super().__call__(scope, receive, send)
courier_service-1   |   File "/usr/local/lib/python3.11/site-packages/starlette/applications.py", line 90, in __call__
courier_service-1   |     await self.middleware_stack(scope, receive, send)
courier_service-1   |   File "/usr/local/lib/python3.11/site-packages/starlette/middleware/errors.py", line 186, in __call__
courier_service-1   |     raise exc
courier_service-1   |   File "/usr/local/lib/python3.11/site-packages/starlette/middleware/errors.py", line 164, in __call__
courier_service-1   |     await self.app(scope, receive, _send)
courier_service-1   |   File "/usr/local/lib/python3.11/site-packages/starlette/middleware/base.py", line 191, in __call__
courier_service-1   |     with recv_stream, send_stream, collapse_excgroups():
courier_service-1   |   File "/usr/local/lib/python3.11/contextlib.py", line 158, in __exit__
courier_service-1   |     self.gen.throw(typ, value, traceback)
courier_service-1   |   File "/usr/local/lib/python3.11/site-packages/starlette/_utils.py", line 87, in collapse_excgroups
courier_service-1   |     raise exc
courier_service-1   |   File "/usr/local/lib/python3.11/site-packages/starlette/middleware/base.py", line 193, in __call__
courier_service-1   |     response = await self.dispatch_func(request, call_next)
courier_service-1   |                ^^^^^^^^^^^^^^^^^^^^^^^^^^^^^^^^^^^^^^^^^^^^
courier_service-1   |   File "/app/courier_service/main.py", line 137, in prometheus_middleware
courier_service-1   |     response = await call_next(request)
courier_service-1   |                ^^^^^^^^^^^^^^^^^^^^^^^^
courier_service-1   |   File "/usr/local/lib/python3.11/site-packages/starlette/middleware/base.py", line 168, in call_next
courier_service-1   |     raise app_exc from app_exc.__cause__ or app_exc.__context__
courier_service-1   |   File "/usr/local/lib/python3.11/site-packages/starlette/middleware/base.py", line 144, in coro
courier_service-1   |     await self.app(scope, receive_or_disconnect, send_no_error)
courier_service-1   |   File "/usr/local/lib/python3.11/site-packages/starlette/middleware/exceptions.py", line 63, in __call__
courier_service-1   |     await wrap_app_handling_exceptions(self.app, conn)(scope, receive, send)
courier_service-1   |   File "/usr/local/lib/python3.11/site-packages/starlette/_exception_handler.py", line 53, in wrapped_app
courier_service-1   |     raise exc
courier_service-1   |   File "/usr/local/lib/python3.11/site-packages/starlette/_exception_handler.py", line 42, in wrapped_app
courier_service-1   |     await app(scope, receive, sender)
courier_service-1   |   File "/usr/local/lib/python3.11/site-packages/fastapi/middleware/asyncexitstack.py", line 18, in __call__
courier_service-1   |     await self.app(scope, receive, send)
courier_service-1   |   File "/usr/local/lib/python3.11/site-packages/starlette/routing.py", line 660, in __call__
courier_service-1   |     await self.middleware_stack(scope, receive, send)
courier_service-1   |   File "/usr/local/lib/python3.11/site-packages/starlette/routing.py", line 680, in app
courier_service-1   |     await route.handle(scope, receive, send)
courier_service-1   |   File "/usr/local/lib/python3.11/site-packages/starlette/routing.py", line 276, in handle
courier_service-1   |     await self.app(scope, receive, send)
courier_service-1   |   File "/usr/local/lib/python3.11/site-packages/fastapi/routing.py", line 134, in app
courier_service-1   |     await wrap_app_handling_exceptions(app, request)(scope, receive, send)
courier_service-1   |   File "/usr/local/lib/python3.11/site-packages/starlette/_exception_handler.py", line 53, in wrapped_app
courier_service-1   |     raise exc
courier_service-1   |   File "/usr/local/lib/python3.11/site-packages/starlette/_exception_handler.py", line 42, in wrapped_app
courier_service-1   |     await app(scope, receive, sender)
courier_service-1   |   File "/usr/local/lib/python3.11/site-packages/fastapi/routing.py", line 120, in app
courier_service-1   |     response = await f(request)
courier_service-1   |                ^^^^^^^^^^^^^^^^
courier_service-1   |   File "/usr/local/lib/python3.11/site-packages/fastapi/routing.py", line 674, in app
courier_service-1   |     raw_response = await run_endpoint_function(
courier_service-1   |                    ^^^^^^^^^^^^^^^^^^^^^^^^^^^^
courier_service-1   |   File "/usr/local/lib/python3.11/site-packages/fastapi/routing.py", line 328, in run_endpoint_function
courier_service-1   |     return await dependant.call(**values)
courier_service-1   |            ^^^^^^^^^^^^^^^^^^^^^^^^^^^^^^
courier_service-1   |   File "/app/courier_service/routes.py", line 245, in list_couriers
courier_service-1   |     couriers = await service.get_all_couriers()
courier_service-1   |                ^^^^^^^^^^^^^^^^^^^^^^^^^^^^^^^^
courier_service-1   |   File "/app/courier_service/courier_service.py", line 370, in get_all_couriers
courier_service-1   |     result = await self.session.execute(select(Courier).execution_options(populate_existing=True))
courier_service-1   |              ^^^^^^^^^^^^^^^^^^^^^^^^^^^^^^^^^^^^^^^^^^^^^^^^^^^^^^^^^^^^^^^^^^^^^^^^^^^^^^^^^^^^^
courier_service-1   |   File "/usr/local/lib/python3.11/site-packages/sqlalchemy/ext/asyncio/session.py", line 449, in execute
courier_service-1   |     result = await greenlet_spawn(
courier_service-1   |              ^^^^^^^^^^^^^^^^^^^^^
courier_service-1   |   File "/usr/local/lib/python3.11/site-packages/sqlalchemy/util/_concurrency_py3k.py", line 201, in greenlet_spawn
courier_service-1   |     result = context.throw(*sys.exc_info())
courier_service-1   |              ^^^^^^^^^^^^^^^^^^^^^^^^^^^^^^
courier_service-1   |   File "/usr/local/lib/python3.11/site-packages/sqlalchemy/orm/session.py", line 2351, in execute
courier_service-1   |     return self._execute_internal(
courier_service-1   |            ^^^^^^^^^^^^^^^^^^^^^^^
courier_service-1   |   File "/usr/local/lib/python3.11/site-packages/sqlalchemy/orm/session.py", line 2239, in _execute_internal
courier_service-1   |     conn = self._connection_for_bind(bind)
courier_service-1   |            ^^^^^^^^^^^^^^^^^^^^^^^^^^^^^^^
courier_service-1   |   File "/usr/local/lib/python3.11/site-packages/sqlalchemy/orm/session.py", line 2108, in _connection_for_bind
courier_service-1   |     return trans._connection_for_bind(engine, execution_options)
courier_service-1   |            ^^^^^^^^^^^^^^^^^^^^^^^^^^^^^^^^^^^^^^^^^^^^^^^^^^^^^
courier_service-1   |   File "<string>", line 2, in _connection_for_bind
courier_service-1   |   File "/usr/local/lib/python3.11/site-packages/sqlalchemy/orm/state_changes.py", line 137, in _go
courier_service-1   |     ret_value = fn(self, *arg, **kw)
courier_service-1   |                 ^^^^^^^^^^^^^^^^^^^^
courier_service-1   |   File "/usr/local/lib/python3.11/site-packages/sqlalchemy/orm/session.py", line 1187, in _connection_for_bind
courier_service-1   |     conn = bind.connect()
courier_service-1   |            ^^^^^^^^^^^^^^
courier_service-1   |   File "/usr/local/lib/python3.11/site-packages/sqlalchemy/engine/base.py", line 3293, in connect
courier_service-1   |     return self._connection_cls(self)
courier_service-1   |            ^^^^^^^^^^^^^^^^^^^^^^^^^^
courier_service-1   |   File "/usr/local/lib/python3.11/site-packages/sqlalchemy/engine/base.py", line 143, in __init__
courier_service-1   |     self._dbapi_connection = engine.raw_connection()
courier_service-1   |                              ^^^^^^^^^^^^^^^^^^^^^^^
courier_service-1   |   File "/usr/local/lib/python3.11/site-packages/sqlalchemy/engine/base.py", line 3317, in raw_connection
courier_service-1   |     return self.pool.connect()
courier_service-1   |            ^^^^^^^^^^^^^^^^^^^
courier_service-1   |   File "/usr/local/lib/python3.11/site-packages/sqlalchemy/pool/base.py", line 448, in connect
courier_service-1   |     return _ConnectionFairy._checkout(self)
courier_service-1   |            ^^^^^^^^^^^^^^^^^^^^^^^^^^^^^^^^
courier_service-1   |   File "/usr/local/lib/python3.11/site-packages/sqlalchemy/pool/base.py", line 1371, in _checkout
courier_service-1   |     with util.safe_reraise():
courier_service-1   |   File "/usr/local/lib/python3.11/site-packages/sqlalchemy/util/langhelpers.py", line 121, in __exit__
courier_service-1   |     raise exc_value.with_traceback(exc_tb)
courier_service-1   |   File "/usr/local/lib/python3.11/site-packages/sqlalchemy/pool/base.py", line 1309, in _checkout
courier_service-1   |     result = pool._dialect._do_ping_w_event(
courier_service-1   |              ^^^^^^^^^^^^^^^^^^^^^^^^^^^^^^^
courier_service-1   |   File "/usr/local/lib/python3.11/site-packages/sqlalchemy/engine/default.py", line 729, in _do_ping_w_event
courier_service-1   |     return self.do_ping(dbapi_connection)
courier_service-1   |            ^^^^^^^^^^^^^^^^^^^^^^^^^^^^^^
courier_service-1   |   File "/usr/local/lib/python3.11/site-packages/sqlalchemy/dialects/postgresql/asyncpg.py", line 1160, in do_ping
courier_service-1   |     dbapi_connection.ping()
courier_service-1   |   File "/usr/local/lib/python3.11/site-packages/sqlalchemy/dialects/postgresql/asyncpg.py", line 818, in ping
courier_service-1   |     self._handle_exception(error)
courier_service-1   |   File "/usr/local/lib/python3.11/site-packages/sqlalchemy/dialects/postgresql/asyncpg.py", line 799, in _handle_exception
courier_service-1   |     raise error
courier_service-1   |   File "/usr/local/lib/python3.11/site-packages/sqlalchemy/dialects/postgresql/asyncpg.py", line 816, in ping
courier_service-1   |     _ = self.await_(self._async_ping())
courier_service-1   |         ^^^^^^^^^^^^^^^^^^^^^^^^^^^^^^^
courier_service-1   |   File "/usr/local/lib/python3.11/site-packages/sqlalchemy/util/_concurrency_py3k.py", line 132, in await_only
courier_service-1   |     return current.parent.switch(awaitable)  # type: ignore[no-any-return,attr-defined] # noqa: E501
courier_service-1   |            ^^^^^^^^^^^^^^^^^^^^^^^^^^^^^^^^
courier_service-1   |   File "/usr/local/lib/python3.11/site-packages/sqlalchemy/util/_concurrency_py3k.py", line 196, in greenlet_spawn
courier_service-1   |     value = await result
courier_service-1   |             ^^^^^^^^^^^^
courier_service-1   |   File "/usr/local/lib/python3.11/site-packages/sqlalchemy/dialects/postgresql/asyncpg.py", line 825, in _async_ping
courier_service-1   |     await tr.start()
courier_service-1   |   File "/usr/local/lib/python3.11/site-packages/asyncpg/transaction.py", line 146, in start
courier_service-1   |     await self._connection.execute(query)
courier_service-1   |   File "/usr/local/lib/python3.11/site-packages/asyncpg/connection.py", line 354, in execute
courier_service-1   |     result = await self._protocol.query(query, timeout)
courier_service-1   |              ^^^^^^^^^^^^^^^^^^^^^^^^^^^^^^^^^^^^^^^^^^
courier_service-1   |   File "asyncpg/protocol/protocol.pyx", line 369, in query
courier_service-1   | RuntimeError: Task <Task pending name='starlette.middleware.base.BaseHTTPMiddleware.__call__.<locals>.call_next.<locals>.coro' coro=<BaseHTTPMiddleware.__call__.<locals>.call_next.<locals>.coro() running at /usr/local/lib/python3.11/site-packages/starlette/middleware/base.py:144> cb=[TaskGroup._spawn.<locals>.task_done() at /usr/local/lib/python3.11/site-packages/anyio/_backends/_asyncio.py:821]> got Future <Future pending cb=[BaseProtocol._on_waiter_completed()]> attached to a different loop
courier_service-1   | Exception terminating connection <AdaptedConnection <asyncpg.connection.Connection object at 0x7f46bc4b9a80>>
courier_service-1   | Traceback (most recent call last):
courier_service-1   |   File "/usr/local/lib/python3.11/site-packages/sqlalchemy/pool/base.py", line 373, in _close_connection
courier_service-1   |     self._dialect.do_terminate(connection)
courier_service-1   |   File "/usr/local/lib/python3.11/site-packages/sqlalchemy/dialects/postgresql/asyncpg.py", line 1127, in do_terminate
courier_service-1   |     dbapi_connection.terminate()
courier_service-1   |   File "/usr/local/lib/python3.11/site-packages/sqlalchemy/connectors/asyncio.py", line 402, in terminate
courier_service-1   |     self.await_(asyncio.shield(self._terminate_graceful_close()))  # type: ignore[attr-defined] # noqa: E501
courier_service-1   |     ^^^^^^^^^^^^^^^^^^^^^^^^^^^^^^^^^^^^^^^^^^^^^^^^^^^^^^^^^^^^^
courier_service-1   |   File "/usr/local/lib/python3.11/site-packages/sqlalchemy/util/_concurrency_py3k.py", line 132, in await_only
courier_service-1   |     return current.parent.switch(awaitable)  # type: ignore[no-any-return,attr-defined] # noqa: E501
courier_service-1   |            ^^^^^^^^^^^^^^^^^^^^^^^^^^^^^^^^
courier_service-1   |   File "/usr/local/lib/python3.11/site-packages/sqlalchemy/util/_concurrency_py3k.py", line 196, in greenlet_spawn
courier_service-1   |     value = await result
courier_service-1   |             ^^^^^^^^^^^^
courier_service-1   |   File "/usr/local/lib/python3.11/site-packages/sqlalchemy/dialects/postgresql/asyncpg.py", line 912, in _terminate_graceful_close
courier_service-1   |     await self._connection.close(timeout=2)
courier_service-1   |   File "/usr/local/lib/python3.11/site-packages/asyncpg/connection.py", line 1513, in close
courier_service-1   |     await self._protocol.close(timeout)
courier_service-1   |   File "asyncpg/protocol/protocol.pyx", line 618, in close
courier_service-1   | RuntimeError: Task <Task pending name='Task-708' coro=<AsyncAdapt_asyncpg_connection._terminate_graceful_close() running at /usr/local/lib/python3.11/site-packages/sqlalchemy/dialects/postgresql/asyncpg.py:912> cb=[shield.<locals>._inner_done_callback() at /usr/local/lib/python3.11/asyncio/tasks.py:891]> got Future <Future pending> attached to a different loop
courier_service-1   | Ответ assign для заказа 19: 500 - {"detail":"Assignment error: 500: Failed to get couriers"}
courier_service-1   | Маршрут для заказа 18: 39 -> 48 = [39, 42, 40, 24, 46, 38, 48]
courier_service-1   | INFO:     172.18.0.6:38380 - "GET /api/couriers/ HTTP/1.1" 500 Internal Server Error
courier_service-1   | ERROR:    Exception in ASGI application
courier_service-1   | Traceback (most recent call last):
courier_service-1   |   File "/usr/local/lib/python3.11/site-packages/uvicorn/protocols/http/httptools_impl.py", line 421, in run_asgi
courier_service-1   |     result = await app(  # type: ignore[func-returns-value]
courier_service-1   |              ^^^^^^^^^^^^^^^^^^^^^^^^^^^^^^^^^^^^^^^^^^^^^^
courier_service-1   |   File "/usr/local/lib/python3.11/site-packages/uvicorn/middleware/proxy_headers.py", line 56, in __call__
courier_service-1   |     return await self.app(scope, receive, send)
courier_service-1   |            ^^^^^^^^^^^^^^^^^^^^^^^^^^^^^^^^^^^^
courier_service-1   |   File "/usr/local/lib/python3.11/site-packages/fastapi/applications.py", line 1159, in __call__
courier_service-1   |     await super().__call__(scope, receive, send)
courier_service-1   |   File "/usr/local/lib/python3.11/site-packages/starlette/applications.py", line 90, in __call__
courier_service-1   |     await self.middleware_stack(scope, receive, send)
courier_service-1   |   File "/usr/local/lib/python3.11/site-packages/starlette/middleware/errors.py", line 186, in __call__
courier_service-1   |     raise exc
courier_service-1   |   File "/usr/local/lib/python3.11/site-packages/starlette/middleware/errors.py", line 164, in __call__
courier_service-1   |     await self.app(scope, receive, _send)
courier_service-1   |   File "/usr/local/lib/python3.11/site-packages/starlette/middleware/base.py", line 191, in __call__
courier_service-1   |     with recv_stream, send_stream, collapse_excgroups():
courier_service-1   |   File "/usr/local/lib/python3.11/contextlib.py", line 158, in __exit__
courier_service-1   |     self.gen.throw(typ, value, traceback)
courier_service-1   |   File "/usr/local/lib/python3.11/site-packages/starlette/_utils.py", line 87, in collapse_excgroups
courier_service-1   |     raise exc
courier_service-1   |   File "/usr/local/lib/python3.11/site-packages/starlette/middleware/base.py", line 193, in __call__
courier_service-1   |     response = await self.dispatch_func(request, call_next)
courier_service-1   |                ^^^^^^^^^^^^^^^^^^^^^^^^^^^^^^^^^^^^^^^^^^^^
courier_service-1   |   File "/app/courier_service/main.py", line 137, in prometheus_middleware
courier_service-1   |     response = await call_next(request)
courier_service-1   |                ^^^^^^^^^^^^^^^^^^^^^^^^
courier_service-1   |   File "/usr/local/lib/python3.11/site-packages/starlette/middleware/base.py", line 168, in call_next
courier_service-1   |     raise app_exc from app_exc.__cause__ or app_exc.__context__
courier_service-1   |   File "/usr/local/lib/python3.11/site-packages/starlette/middleware/base.py", line 144, in coro
courier_service-1   |     await self.app(scope, receive_or_disconnect, send_no_error)
courier_service-1   |   File "/usr/local/lib/python3.11/site-packages/starlette/middleware/exceptions.py", line 63, in __call__
courier_service-1   |     await wrap_app_handling_exceptions(self.app, conn)(scope, receive, send)
courier_service-1   |   File "/usr/local/lib/python3.11/site-packages/starlette/_exception_handler.py", line 53, in wrapped_app
courier_service-1   |     raise exc
courier_service-1   |   File "/usr/local/lib/python3.11/site-packages/starlette/_exception_handler.py", line 42, in wrapped_app
courier_service-1   |     await app(scope, receive, sender)
courier_service-1   |   File "/usr/local/lib/python3.11/site-packages/fastapi/middleware/asyncexitstack.py", line 18, in __call__
courier_service-1   |     await self.app(scope, receive, send)
courier_service-1   |   File "/usr/local/lib/python3.11/site-packages/starlette/routing.py", line 660, in __call__
courier_service-1   |     await self.middleware_stack(scope, receive, send)
courier_service-1   |   File "/usr/local/lib/python3.11/site-packages/starlette/routing.py", line 680, in app
courier_service-1   |     await route.handle(scope, receive, send)
courier_service-1   |   File "/usr/local/lib/python3.11/site-packages/starlette/routing.py", line 276, in handle
courier_service-1   |     await self.app(scope, receive, send)
courier_service-1   |   File "/usr/local/lib/python3.11/site-packages/fastapi/routing.py", line 134, in app
courier_service-1   |     await wrap_app_handling_exceptions(app, request)(scope, receive, send)
courier_service-1   |   File "/usr/local/lib/python3.11/site-packages/starlette/_exception_handler.py", line 53, in wrapped_app
courier_service-1   |     raise exc
courier_service-1   |   File "/usr/local/lib/python3.11/site-packages/starlette/_exception_handler.py", line 42, in wrapped_app
courier_service-1   |     await app(scope, receive, sender)
courier_service-1   |   File "/usr/local/lib/python3.11/site-packages/fastapi/routing.py", line 120, in app
courier_service-1   |     response = await f(request)
courier_service-1   |                ^^^^^^^^^^^^^^^^
courier_service-1   |   File "/usr/local/lib/python3.11/site-packages/fastapi/routing.py", line 674, in app
courier_service-1   |     raw_response = await run_endpoint_function(
courier_service-1   |                    ^^^^^^^^^^^^^^^^^^^^^^^^^^^^
courier_service-1   |   File "/usr/local/lib/python3.11/site-packages/fastapi/routing.py", line 328, in run_endpoint_function
courier_service-1   |     return await dependant.call(**values)
courier_service-1   |            ^^^^^^^^^^^^^^^^^^^^^^^^^^^^^^
courier_service-1   |   File "/app/courier_service/routes.py", line 245, in list_couriers
courier_service-1   |     couriers = await service.get_all_couriers()
courier_service-1   |                ^^^^^^^^^^^^^^^^^^^^^^^^^^^^^^^^
courier_service-1   |   File "/app/courier_service/courier_service.py", line 370, in get_all_couriers
courier_service-1   |     result = await self.session.execute(select(Courier).execution_options(populate_existing=True))
courier_service-1   |              ^^^^^^^^^^^^^^^^^^^^^^^^^^^^^^^^^^^^^^^^^^^^^^^^^^^^^^^^^^^^^^^^^^^^^^^^^^^^^^^^^^^^^
courier_service-1   |   File "/usr/local/lib/python3.11/site-packages/sqlalchemy/ext/asyncio/session.py", line 449, in execute
courier_service-1   |     result = await greenlet_spawn(
courier_service-1   |              ^^^^^^^^^^^^^^^^^^^^^
courier_service-1   |   File "/usr/local/lib/python3.11/site-packages/sqlalchemy/util/_concurrency_py3k.py", line 201, in greenlet_spawn
courier_service-1   |     result = context.throw(*sys.exc_info())
courier_service-1   |              ^^^^^^^^^^^^^^^^^^^^^^^^^^^^^^
courier_service-1   |   File "/usr/local/lib/python3.11/site-packages/sqlalchemy/orm/session.py", line 2351, in execute
courier_service-1   |     return self._execute_internal(
courier_service-1   |            ^^^^^^^^^^^^^^^^^^^^^^^
courier_service-1   |   File "/usr/local/lib/python3.11/site-packages/sqlalchemy/orm/session.py", line 2239, in _execute_internal
courier_service-1   |     conn = self._connection_for_bind(bind)
courier_service-1   |            ^^^^^^^^^^^^^^^^^^^^^^^^^^^^^^^
courier_service-1   |   File "/usr/local/lib/python3.11/site-packages/sqlalchemy/orm/session.py", line 2108, in _connection_for_bind
courier_service-1   |     return trans._connection_for_bind(engine, execution_options)
courier_service-1   |            ^^^^^^^^^^^^^^^^^^^^^^^^^^^^^^^^^^^^^^^^^^^^^^^^^^^^^
courier_service-1   |   File "<string>", line 2, in _connection_for_bind
courier_service-1   |   File "/usr/local/lib/python3.11/site-packages/sqlalchemy/orm/state_changes.py", line 137, in _go
courier_service-1   |     ret_value = fn(self, *arg, **kw)
courier_service-1   |                 ^^^^^^^^^^^^^^^^^^^^
courier_service-1   |   File "/usr/local/lib/python3.11/site-packages/sqlalchemy/orm/session.py", line 1187, in _connection_for_bind
courier_service-1   |     conn = bind.connect()
courier_service-1   |            ^^^^^^^^^^^^^^
courier_service-1   |   File "/usr/local/lib/python3.11/site-packages/sqlalchemy/engine/base.py", line 3293, in connect
courier_service-1   |     return self._connection_cls(self)
courier_service-1   |            ^^^^^^^^^^^^^^^^^^^^^^^^^^
courier_service-1   |   File "/usr/local/lib/python3.11/site-packages/sqlalchemy/engine/base.py", line 143, in __init__
courier_service-1   |     self._dbapi_connection = engine.raw_connection()
courier_service-1   |                              ^^^^^^^^^^^^^^^^^^^^^^^
courier_service-1   |   File "/usr/local/lib/python3.11/site-packages/sqlalchemy/engine/base.py", line 3317, in raw_connection
courier_service-1   |     return self.pool.connect()
courier_service-1   |            ^^^^^^^^^^^^^^^^^^^
courier_service-1   |   File "/usr/local/lib/python3.11/site-packages/sqlalchemy/pool/base.py", line 448, in connect
courier_service-1   |     return _ConnectionFairy._checkout(self)
courier_service-1   |            ^^^^^^^^^^^^^^^^^^^^^^^^^^^^^^^^
courier_service-1   |   File "/usr/local/lib/python3.11/site-packages/sqlalchemy/pool/base.py", line 1371, in _checkout
courier_service-1   |     with util.safe_reraise():
courier_service-1   |   File "/usr/local/lib/python3.11/site-packages/sqlalchemy/util/langhelpers.py", line 121, in __exit__
courier_service-1   |     raise exc_value.with_traceback(exc_tb)
courier_service-1   |   File "/usr/local/lib/python3.11/site-packages/sqlalchemy/pool/base.py", line 1309, in _checkout
courier_service-1   |     result = pool._dialect._do_ping_w_event(
courier_service-1   |              ^^^^^^^^^^^^^^^^^^^^^^^^^^^^^^^
courier_service-1   |   File "/usr/local/lib/python3.11/site-packages/sqlalchemy/engine/default.py", line 729, in _do_ping_w_event
courier_service-1   |     return self.do_ping(dbapi_connection)
courier_service-1   |            ^^^^^^^^^^^^^^^^^^^^^^^^^^^^^^
courier_service-1   |   File "/usr/local/lib/python3.11/site-packages/sqlalchemy/dialects/postgresql/asyncpg.py", line 1160, in do_ping
courier_service-1   |     dbapi_connection.ping()
courier_service-1   |   File "/usr/local/lib/python3.11/site-packages/sqlalchemy/dialects/postgresql/asyncpg.py", line 818, in ping
courier_service-1   |     self._handle_exception(error)
courier_service-1   |   File "/usr/local/lib/python3.11/site-packages/sqlalchemy/dialects/postgresql/asyncpg.py", line 799, in _handle_exception
courier_service-1   |     raise error
courier_service-1   |   File "/usr/local/lib/python3.11/site-packages/sqlalchemy/dialects/postgresql/asyncpg.py", line 816, in ping
courier_service-1   |     _ = self.await_(self._async_ping())
courier_service-1   |         ^^^^^^^^^^^^^^^^^^^^^^^^^^^^^^^
courier_service-1   |   File "/usr/local/lib/python3.11/site-packages/sqlalchemy/util/_concurrency_py3k.py", line 132, in await_only
courier_service-1   |     return current.parent.switch(awaitable)  # type: ignore[no-any-return,attr-defined] # noqa: E501
courier_service-1   |            ^^^^^^^^^^^^^^^^^^^^^^^^^^^^^^^^
courier_service-1   |   File "/usr/local/lib/python3.11/site-packages/sqlalchemy/util/_concurrency_py3k.py", line 196, in greenlet_spawn
courier_service-1   |     value = await result
courier_service-1   |             ^^^^^^^^^^^^
courier_service-1   |   File "/usr/local/lib/python3.11/site-packages/sqlalchemy/dialects/postgresql/asyncpg.py", line 825, in _async_ping
courier_service-1   |     await tr.start()
courier_service-1   |   File "/usr/local/lib/python3.11/site-packages/asyncpg/transaction.py", line 146, in start
courier_service-1   |     await self._connection.execute(query)
courier_service-1   |   File "/usr/local/lib/python3.11/site-packages/asyncpg/connection.py", line 354, in execute
courier_service-1   |     result = await self._protocol.query(query, timeout)
courier_service-1   |              ^^^^^^^^^^^^^^^^^^^^^^^^^^^^^^^^^^^^^^^^^^
courier_service-1   |   File "asyncpg/protocol/protocol.pyx", line 369, in query
courier_service-1   | RuntimeError: Task <Task pending name='starlette.middleware.base.BaseHTTPMiddleware.__call__.<locals>.call_next.<locals>.coro' coro=<BaseHTTPMiddleware.__call__.<locals>.call_next.<locals>.coro() running at /usr/local/lib/python3.11/site-packages/starlette/middleware/base.py:144> cb=[TaskGroup._spawn.<locals>.task_done() at /usr/local/lib/python3.11/site-packages/anyio/_backends/_asyncio.py:821]> got Future <Future pending cb=[BaseProtocol._on_waiter_completed()]> attached to a different loop
courier_service-1   | Ответ assign для заказа 18: 500 - {"detail":"Assignment error: 500: Failed to get couriers"}
courier_service-1   | Маршрут для заказа 17: 22 -> 25 = [22, 1, 25]
courier_service-1   | INFO:     172.18.0.6:38384 - "GET /api/couriers/ HTTP/1.1" 200 OK
courier_service-1   | Ответ assign для заказа 17: 200 - {"status":"no_couriers_available"}
courier_service-1   | Маршрут для заказа 16: 5 -> 2 = [5, 29, 34, 42, 40, 24, 7, 2]
courier_service-1   | INFO:     172.18.0.6:38390 - "GET /api/couriers/ HTTP/1.1" 200 OK
courier_service-1   | Ответ assign для заказа 16: 200 - {"status":"no_couriers_available"}
courier_service-1   | Маршрут для заказа 15: 38 -> 29 = [38, 46, 24, 40, 42, 34, 29]
courier_service-1   | INFO:     172.18.0.6:38400 - "GET /api/couriers/ HTTP/1.1" 200 OK
courier_service-1   | Ответ assign для заказа 15: 200 - {"status":"no_couriers_available"}
courier_service-1   | Маршрут для заказа 14: 21 -> 6 = [21, 22, 6]
courier_service-1   | INFO:     172.18.0.6:38408 - "GET /api/couriers/ HTTP/1.1" 200 OK
courier_service-1   | Ответ assign для заказа 14: 200 - {"status":"no_couriers_available"}
courier_service-1   | Маршрут для заказа 13: 4 -> 33 = [4, 33]
courier_service-1   | INFO:     172.18.0.6:38416 - "GET /api/couriers/ HTTP/1.1" 200 OK
courier_service-1   | Ответ assign для заказа 13: 200 - {"status":"no_couriers_available"}
courier_service-1   | Маршрут для заказа 12: 37 -> 10 = [37, 7, 2, 10]
courier_service-1   | INFO:     172.18.0.6:38424 - "GET /api/couriers/ HTTP/1.1" 200 OK
courier_service-1   | Ответ assign для заказа 12: 200 - {"status":"no_couriers_available"}
courier_service-1   | Маршрут для заказа 11: 20 -> 37 = [20, 37]
courier_service-1   | INFO:     172.18.0.6:38428 - "GET /api/couriers/ HTTP/1.1" 200 OK
courier_service-1   | Ответ assign для заказа 11: 200 - {"status":"no_couriers_available"}
courier_service-1   | Маршрут для заказа 10: 3 -> 14 = [3, 14]
courier_service-1   | INFO:     172.18.0.6:38440 - "GET /api/couriers/ HTTP/1.1" 200 OK
courier_service-1   | Ответ assign для заказа 10: 200 - {"status":"no_couriers_available"}
courier_service-1   | Маршрут для заказа 9: 36 -> 41 = [36, 41]
courier_service-1   | INFO:     172.18.0.6:38450 - "GET /api/couriers/ HTTP/1.1" 200 OK
courier_service-1   | Ответ assign для заказа 9: 200 - {"status":"no_couriers_available"}
courier_service-1   | Маршрут для заказа 8: 19 -> 18 = [19, 18]
courier_service-1   | INFO:     172.18.0.6:38466 - "GET /api/couriers/ HTTP/1.1" 200 OK
courier_service-1   | Ответ assign для заказа 8: 200 - {"status":"no_couriers_available"}
courier_service-1   | Маршрут для заказа 7: 2 -> 45 = [2, 7, 24, 40, 42, 34, 29, 5, 45]
courier_service-1   | INFO:     172.18.0.6:38480 - "GET /api/couriers/ HTTP/1.1" 200 OK
courier_service-1   | Ответ assign для заказа 7: 200 - {"status":"no_couriers_available"}
courier_service-1   | Маршрут для заказа 6: 35 -> 22 = [35, 22]
courier_service-1   | INFO:     172.18.0.6:38488 - "GET /api/couriers/ HTTP/1.1" 200 OK
courier_service-1   | Exception terminating connection <AdaptedConnection <asyncpg.connection.Connection object at 0x7f46bc327010>>
courier_service-1   | Traceback (most recent call last):
courier_service-1   |   File "/usr/local/lib/python3.11/site-packages/sqlalchemy/pool/base.py", line 373, in _close_connection
courier_service-1   |     self._dialect.do_terminate(connection)
courier_service-1   |   File "/usr/local/lib/python3.11/site-packages/sqlalchemy/dialects/postgresql/asyncpg.py", line 1127, in do_terminate
courier_service-1   |     dbapi_connection.terminate()
courier_service-1   |   File "/usr/local/lib/python3.11/site-packages/sqlalchemy/connectors/asyncio.py", line 402, in terminate
courier_service-1   |     self.await_(asyncio.shield(self._terminate_graceful_close()))  # type: ignore[attr-defined] # noqa: E501
courier_service-1   |     ^^^^^^^^^^^^^^^^^^^^^^^^^^^^^^^^^^^^^^^^^^^^^^^^^^^^^^^^^^^^^
courier_service-1   |   File "/usr/local/lib/python3.11/site-packages/sqlalchemy/util/_concurrency_py3k.py", line 132, in await_only
courier_service-1   |     return current.parent.switch(awaitable)  # type: ignore[no-any-return,attr-defined] # noqa: E501
courier_service-1   |            ^^^^^^^^^^^^^^^^^^^^^^^^^^^^^^^^
courier_service-1   |   File "/usr/local/lib/python3.11/site-packages/sqlalchemy/util/_concurrency_py3k.py", line 196, in greenlet_spawn
courier_service-1   |     value = await result
courier_service-1   |             ^^^^^^^^^^^^
courier_service-1   |   File "/usr/local/lib/python3.11/site-packages/sqlalchemy/dialects/postgresql/asyncpg.py", line 912, in _terminate_graceful_close
courier_service-1   |     await self._connection.close(timeout=2)
courier_service-1   |   File "/usr/local/lib/python3.11/site-packages/asyncpg/connection.py", line 1513, in close
courier_service-1   |     await self._protocol.close(timeout)
courier_service-1   |   File "asyncpg/protocol/protocol.pyx", line 618, in close
courier_service-1   | RuntimeError: Task <Task pending name='Task-751' coro=<AsyncAdapt_asyncpg_connection._terminate_graceful_close() running at /usr/local/lib/python3.11/site-packages/sqlalchemy/dialects/postgresql/asyncpg.py:912> cb=[shield.<locals>._inner_done_callback() at /usr/local/lib/python3.11/asyncio/tasks.py:891]> got Future <Future pending> attached to a different loop
courier_service-1   | Exception terminating connection <AdaptedConnection <asyncpg.connection.Connection object at 0x7f46bc3253f0>>
courier_service-1   | Traceback (most recent call last):
courier_service-1   |   File "/usr/local/lib/python3.11/site-packages/sqlalchemy/pool/base.py", line 373, in _close_connection
courier_service-1   |     self._dialect.do_terminate(connection)
courier_service-1   |   File "/usr/local/lib/python3.11/site-packages/sqlalchemy/dialects/postgresql/asyncpg.py", line 1127, in do_terminate
courier_service-1   |     dbapi_connection.terminate()
courier_service-1   |   File "/usr/local/lib/python3.11/site-packages/sqlalchemy/connectors/asyncio.py", line 402, in terminate
courier_service-1   |     self.await_(asyncio.shield(self._terminate_graceful_close()))  # type: ignore[attr-defined] # noqa: E501
courier_service-1   |     ^^^^^^^^^^^^^^^^^^^^^^^^^^^^^^^^^^^^^^^^^^^^^^^^^^^^^^^^^^^^^
courier_service-1   |   File "/usr/local/lib/python3.11/site-packages/sqlalchemy/util/_concurrency_py3k.py", line 132, in await_only
courier_service-1   |     return current.parent.switch(awaitable)  # type: ignore[no-any-return,attr-defined] # noqa: E501
courier_service-1   |            ^^^^^^^^^^^^^^^^^^^^^^^^^^^^^^^^
courier_service-1   |   File "/usr/local/lib/python3.11/site-packages/sqlalchemy/util/_concurrency_py3k.py", line 196, in greenlet_spawn
courier_service-1   |     value = await result
courier_service-1   |             ^^^^^^^^^^^^
courier_service-1   |   File "/usr/local/lib/python3.11/site-packages/sqlalchemy/dialects/postgresql/asyncpg.py", line 912, in _terminate_graceful_close
courier_service-1   |     await self._connection.close(timeout=2)
courier_service-1   |   File "/usr/local/lib/python3.11/site-packages/asyncpg/connection.py", line 1513, in close
courier_service-1   |     await self._protocol.close(timeout)
courier_service-1   |   File "asyncpg/protocol/protocol.pyx", line 618, in close
courier_service-1   | RuntimeError: Task <Task pending name='Task-755' coro=<AsyncAdapt_asyncpg_connection._terminate_graceful_close() running at /usr/local/lib/python3.11/site-packages/sqlalchemy/dialects/postgresql/asyncpg.py:912> cb=[shield.<locals>._inner_done_callback() at /usr/local/lib/python3.11/asyncio/tasks.py:891]> got Future <Future pending> attached to a different loop
courier_service-1   | Future exception was never retrieved
courier_service-1   | future: <Future finished exception=InternalClientError('got result for unknown protocol state 3')>
courier_service-1   | Traceback (most recent call last):
courier_service-1   |   File "asyncpg/protocol/protocol.pyx", line 892, in asyncpg.protocol.protocol.BaseProtocol._dispatch_result
courier_service-1   | asyncpg.exceptions._base.InternalClientError: got result for unknown protocol state 3
courier_service-1   | Future exception was never retrieved
courier_service-1   | future: <Future finished exception=InternalClientError('got result for unknown protocol state 3')>
courier_service-1   | Traceback (most recent call last):
courier_service-1   |   File "asyncpg/protocol/protocol.pyx", line 892, in asyncpg.protocol.protocol.BaseProtocol._dispatch_result
courier_service-1   | asyncpg.exceptions._base.InternalClientError: got result for unknown protocol state 3
courier_service-1   | Future exception was never retrieved
courier_service-1   | future: <Future finished exception=InternalClientError('got result for unknown protocol state 3')>
courier_service-1   | Traceback (most recent call last):
courier_service-1   |   File "asyncpg/protocol/protocol.pyx", line 892, in asyncpg.protocol.protocol.BaseProtocol._dispatch_result
courier_service-1   | asyncpg.exceptions._base.InternalClientError: got result for unknown protocol state 3
courier_service-1   | Exception terminating connection <AdaptedConnection <asyncpg.connection.Connection object at 0x7f46bc3275b0>>
courier_service-1   | Traceback (most recent call last):
courier_service-1   |   File "/usr/local/lib/python3.11/site-packages/sqlalchemy/pool/base.py", line 373, in _close_connection
courier_service-1   |     self._dialect.do_terminate(connection)
courier_service-1   |   File "/usr/local/lib/python3.11/site-packages/sqlalchemy/dialects/postgresql/asyncpg.py", line 1127, in do_terminate
courier_service-1   |     dbapi_connection.terminate()
courier_service-1   |   File "/usr/local/lib/python3.11/site-packages/sqlalchemy/connectors/asyncio.py", line 402, in terminate
courier_service-1   |     self.await_(asyncio.shield(self._terminate_graceful_close()))  # type: ignore[attr-defined] # noqa: E501
courier_service-1   |     ^^^^^^^^^^^^^^^^^^^^^^^^^^^^^^^^^^^^^^^^^^^^^^^^^^^^^^^^^^^^^
courier_service-1   |   File "/usr/local/lib/python3.11/site-packages/sqlalchemy/util/_concurrency_py3k.py", line 132, in await_only
courier_service-1   |     return current.parent.switch(awaitable)  # type: ignore[no-any-return,attr-defined] # noqa: E501
courier_service-1   |            ^^^^^^^^^^^^^^^^^^^^^^^^^^^^^^^^
courier_service-1   |   File "/usr/local/lib/python3.11/site-packages/sqlalchemy/util/_concurrency_py3k.py", line 196, in greenlet_spawn
courier_service-1   |     value = await result
courier_service-1   |             ^^^^^^^^^^^^
courier_service-1   |   File "/usr/local/lib/python3.11/site-packages/sqlalchemy/dialects/postgresql/asyncpg.py", line 912, in _terminate_graceful_close
courier_service-1   |     await self._connection.close(timeout=2)
courier_service-1   |   File "/usr/local/lib/python3.11/site-packages/asyncpg/connection.py", line 1513, in close
courier_service-1   |     await self._protocol.close(timeout)
courier_service-1   |   File "asyncpg/protocol/protocol.pyx", line 618, in close
courier_service-1   | RuntimeError: Task <Task pending name='Task-759' coro=<AsyncAdapt_asyncpg_connection._terminate_graceful_close() running at /usr/local/lib/python3.11/site-packages/sqlalchemy/dialects/postgresql/asyncpg.py:912> cb=[shield.<locals>._inner_done_callback() at /usr/local/lib/python3.11/asyncio/tasks.py:891]> got Future <Future pending> attached to a different loop
courier_service-1   | Future exception was never retrieved
courier_service-1   | future: <Future finished exception=InternalClientError('got result for unknown protocol state 3')>
courier_service-1   | Traceback (most recent call last):
courier_service-1   |   File "asyncpg/protocol/protocol.pyx", line 892, in asyncpg.protocol.protocol.BaseProtocol._dispatch_result
courier_service-1   | asyncpg.exceptions._base.InternalClientError: got result for unknown protocol state 3
courier_service-1   | Ответ assign для заказа 6: 200 - {"status":"no_couriers_available"}
courier_service-1   | [CourierEmulator] move error for courier 2: Task <Task pending name='Task-750' coro=<CourierEmulator._move_along_route() running at /app/courier_service/courier_service.py:139> cb=[_run_until_complete_cb() at /usr/local/lib/python3.11/asyncio/base_events.py:181]> got Future <Future pending cb=[BaseProtocol._on_waiter_completed()]> attached to a different loop
courier_service-1   | [CourierEmulator] move error for courier 1: Task <Task pending name='Task-754' coro=<CourierEmulator._move_along_route() running at /app/courier_service/courier_service.py:139> cb=[_run_until_complete_cb() at /usr/local/lib/python3.11/asyncio/base_events.py:181]> got Future <Future pending cb=[BaseProtocol._on_waiter_completed()]> attached to a different loop
courier_service-1   | [CourierEmulator] move error for courier 4: Task <Task pending name='Task-758' coro=<CourierEmulator._move_along_route() running at /app/courier_service/courier_service.py:139> cb=[_run_until_complete_cb() at /usr/local/lib/python3.11/asyncio/base_events.py:181]> got Future <Future pending cb=[BaseProtocol._on_waiter_completed()]> attached to a different loop
courier_service-1   | INFO:     172.18.0.8:44248 - "GET /api/couriers/ HTTP/1.1" 200 OK
courier_service-1   | Future exception was never retrieved
courier_service-1   | future: <Future finished exception=InternalClientError('got result for unknown protocol state 3')>
courier_service-1   | Traceback (most recent call last):
courier_service-1   |   File "asyncpg/protocol/protocol.pyx", line 892, in asyncpg.protocol.protocol.BaseProtocol._dispatch_result
courier_service-1   | asyncpg.exceptions._base.InternalClientError: got result for unknown protocol state 3
courier_service-1   | Exception terminating connection <AdaptedConnection <asyncpg.connection.Connection object at 0x7f46bc327e20>>
courier_service-1   | Traceback (most recent call last):
courier_service-1   |   File "/usr/local/lib/python3.11/site-packages/sqlalchemy/pool/base.py", line 373, in _close_connection
courier_service-1   |     self._dialect.do_terminate(connection)
courier_service-1   |   File "/usr/local/lib/python3.11/site-packages/sqlalchemy/dialects/postgresql/asyncpg.py", line 1127, in do_terminate
courier_service-1   |     dbapi_connection.terminate()
courier_service-1   |   File "/usr/local/lib/python3.11/site-packages/sqlalchemy/connectors/asyncio.py", line 402, in terminate
courier_service-1   |     self.await_(asyncio.shield(self._terminate_graceful_close()))  # type: ignore[attr-defined] # noqa: E501
courier_service-1   |     ^^^^^^^^^^^^^^^^^^^^^^^^^^^^^^^^^^^^^^^^^^^^^^^^^^^^^^^^^^^^^
courier_service-1   |   File "/usr/local/lib/python3.11/site-packages/sqlalchemy/util/_concurrency_py3k.py", line 132, in await_only
courier_service-1   |     return current.parent.switch(awaitable)  # type: ignore[no-any-return,attr-defined] # noqa: E501
courier_service-1   |            ^^^^^^^^^^^^^^^^^^^^^^^^^^^^^^^^
courier_service-1   |   File "/usr/local/lib/python3.11/site-packages/sqlalchemy/util/_concurrency_py3k.py", line 196, in greenlet_spawn
courier_service-1   |     value = await result
courier_service-1   |             ^^^^^^^^^^^^
courier_service-1   |   File "/usr/local/lib/python3.11/site-packages/sqlalchemy/dialects/postgresql/asyncpg.py", line 912, in _terminate_graceful_close
courier_service-1   |     await self._connection.close(timeout=2)
courier_service-1   |   File "/usr/local/lib/python3.11/site-packages/asyncpg/connection.py", line 1513, in close
courier_service-1   |     await self._protocol.close(timeout)
courier_service-1   |   File "asyncpg/protocol/protocol.pyx", line 632, in close
courier_service-1   | RuntimeError: Task <Task pending name='Task-770' coro=<AsyncAdapt_asyncpg_connection._terminate_graceful_close() running at /usr/local/lib/python3.11/site-packages/sqlalchemy/dialects/postgresql/asyncpg.py:912> cb=[shield.<locals>._inner_done_callback() at /usr/local/lib/python3.11/asyncio/tasks.py:891]> got Future <Future pending cb=[BaseProtocol._on_waiter_completed()]> attached to a different loop
courier_service-1   | Future exception was never retrieved
courier_service-1   | future: <Future finished exception=InternalClientError('got result for unknown protocol state 3')>
courier_service-1   | Traceback (most recent call last):
courier_service-1   |   File "asyncpg/protocol/protocol.pyx", line 892, in asyncpg.protocol.protocol.BaseProtocol._dispatch_result
courier_service-1   | asyncpg.exceptions._base.InternalClientError: got result for unknown protocol state 3
courier_service-1   | [CourierEmulator] move error for courier 5: Task <Task pending name='Task-769' coro=<CourierEmulator._move_along_route() running at /app/courier_service/courier_service.py:139> cb=[_run_until_complete_cb() at /usr/local/lib/python3.11/asyncio/base_events.py:181]> got Future <Future pending cb=[BaseProtocol._on_waiter_completed()]> attached to a different loop
courier_service-1   | INFO:     172.18.0.8:44256 - "GET /api/couriers/ HTTP/1.1" 200 OK
courier_service-1   | Exception terminating connection <AdaptedConnection <asyncpg.connection.Connection object at 0x7f46bc327d30>>
courier_service-1   | Traceback (most recent call last):
courier_service-1   |   File "/usr/local/lib/python3.11/site-packages/sqlalchemy/pool/base.py", line 373, in _close_connection
courier_service-1   |     self._dialect.do_terminate(connection)
courier_service-1   |   File "/usr/local/lib/python3.11/site-packages/sqlalchemy/dialects/postgresql/asyncpg.py", line 1127, in do_terminate
courier_service-1   |     dbapi_connection.terminate()
courier_service-1   |   File "/usr/local/lib/python3.11/site-packages/sqlalchemy/connectors/asyncio.py", line 402, in terminate
courier_service-1   |     self.await_(asyncio.shield(self._terminate_graceful_close()))  # type: ignore[attr-defined] # noqa: E501
courier_service-1   |     ^^^^^^^^^^^^^^^^^^^^^^^^^^^^^^^^^^^^^^^^^^^^^^^^^^^^^^^^^^^^^
courier_service-1   |   File "/usr/local/lib/python3.11/site-packages/sqlalchemy/util/_concurrency_py3k.py", line 132, in await_only
courier_service-1   |     return current.parent.switch(awaitable)  # type: ignore[no-any-return,attr-defined] # noqa: E501
courier_service-1   |            ^^^^^^^^^^^^^^^^^^^^^^^^^^^^^^^^
courier_service-1   |   File "/usr/local/lib/python3.11/site-packages/sqlalchemy/util/_concurrency_py3k.py", line 196, in greenlet_spawn
courier_service-1   |     value = await result
courier_service-1   |             ^^^^^^^^^^^^
courier_service-1   |   File "/usr/local/lib/python3.11/site-packages/sqlalchemy/dialects/postgresql/asyncpg.py", line 912, in _terminate_graceful_close
courier_service-1   |     await self._connection.close(timeout=2)
courier_service-1   |   File "/usr/local/lib/python3.11/site-packages/asyncpg/connection.py", line 1513, in close
courier_service-1   |     await self._protocol.close(timeout)
courier_service-1   |   File "asyncpg/protocol/protocol.pyx", line 618, in close
courier_service-1   | RuntimeError: Task <Task pending name='Task-780' coro=<AsyncAdapt_asyncpg_connection._terminate_graceful_close() running at /usr/local/lib/python3.11/site-packages/sqlalchemy/dialects/postgresql/asyncpg.py:912> cb=[shield.<locals>._inner_done_callback() at /usr/local/lib/python3.11/asyncio/tasks.py:891]> got Future <Future pending> attached to a different loop
courier_service-1   | Future exception was never retrieved
courier_service-1   | future: <Future finished exception=InternalClientError('got result for unknown protocol state 3')>
courier_service-1   | Traceback (most recent call last):
courier_service-1   |   File "asyncpg/protocol/protocol.pyx", line 892, in asyncpg.protocol.protocol.BaseProtocol._dispatch_result
courier_service-1   | asyncpg.exceptions._base.InternalClientError: got result for unknown protocol state 3
courier_service-1   | Exception terminating connection <AdaptedConnection <asyncpg.connection.Connection object at 0x7f46bc325e40>>
courier_service-1   | Traceback (most recent call last):
courier_service-1   |   File "/usr/local/lib/python3.11/site-packages/sqlalchemy/pool/base.py", line 373, in _close_connection
courier_service-1   |     self._dialect.do_terminate(connection)
courier_service-1   |   File "/usr/local/lib/python3.11/site-packages/sqlalchemy/dialects/postgresql/asyncpg.py", line 1127, in do_terminate
courier_service-1   |     dbapi_connection.terminate()
courier_service-1   |   File "/usr/local/lib/python3.11/site-packages/sqlalchemy/connectors/asyncio.py", line 402, in terminate
courier_service-1   |     self.await_(asyncio.shield(self._terminate_graceful_close()))  # type: ignore[attr-defined] # noqa: E501
courier_service-1   |     ^^^^^^^^^^^^^^^^^^^^^^^^^^^^^^^^^^^^^^^^^^^^^^^^^^^^^^^^^^^^^
courier_service-1   |   File "/usr/local/lib/python3.11/site-packages/sqlalchemy/util/_concurrency_py3k.py", line 132, in await_only
courier_service-1   |     return current.parent.switch(awaitable)  # type: ignore[no-any-return,attr-defined] # noqa: E501
courier_service-1   |            ^^^^^^^^^^^^^^^^^^^^^^^^^^^^^^^^
courier_service-1   |   File "/usr/local/lib/python3.11/site-packages/sqlalchemy/util/_concurrency_py3k.py", line 196, in greenlet_spawn
courier_service-1   |     value = await result
courier_service-1   |             ^^^^^^^^^^^^
courier_service-1   |   File "/usr/local/lib/python3.11/site-packages/sqlalchemy/dialects/postgresql/asyncpg.py", line 912, in _terminate_graceful_close
courier_service-1   |     await self._connection.close(timeout=2)
courier_service-1   |   File "/usr/local/lib/python3.11/site-packages/asyncpg/connection.py", line 1513, in close
courier_service-1   |     await self._protocol.close(timeout)
courier_service-1   |   File "asyncpg/protocol/protocol.pyx", line 618, in close
courier_service-1   | RuntimeError: Task <Task pending name='Task-784' coro=<AsyncAdapt_asyncpg_connection._terminate_graceful_close() running at /usr/local/lib/python3.11/site-packages/sqlalchemy/dialects/postgresql/asyncpg.py:912> cb=[shield.<locals>._inner_done_callback() at /usr/local/lib/python3.11/asyncio/tasks.py:891]> got Future <Future pending> attached to a different loop
courier_service-1   | Exception terminating connection <AdaptedConnection <asyncpg.connection.Connection object at 0x7f46bc4b84f0>>
courier_service-1   | Traceback (most recent call last):
courier_service-1   |   File "/usr/local/lib/python3.11/site-packages/sqlalchemy/pool/base.py", line 373, in _close_connection
courier_service-1   |     self._dialect.do_terminate(connection)
courier_service-1   |   File "/usr/local/lib/python3.11/site-packages/sqlalchemy/dialects/postgresql/asyncpg.py", line 1127, in do_terminate
courier_service-1   |     dbapi_connection.terminate()
courier_service-1   |   File "/usr/local/lib/python3.11/site-packages/sqlalchemy/connectors/asyncio.py", line 402, in terminate
courier_service-1   |     self.await_(asyncio.shield(self._terminate_graceful_close()))  # type: ignore[attr-defined] # noqa: E501
courier_service-1   |     ^^^^^^^^^^^^^^^^^^^^^^^^^^^^^^^^^^^^^^^^^^^^^^^^^^^^^^^^^^^^^
courier_service-1   |   File "/usr/local/lib/python3.11/site-packages/sqlalchemy/util/_concurrency_py3k.py", line 132, in await_only
courier_service-1   |     return current.parent.switch(awaitable)  # type: ignore[no-any-return,attr-defined] # noqa: E501
courier_service-1   |            ^^^^^^^^^^^^^^^^^^^^^^^^^^^^^^^^
courier_service-1   |   File "/usr/local/lib/python3.11/site-packages/sqlalchemy/util/_concurrency_py3k.py", line 196, in greenlet_spawn
courier_service-1   |     value = await result
courier_service-1   |             ^^^^^^^^^^^^
courier_service-1   |   File "/usr/local/lib/python3.11/site-packages/sqlalchemy/dialects/postgresql/asyncpg.py", line 912, in _terminate_graceful_close
courier_service-1   |     await self._connection.close(timeout=2)
courier_service-1   |   File "/usr/local/lib/python3.11/site-packages/asyncpg/connection.py", line 1513, in close
courier_service-1   |     await self._protocol.close(timeout)
courier_service-1   |   File "asyncpg/protocol/protocol.pyx", line 618, in close
courier_service-1   | RuntimeError: Task <Task pending name='Task-788' coro=<AsyncAdapt_asyncpg_connection._terminate_graceful_close() running at /usr/local/lib/python3.11/site-packages/sqlalchemy/dialects/postgresql/asyncpg.py:912> cb=[shield.<locals>._inner_done_callback() at /usr/local/lib/python3.11/asyncio/tasks.py:891]> got Future <Future pending> attached to a different loop
courier_service-1   | Future exception was never retrieved
courier_service-1   | future: <Future finished exception=InternalClientError('got result for unknown protocol state 3')>
courier_service-1   | Traceback (most recent call last):
courier_service-1   |   File "asyncpg/protocol/protocol.pyx", line 892, in asyncpg.protocol.protocol.BaseProtocol._dispatch_result
courier_service-1   | asyncpg.exceptions._base.InternalClientError: got result for unknown protocol state 3
courier_service-1   | [CourierEmulator] move error for courier 1: Task <Task pending name='Task-779' coro=<CourierEmulator._move_along_route() running at /app/courier_service/courier_service.py:139> cb=[_run_until_complete_cb() at /usr/local/lib/python3.11/asyncio/base_events.py:181]> got Future <Future pending cb=[BaseProtocol._on_waiter_completed()]> attached to a different loop
courier_service-1   | [CourierEmulator] move error for courier 4: Task <Task pending name='Task-783' coro=<CourierEmulator._move_along_route() running at /app/courier_service/courier_service.py:139> cb=[_run_until_complete_cb() at /usr/local/lib/python3.11/asyncio/base_events.py:181]> got Future <Future pending cb=[BaseProtocol._on_waiter_completed()]> attached to a different loop
courier_service-1   | [CourierEmulator] move error for courier 5: Task <Task pending name='Task-787' coro=<CourierEmulator._move_along_route() running at /app/courier_service/courier_service.py:139> cb=[_run_until_complete_cb() at /usr/local/lib/python3.11/asyncio/base_events.py:181]> got Future <Future pending cb=[BaseProtocol._on_waiter_completed()]> attached to a different loop
courier_service-1   | Найдено 15 заказов без курьеров
courier_service-1   | Маршрут для заказа 20: 23 -> 44 = [23, 13, 44]
courier_service-1   | INFO:     172.18.0.6:38500 - "GET /api/couriers/ HTTP/1.1" 200 OK
courier_service-1   | Ответ assign для заказа 20: 200 - {"status":"no_couriers_available"}
courier_service-1   | Маршрут для заказа 19: 6 -> 21 = [6, 22, 21]
courier_service-1   | INFO:     172.18.0.6:38506 - "GET /api/couriers/ HTTP/1.1" 200 OK
courier_service-1   | Exception terminating connection <AdaptedConnection <asyncpg.connection.Connection object at 0x7f46bc324220>>
courier_service-1   | Traceback (most recent call last):
courier_service-1   |   File "/usr/local/lib/python3.11/site-packages/sqlalchemy/pool/base.py", line 373, in _close_connection
courier_service-1   |     self._dialect.do_terminate(connection)
courier_service-1   |   File "/usr/local/lib/python3.11/site-packages/sqlalchemy/dialects/postgresql/asyncpg.py", line 1127, in do_terminate
courier_service-1   |     dbapi_connection.terminate()
courier_service-1   |   File "/usr/local/lib/python3.11/site-packages/sqlalchemy/connectors/asyncio.py", line 402, in terminate
courier_service-1   |     self.await_(asyncio.shield(self._terminate_graceful_close()))  # type: ignore[attr-defined] # noqa: E501
courier_service-1   |     ^^^^^^^^^^^^^^^^^^^^^^^^^^^^^^^^^^^^^^^^^^^^^^^^^^^^^^^^^^^^^
courier_service-1   |   File "/usr/local/lib/python3.11/site-packages/sqlalchemy/util/_concurrency_py3k.py", line 132, in await_only
courier_service-1   |     return current.parent.switch(awaitable)  # type: ignore[no-any-return,attr-defined] # noqa: E501
courier_service-1   |            ^^^^^^^^^^^^^^^^^^^^^^^^^^^^^^^^
courier_service-1   |   File "/usr/local/lib/python3.11/site-packages/sqlalchemy/util/_concurrency_py3k.py", line 196, in greenlet_spawn
courier_service-1   |     value = await result
courier_service-1   |             ^^^^^^^^^^^^
courier_service-1   |   File "/usr/local/lib/python3.11/site-packages/sqlalchemy/dialects/postgresql/asyncpg.py", line 912, in _terminate_graceful_close
courier_service-1   |     await self._connection.close(timeout=2)
courier_service-1   |   File "/usr/local/lib/python3.11/site-packages/asyncpg/connection.py", line 1513, in close
courier_service-1   |     await self._protocol.close(timeout)
courier_service-1   |   File "asyncpg/protocol/protocol.pyx", line 618, in close
courier_service-1   | RuntimeError: Task <Task pending name='Task-805' coro=<AsyncAdapt_asyncpg_connection._terminate_graceful_close() running at /usr/local/lib/python3.11/site-packages/sqlalchemy/dialects/postgresql/asyncpg.py:912> cb=[shield.<locals>._inner_done_callback() at /usr/local/lib/python3.11/asyncio/tasks.py:891]> got Future <Future pending> attached to a different loop
courier_service-1   | Ответ assign для заказа 19: 200 - {"status":"no_couriers_available"}
courier_service-1   | Маршрут для заказа 18: 39 -> 48 = [39, 42, 40, 24, 46, 38, 48]
courier_service-1   | INFO:     172.18.0.6:38518 - "GET /api/couriers/ HTTP/1.1" 500 Internal Server Error
courier_service-1   | ERROR:    Exception in ASGI application
courier_service-1   | Traceback (most recent call last):
courier_service-1   |   File "/usr/local/lib/python3.11/site-packages/uvicorn/protocols/http/httptools_impl.py", line 421, in run_asgi
courier_service-1   |     result = await app(  # type: ignore[func-returns-value]
courier_service-1   |              ^^^^^^^^^^^^^^^^^^^^^^^^^^^^^^^^^^^^^^^^^^^^^^
courier_service-1   |   File "/usr/local/lib/python3.11/site-packages/uvicorn/middleware/proxy_headers.py", line 56, in __call__
courier_service-1   |     return await self.app(scope, receive, send)
courier_service-1   |            ^^^^^^^^^^^^^^^^^^^^^^^^^^^^^^^^^^^^
courier_service-1   |   File "/usr/local/lib/python3.11/site-packages/fastapi/applications.py", line 1159, in __call__
courier_service-1   |     await super().__call__(scope, receive, send)
courier_service-1   |   File "/usr/local/lib/python3.11/site-packages/starlette/applications.py", line 90, in __call__
courier_service-1   |     await self.middleware_stack(scope, receive, send)
courier_service-1   |   File "/usr/local/lib/python3.11/site-packages/starlette/middleware/errors.py", line 186, in __call__
courier_service-1   |     raise exc
courier_service-1   |   File "/usr/local/lib/python3.11/site-packages/starlette/middleware/errors.py", line 164, in __call__
courier_service-1   |     await self.app(scope, receive, _send)
courier_service-1   |   File "/usr/local/lib/python3.11/site-packages/starlette/middleware/base.py", line 191, in __call__
courier_service-1   |     with recv_stream, send_stream, collapse_excgroups():
courier_service-1   |   File "/usr/local/lib/python3.11/contextlib.py", line 158, in __exit__
courier_service-1   |     self.gen.throw(typ, value, traceback)
courier_service-1   |   File "/usr/local/lib/python3.11/site-packages/starlette/_utils.py", line 87, in collapse_excgroups
courier_service-1   |     raise exc
courier_service-1   |   File "/usr/local/lib/python3.11/site-packages/starlette/middleware/base.py", line 193, in __call__
courier_service-1   |     response = await self.dispatch_func(request, call_next)
courier_service-1   |                ^^^^^^^^^^^^^^^^^^^^^^^^^^^^^^^^^^^^^^^^^^^^
courier_service-1   |   File "/app/courier_service/main.py", line 137, in prometheus_middleware
courier_service-1   |     response = await call_next(request)
courier_service-1   |                ^^^^^^^^^^^^^^^^^^^^^^^^
courier_service-1   |   File "/usr/local/lib/python3.11/site-packages/starlette/middleware/base.py", line 168, in call_next
courier_service-1   |     raise app_exc from app_exc.__cause__ or app_exc.__context__
courier_service-1   |   File "/usr/local/lib/python3.11/site-packages/starlette/middleware/base.py", line 144, in coro
courier_service-1   |     await self.app(scope, receive_or_disconnect, send_no_error)
courier_service-1   |   File "/usr/local/lib/python3.11/site-packages/starlette/middleware/exceptions.py", line 63, in __call__
courier_service-1   |     await wrap_app_handling_exceptions(self.app, conn)(scope, receive, send)
courier_service-1   |   File "/usr/local/lib/python3.11/site-packages/starlette/_exception_handler.py", line 53, in wrapped_app
courier_service-1   |     raise exc
courier_service-1   |   File "/usr/local/lib/python3.11/site-packages/starlette/_exception_handler.py", line 42, in wrapped_app
courier_service-1   |     await app(scope, receive, sender)
courier_service-1   |   File "/usr/local/lib/python3.11/site-packages/fastapi/middleware/asyncexitstack.py", line 18, in __call__
courier_service-1   |     await self.app(scope, receive, send)
courier_service-1   |   File "/usr/local/lib/python3.11/site-packages/starlette/routing.py", line 660, in __call__
courier_service-1   |     await self.middleware_stack(scope, receive, send)
courier_service-1   |   File "/usr/local/lib/python3.11/site-packages/starlette/routing.py", line 680, in app
courier_service-1   |     await route.handle(scope, receive, send)
courier_service-1   |   File "/usr/local/lib/python3.11/site-packages/starlette/routing.py", line 276, in handle
courier_service-1   |     await self.app(scope, receive, send)
courier_service-1   |   File "/usr/local/lib/python3.11/site-packages/fastapi/routing.py", line 134, in app
courier_service-1   |     await wrap_app_handling_exceptions(app, request)(scope, receive, send)
courier_service-1   |   File "/usr/local/lib/python3.11/site-packages/starlette/_exception_handler.py", line 53, in wrapped_app
courier_service-1   |     raise exc
courier_service-1   |   File "/usr/local/lib/python3.11/site-packages/starlette/_exception_handler.py", line 42, in wrapped_app
courier_service-1   |     await app(scope, receive, sender)
courier_service-1   |   File "/usr/local/lib/python3.11/site-packages/fastapi/routing.py", line 120, in app
courier_service-1   |     response = await f(request)
courier_service-1   |                ^^^^^^^^^^^^^^^^
courier_service-1   |   File "/usr/local/lib/python3.11/site-packages/fastapi/routing.py", line 674, in app
courier_service-1   |     raw_response = await run_endpoint_function(
courier_service-1   |                    ^^^^^^^^^^^^^^^^^^^^^^^^^^^^
courier_service-1   |   File "/usr/local/lib/python3.11/site-packages/fastapi/routing.py", line 328, in run_endpoint_function
courier_service-1   |     return await dependant.call(**values)
courier_service-1   |            ^^^^^^^^^^^^^^^^^^^^^^^^^^^^^^
courier_service-1   |   File "/app/courier_service/routes.py", line 245, in list_couriers
courier_service-1   |     couriers = await service.get_all_couriers()
courier_service-1   |                ^^^^^^^^^^^^^^^^^^^^^^^^^^^^^^^^
courier_service-1   |   File "/app/courier_service/courier_service.py", line 370, in get_all_couriers
courier_service-1   |     result = await self.session.execute(select(Courier).execution_options(populate_existing=True))
courier_service-1   |              ^^^^^^^^^^^^^^^^^^^^^^^^^^^^^^^^^^^^^^^^^^^^^^^^^^^^^^^^^^^^^^^^^^^^^^^^^^^^^^^^^^^^^
courier_service-1   |   File "/usr/local/lib/python3.11/site-packages/sqlalchemy/ext/asyncio/session.py", line 449, in execute
courier_service-1   |     result = await greenlet_spawn(
courier_service-1   |              ^^^^^^^^^^^^^^^^^^^^^
courier_service-1   |   File "/usr/local/lib/python3.11/site-packages/sqlalchemy/util/_concurrency_py3k.py", line 201, in greenlet_spawn
courier_service-1   |     result = context.throw(*sys.exc_info())
courier_service-1   |              ^^^^^^^^^^^^^^^^^^^^^^^^^^^^^^
courier_service-1   |   File "/usr/local/lib/python3.11/site-packages/sqlalchemy/orm/session.py", line 2351, in execute
courier_service-1   |     return self._execute_internal(
courier_service-1   |            ^^^^^^^^^^^^^^^^^^^^^^^
courier_service-1   |   File "/usr/local/lib/python3.11/site-packages/sqlalchemy/orm/session.py", line 2239, in _execute_internal
courier_service-1   |     conn = self._connection_for_bind(bind)
courier_service-1   |            ^^^^^^^^^^^^^^^^^^^^^^^^^^^^^^^
courier_service-1   |   File "/usr/local/lib/python3.11/site-packages/sqlalchemy/orm/session.py", line 2108, in _connection_for_bind
courier_service-1   |     return trans._connection_for_bind(engine, execution_options)
courier_service-1   |            ^^^^^^^^^^^^^^^^^^^^^^^^^^^^^^^^^^^^^^^^^^^^^^^^^^^^^
courier_service-1   |   File "<string>", line 2, in _connection_for_bind
courier_service-1   |   File "/usr/local/lib/python3.11/site-packages/sqlalchemy/orm/state_changes.py", line 137, in _go
courier_service-1   |     ret_value = fn(self, *arg, **kw)
courier_service-1   |                 ^^^^^^^^^^^^^^^^^^^^
courier_service-1   |   File "/usr/local/lib/python3.11/site-packages/sqlalchemy/orm/session.py", line 1187, in _connection_for_bind
courier_service-1   |     conn = bind.connect()
courier_service-1   |            ^^^^^^^^^^^^^^
courier_service-1   |   File "/usr/local/lib/python3.11/site-packages/sqlalchemy/engine/base.py", line 3293, in connect
courier_service-1   |     return self._connection_cls(self)
courier_service-1   |            ^^^^^^^^^^^^^^^^^^^^^^^^^^
courier_service-1   |   File "/usr/local/lib/python3.11/site-packages/sqlalchemy/engine/base.py", line 143, in __init__
courier_service-1   |     self._dbapi_connection = engine.raw_connection()
courier_service-1   |                              ^^^^^^^^^^^^^^^^^^^^^^^
courier_service-1   |   File "/usr/local/lib/python3.11/site-packages/sqlalchemy/engine/base.py", line 3317, in raw_connection
courier_service-1   |     return self.pool.connect()
courier_service-1   |            ^^^^^^^^^^^^^^^^^^^
courier_service-1   |   File "/usr/local/lib/python3.11/site-packages/sqlalchemy/pool/base.py", line 448, in connect
courier_service-1   |     return _ConnectionFairy._checkout(self)
courier_service-1   |            ^^^^^^^^^^^^^^^^^^^^^^^^^^^^^^^^
courier_service-1   |   File "/usr/local/lib/python3.11/site-packages/sqlalchemy/pool/base.py", line 1371, in _checkout
courier_service-1   |     with util.safe_reraise():
courier_service-1   |   File "/usr/local/lib/python3.11/site-packages/sqlalchemy/util/langhelpers.py", line 121, in __exit__
courier_service-1   |     raise exc_value.with_traceback(exc_tb)
courier_service-1   |   File "/usr/local/lib/python3.11/site-packages/sqlalchemy/pool/base.py", line 1309, in _checkout
courier_service-1   |     result = pool._dialect._do_ping_w_event(
courier_service-1   |              ^^^^^^^^^^^^^^^^^^^^^^^^^^^^^^^
courier_service-1   |   File "/usr/local/lib/python3.11/site-packages/sqlalchemy/engine/default.py", line 729, in _do_ping_w_event
courier_service-1   |     return self.do_ping(dbapi_connection)
courier_service-1   |            ^^^^^^^^^^^^^^^^^^^^^^^^^^^^^^
courier_service-1   |   File "/usr/local/lib/python3.11/site-packages/sqlalchemy/dialects/postgresql/asyncpg.py", line 1160, in do_ping
courier_service-1   |     dbapi_connection.ping()
courier_service-1   |   File "/usr/local/lib/python3.11/site-packages/sqlalchemy/dialects/postgresql/asyncpg.py", line 818, in ping
courier_service-1   |     self._handle_exception(error)
courier_service-1   |   File "/usr/local/lib/python3.11/site-packages/sqlalchemy/dialects/postgresql/asyncpg.py", line 799, in _handle_exception
courier_service-1   |     raise error
courier_service-1   |   File "/usr/local/lib/python3.11/site-packages/sqlalchemy/dialects/postgresql/asyncpg.py", line 816, in ping
courier_service-1   |     _ = self.await_(self._async_ping())
courier_service-1   |         ^^^^^^^^^^^^^^^^^^^^^^^^^^^^^^^
courier_service-1   |   File "/usr/local/lib/python3.11/site-packages/sqlalchemy/util/_concurrency_py3k.py", line 132, in await_only
courier_service-1   |     return current.parent.switch(awaitable)  # type: ignore[no-any-return,attr-defined] # noqa: E501
courier_service-1   |            ^^^^^^^^^^^^^^^^^^^^^^^^^^^^^^^^
courier_service-1   |   File "/usr/local/lib/python3.11/site-packages/sqlalchemy/util/_concurrency_py3k.py", line 196, in greenlet_spawn
courier_service-1   |     value = await result
courier_service-1   |             ^^^^^^^^^^^^
courier_service-1   |   File "/usr/local/lib/python3.11/site-packages/sqlalchemy/dialects/postgresql/asyncpg.py", line 825, in _async_ping
courier_service-1   |     await tr.start()
courier_service-1   |   File "/usr/local/lib/python3.11/site-packages/asyncpg/transaction.py", line 146, in start
courier_service-1   |     await self._connection.execute(query)
courier_service-1   |   File "/usr/local/lib/python3.11/site-packages/asyncpg/connection.py", line 354, in execute
courier_service-1   |     result = await self._protocol.query(query, timeout)
courier_service-1   |              ^^^^^^^^^^^^^^^^^^^^^^^^^^^^^^^^^^^^^^^^^^
courier_service-1   |   File "asyncpg/protocol/protocol.pyx", line 369, in query
courier_service-1   | RuntimeError: Task <Task pending name='starlette.middleware.base.BaseHTTPMiddleware.__call__.<locals>.call_next.<locals>.coro' coro=<BaseHTTPMiddleware.__call__.<locals>.call_next.<locals>.coro() running at /usr/local/lib/python3.11/site-packages/starlette/middleware/base.py:144> cb=[TaskGroup._spawn.<locals>.task_done() at /usr/local/lib/python3.11/site-packages/anyio/_backends/_asyncio.py:821]> got Future <Future pending cb=[BaseProtocol._on_waiter_completed()]> attached to a different loop
courier_service-1   | Ответ assign для заказа 18: 500 - {"detail":"Assignment error: 500: Failed to get couriers"}
courier_service-1   | Маршрут для заказа 17: 22 -> 25 = [22, 1, 25]
courier_service-1   | INFO:     172.18.0.6:38532 - "GET /api/couriers/ HTTP/1.1" 200 OK
courier_service-1   | Ответ assign для заказа 17: 200 - {"status":"no_couriers_available"}
courier_service-1   | Маршрут для заказа 16: 5 -> 2 = [5, 29, 34, 42, 40, 24, 7, 2]
courier_service-1   | INFO:     172.18.0.6:38548 - "GET /api/couriers/ HTTP/1.1" 200 OK
courier_service-1   | Ответ assign для заказа 16: 200 - {"status":"no_couriers_available"}
courier_service-1   | Маршрут для заказа 15: 38 -> 29 = [38, 46, 24, 40, 42, 34, 29]
courier_service-1   | INFO:     172.18.0.6:38560 - "GET /api/couriers/ HTTP/1.1" 200 OK
courier_service-1   | Ответ assign для заказа 15: 200 - {"status":"no_couriers_available"}
courier_service-1   | Маршрут для заказа 14: 21 -> 6 = [21, 22, 6]
courier_service-1   | INFO:     172.18.0.6:38576 - "GET /api/couriers/ HTTP/1.1" 200 OK
courier_service-1   | Ответ assign для заказа 14: 200 - {"status":"no_couriers_available"}
courier_service-1   | Маршрут для заказа 13: 4 -> 33 = [4, 33]
courier_service-1   | INFO:     172.18.0.6:38590 - "GET /api/couriers/ HTTP/1.1" 200 OK
courier_service-1   | Ответ assign для заказа 13: 200 - {"status":"no_couriers_available"}
courier_service-1   | Маршрут для заказа 12: 37 -> 10 = [37, 7, 2, 10]
courier_service-1   | INFO:     172.18.0.6:38600 - "GET /api/couriers/ HTTP/1.1" 200 OK
courier_service-1   | Future exception was never retrieved
courier_service-1   | future: <Future finished exception=InternalClientError('got result for unknown protocol state 3')>
courier_service-1   | Traceback (most recent call last):
courier_service-1   |   File "asyncpg/protocol/protocol.pyx", line 892, in asyncpg.protocol.protocol.BaseProtocol._dispatch_result
courier_service-1   | asyncpg.exceptions._base.InternalClientError: got result for unknown protocol state 3
courier_service-1   | Exception terminating connection <AdaptedConnection <asyncpg.connection.Connection object at 0x7f46bc370d60>>
courier_service-1   | Traceback (most recent call last):
courier_service-1   |   File "/usr/local/lib/python3.11/site-packages/sqlalchemy/pool/base.py", line 373, in _close_connection
courier_service-1   |     self._dialect.do_terminate(connection)
courier_service-1   |   File "/usr/local/lib/python3.11/site-packages/sqlalchemy/dialects/postgresql/asyncpg.py", line 1127, in do_terminate
courier_service-1   |     dbapi_connection.terminate()
courier_service-1   |   File "/usr/local/lib/python3.11/site-packages/sqlalchemy/connectors/asyncio.py", line 402, in terminate
courier_service-1   |     self.await_(asyncio.shield(self._terminate_graceful_close()))  # type: ignore[attr-defined] # noqa: E501
courier_service-1   |     ^^^^^^^^^^^^^^^^^^^^^^^^^^^^^^^^^^^^^^^^^^^^^^^^^^^^^^^^^^^^^
courier_service-1   |   File "/usr/local/lib/python3.11/site-packages/sqlalchemy/util/_concurrency_py3k.py", line 132, in await_only
courier_service-1   |     return current.parent.switch(awaitable)  # type: ignore[no-any-return,attr-defined] # noqa: E501
courier_service-1   |            ^^^^^^^^^^^^^^^^^^^^^^^^^^^^^^^^
courier_service-1   |   File "/usr/local/lib/python3.11/site-packages/sqlalchemy/util/_concurrency_py3k.py", line 196, in greenlet_spawn
courier_service-1   |     value = await result
courier_service-1   |             ^^^^^^^^^^^^
courier_service-1   |   File "/usr/local/lib/python3.11/site-packages/sqlalchemy/dialects/postgresql/asyncpg.py", line 912, in _terminate_graceful_close
courier_service-1   |     await self._connection.close(timeout=2)
courier_service-1   |   File "/usr/local/lib/python3.11/site-packages/asyncpg/connection.py", line 1513, in close
courier_service-1   |     await self._protocol.close(timeout)
courier_service-1   |   File "asyncpg/protocol/protocol.pyx", line 618, in close
courier_service-1   | RuntimeError: Task <Task pending name='Task-828' coro=<AsyncAdapt_asyncpg_connection._terminate_graceful_close() running at /usr/local/lib/python3.11/site-packages/sqlalchemy/dialects/postgresql/asyncpg.py:912> cb=[shield.<locals>._inner_done_callback() at /usr/local/lib/python3.11/asyncio/tasks.py:891]> got Future <Future pending> attached to a different loop
courier_service-1   | Future exception was never retrieved
courier_service-1   | future: <Future finished exception=InternalClientError('got result for unknown protocol state 3')>
courier_service-1   | Traceback (most recent call last):
courier_service-1   |   File "asyncpg/protocol/protocol.pyx", line 892, in asyncpg.protocol.protocol.BaseProtocol._dispatch_result
courier_service-1   | asyncpg.exceptions._base.InternalClientError: got result for unknown protocol state 3
courier_service-1   | Ответ assign для заказа 12: 200 - {"status":"no_couriers_available"}
courier_service-1   | Маршрут для заказа 11: 20 -> 37 = [20, 37]
courier_service-1   | [CourierEmulator] move error for courier 2: Task <Task pending name='Task-827' coro=<CourierEmulator._move_along_route() running at /app/courier_service/courier_service.py:139> cb=[_run_until_complete_cb() at /usr/local/lib/python3.11/asyncio/base_events.py:181]> got Future <Future pending cb=[BaseProtocol._on_waiter_completed()]> attached to a different loop
courier_service-1   | INFO:     172.18.0.6:38604 - "GET /api/couriers/ HTTP/1.1" 200 OK
courier_service-1   | Ответ assign для заказа 11: 200 - {"status":"no_couriers_available"}
courier_service-1   | Маршрут для заказа 10: 3 -> 14 = [3, 14]
courier_service-1   | INFO:     172.18.0.6:38612 - "GET /api/couriers/ HTTP/1.1" 200 OK
courier_service-1   | Ответ assign для заказа 10: 200 - {"status":"no_couriers_available"}
courier_service-1   | Маршрут для заказа 9: 36 -> 41 = [36, 41]
courier_service-1   | INFO:     172.18.0.6:38616 - "GET /api/couriers/ HTTP/1.1" 200 OK
courier_service-1   | Ответ assign для заказа 9: 200 - {"status":"no_couriers_available"}
courier_service-1   | Маршрут для заказа 8: 19 -> 18 = [19, 18]
courier_service-1   | INFO:     172.18.0.6:38628 - "GET /api/couriers/ HTTP/1.1" 200 OK
courier_service-1   | Exception terminating connection <AdaptedConnection <asyncpg.connection.Connection object at 0x7f46bc3253f0>>
courier_service-1   | Traceback (most recent call last):
courier_service-1   |   File "/usr/local/lib/python3.11/site-packages/sqlalchemy/pool/base.py", line 373, in _close_connection
courier_service-1   |     self._dialect.do_terminate(connection)
courier_service-1   |   File "/usr/local/lib/python3.11/site-packages/sqlalchemy/dialects/postgresql/asyncpg.py", line 1127, in do_terminate
courier_service-1   |     dbapi_connection.terminate()
courier_service-1   |   File "/usr/local/lib/python3.11/site-packages/sqlalchemy/connectors/asyncio.py", line 402, in terminate
courier_service-1   |     self.await_(asyncio.shield(self._terminate_graceful_close()))  # type: ignore[attr-defined] # noqa: E501
courier_service-1   |     ^^^^^^^^^^^^^^^^^^^^^^^^^^^^^^^^^^^^^^^^^^^^^^^^^^^^^^^^^^^^^
courier_service-1   |   File "/usr/local/lib/python3.11/site-packages/sqlalchemy/util/_concurrency_py3k.py", line 132, in await_only
courier_service-1   |     return current.parent.switch(awaitable)  # type: ignore[no-any-return,attr-defined] # noqa: E501
courier_service-1   |            ^^^^^^^^^^^^^^^^^^^^^^^^^^^^^^^^
courier_service-1   |   File "/usr/local/lib/python3.11/site-packages/sqlalchemy/util/_concurrency_py3k.py", line 196, in greenlet_spawn
courier_service-1   |     value = await result
courier_service-1   |             ^^^^^^^^^^^^
courier_service-1   |   File "/usr/local/lib/python3.11/site-packages/sqlalchemy/dialects/postgresql/asyncpg.py", line 912, in _terminate_graceful_close
courier_service-1   |     await self._connection.close(timeout=2)
courier_service-1   |   File "/usr/local/lib/python3.11/site-packages/asyncpg/connection.py", line 1513, in close
courier_service-1   |     await self._protocol.close(timeout)
courier_service-1   |   File "asyncpg/protocol/protocol.pyx", line 618, in close
courier_service-1   | RuntimeError: Task <Task pending name='Task-848' coro=<AsyncAdapt_asyncpg_connection._terminate_graceful_close() running at /usr/local/lib/python3.11/site-packages/sqlalchemy/dialects/postgresql/asyncpg.py:912> cb=[shield.<locals>._inner_done_callback() at /usr/local/lib/python3.11/asyncio/tasks.py:891]> got Future <Future pending> attached to a different loop
courier_service-1   | Ответ assign для заказа 8: 200 - {"status":"no_couriers_available"}
courier_service-1   | Маршрут для заказа 7: 2 -> 45 = [2, 7, 24, 40, 42, 34, 29, 5, 45]
courier_service-1   | INFO:     172.18.0.6:38632 - "GET /api/couriers/ HTTP/1.1" 500 Internal Server Error
courier_service-1   | ERROR:    Exception in ASGI application
courier_service-1   | Traceback (most recent call last):
courier_service-1   |   File "/usr/local/lib/python3.11/site-packages/uvicorn/protocols/http/httptools_impl.py", line 421, in run_asgi
courier_service-1   |     result = await app(  # type: ignore[func-returns-value]
courier_service-1   |              ^^^^^^^^^^^^^^^^^^^^^^^^^^^^^^^^^^^^^^^^^^^^^^
courier_service-1   |   File "/usr/local/lib/python3.11/site-packages/uvicorn/middleware/proxy_headers.py", line 56, in __call__
courier_service-1   |     return await self.app(scope, receive, send)
courier_service-1   |            ^^^^^^^^^^^^^^^^^^^^^^^^^^^^^^^^^^^^
courier_service-1   |   File "/usr/local/lib/python3.11/site-packages/fastapi/applications.py", line 1159, in __call__
courier_service-1   |     await super().__call__(scope, receive, send)
courier_service-1   |   File "/usr/local/lib/python3.11/site-packages/starlette/applications.py", line 90, in __call__
courier_service-1   |     await self.middleware_stack(scope, receive, send)
courier_service-1   |   File "/usr/local/lib/python3.11/site-packages/starlette/middleware/errors.py", line 186, in __call__
courier_service-1   |     raise exc
courier_service-1   |   File "/usr/local/lib/python3.11/site-packages/starlette/middleware/errors.py", line 164, in __call__
courier_service-1   |     await self.app(scope, receive, _send)
courier_service-1   |   File "/usr/local/lib/python3.11/site-packages/starlette/middleware/base.py", line 191, in __call__
courier_service-1   |     with recv_stream, send_stream, collapse_excgroups():
courier_service-1   |   File "/usr/local/lib/python3.11/contextlib.py", line 158, in __exit__
courier_service-1   |     self.gen.throw(typ, value, traceback)
courier_service-1   |   File "/usr/local/lib/python3.11/site-packages/starlette/_utils.py", line 87, in collapse_excgroups
courier_service-1   |     raise exc
courier_service-1   |   File "/usr/local/lib/python3.11/site-packages/starlette/middleware/base.py", line 193, in __call__
courier_service-1   |     response = await self.dispatch_func(request, call_next)
courier_service-1   |                ^^^^^^^^^^^^^^^^^^^^^^^^^^^^^^^^^^^^^^^^^^^^
courier_service-1   |   File "/app/courier_service/main.py", line 137, in prometheus_middleware
courier_service-1   |     response = await call_next(request)
courier_service-1   |                ^^^^^^^^^^^^^^^^^^^^^^^^
courier_service-1   |   File "/usr/local/lib/python3.11/site-packages/starlette/middleware/base.py", line 168, in call_next
courier_service-1   |     raise app_exc from app_exc.__cause__ or app_exc.__context__
courier_service-1   |   File "/usr/local/lib/python3.11/site-packages/starlette/middleware/base.py", line 144, in coro
courier_service-1   |     await self.app(scope, receive_or_disconnect, send_no_error)
courier_service-1   |   File "/usr/local/lib/python3.11/site-packages/starlette/middleware/exceptions.py", line 63, in __call__
courier_service-1   |     await wrap_app_handling_exceptions(self.app, conn)(scope, receive, send)
courier_service-1   |   File "/usr/local/lib/python3.11/site-packages/starlette/_exception_handler.py", line 53, in wrapped_app
courier_service-1   |     raise exc
courier_service-1   |   File "/usr/local/lib/python3.11/site-packages/starlette/_exception_handler.py", line 42, in wrapped_app
courier_service-1   |     await app(scope, receive, sender)
courier_service-1   |   File "/usr/local/lib/python3.11/site-packages/fastapi/middleware/asyncexitstack.py", line 18, in __call__
courier_service-1   |     await self.app(scope, receive, send)
courier_service-1   |   File "/usr/local/lib/python3.11/site-packages/starlette/routing.py", line 660, in __call__
courier_service-1   |     await self.middleware_stack(scope, receive, send)
courier_service-1   |   File "/usr/local/lib/python3.11/site-packages/starlette/routing.py", line 680, in app
courier_service-1   |     await route.handle(scope, receive, send)
courier_service-1   |   File "/usr/local/lib/python3.11/site-packages/starlette/routing.py", line 276, in handle
courier_service-1   |     await self.app(scope, receive, send)
courier_service-1   |   File "/usr/local/lib/python3.11/site-packages/fastapi/routing.py", line 134, in app
courier_service-1   |     await wrap_app_handling_exceptions(app, request)(scope, receive, send)
courier_service-1   |   File "/usr/local/lib/python3.11/site-packages/starlette/_exception_handler.py", line 53, in wrapped_app
courier_service-1   |     raise exc
courier_service-1   |   File "/usr/local/lib/python3.11/site-packages/starlette/_exception_handler.py", line 42, in wrapped_app
courier_service-1   |     await app(scope, receive, sender)
courier_service-1   |   File "/usr/local/lib/python3.11/site-packages/fastapi/routing.py", line 120, in app
courier_service-1   |     response = await f(request)
courier_service-1   |                ^^^^^^^^^^^^^^^^
courier_service-1   |   File "/usr/local/lib/python3.11/site-packages/fastapi/routing.py", line 674, in app
courier_service-1   |     raw_response = await run_endpoint_function(
courier_service-1   |                    ^^^^^^^^^^^^^^^^^^^^^^^^^^^^
courier_service-1   |   File "/usr/local/lib/python3.11/site-packages/fastapi/routing.py", line 328, in run_endpoint_function
courier_service-1   |     return await dependant.call(**values)
courier_service-1   |            ^^^^^^^^^^^^^^^^^^^^^^^^^^^^^^
courier_service-1   |   File "/app/courier_service/routes.py", line 245, in list_couriers
courier_service-1   |     couriers = await service.get_all_couriers()
courier_service-1   |                ^^^^^^^^^^^^^^^^^^^^^^^^^^^^^^^^
courier_service-1   |   File "/app/courier_service/courier_service.py", line 370, in get_all_couriers
courier_service-1   |     result = await self.session.execute(select(Courier).execution_options(populate_existing=True))
courier_service-1   |              ^^^^^^^^^^^^^^^^^^^^^^^^^^^^^^^^^^^^^^^^^^^^^^^^^^^^^^^^^^^^^^^^^^^^^^^^^^^^^^^^^^^^^
courier_service-1   |   File "/usr/local/lib/python3.11/site-packages/sqlalchemy/ext/asyncio/session.py", line 449, in execute
courier_service-1   |     result = await greenlet_spawn(
courier_service-1   |              ^^^^^^^^^^^^^^^^^^^^^
courier_service-1   |   File "/usr/local/lib/python3.11/site-packages/sqlalchemy/util/_concurrency_py3k.py", line 201, in greenlet_spawn
courier_service-1   |     result = context.throw(*sys.exc_info())
courier_service-1   |              ^^^^^^^^^^^^^^^^^^^^^^^^^^^^^^
courier_service-1   |   File "/usr/local/lib/python3.11/site-packages/sqlalchemy/orm/session.py", line 2351, in execute
courier_service-1   |     return self._execute_internal(
courier_service-1   |            ^^^^^^^^^^^^^^^^^^^^^^^
courier_service-1   |   File "/usr/local/lib/python3.11/site-packages/sqlalchemy/orm/session.py", line 2239, in _execute_internal
courier_service-1   |     conn = self._connection_for_bind(bind)
courier_service-1   |            ^^^^^^^^^^^^^^^^^^^^^^^^^^^^^^^
courier_service-1   |   File "/usr/local/lib/python3.11/site-packages/sqlalchemy/orm/session.py", line 2108, in _connection_for_bind
courier_service-1   |     return trans._connection_for_bind(engine, execution_options)
courier_service-1   |            ^^^^^^^^^^^^^^^^^^^^^^^^^^^^^^^^^^^^^^^^^^^^^^^^^^^^^
courier_service-1   |   File "<string>", line 2, in _connection_for_bind
courier_service-1   |   File "/usr/local/lib/python3.11/site-packages/sqlalchemy/orm/state_changes.py", line 137, in _go
courier_service-1   |     ret_value = fn(self, *arg, **kw)
courier_service-1   |                 ^^^^^^^^^^^^^^^^^^^^
courier_service-1   |   File "/usr/local/lib/python3.11/site-packages/sqlalchemy/orm/session.py", line 1187, in _connection_for_bind
courier_service-1   |     conn = bind.connect()
courier_service-1   |            ^^^^^^^^^^^^^^
courier_service-1   |   File "/usr/local/lib/python3.11/site-packages/sqlalchemy/engine/base.py", line 3293, in connect
courier_service-1   |     return self._connection_cls(self)
courier_service-1   |            ^^^^^^^^^^^^^^^^^^^^^^^^^^
courier_service-1   |   File "/usr/local/lib/python3.11/site-packages/sqlalchemy/engine/base.py", line 143, in __init__
courier_service-1   |     self._dbapi_connection = engine.raw_connection()
courier_service-1   |                              ^^^^^^^^^^^^^^^^^^^^^^^
courier_service-1   |   File "/usr/local/lib/python3.11/site-packages/sqlalchemy/engine/base.py", line 3317, in raw_connection
courier_service-1   |     return self.pool.connect()
courier_service-1   |            ^^^^^^^^^^^^^^^^^^^
courier_service-1   |   File "/usr/local/lib/python3.11/site-packages/sqlalchemy/pool/base.py", line 448, in connect
courier_service-1   |     return _ConnectionFairy._checkout(self)
courier_service-1   |            ^^^^^^^^^^^^^^^^^^^^^^^^^^^^^^^^
courier_service-1   |   File "/usr/local/lib/python3.11/site-packages/sqlalchemy/pool/base.py", line 1371, in _checkout
courier_service-1   |     with util.safe_reraise():
courier_service-1   |   File "/usr/local/lib/python3.11/site-packages/sqlalchemy/util/langhelpers.py", line 121, in __exit__
courier_service-1   |     raise exc_value.with_traceback(exc_tb)
courier_service-1   |   File "/usr/local/lib/python3.11/site-packages/sqlalchemy/pool/base.py", line 1309, in _checkout
courier_service-1   |     result = pool._dialect._do_ping_w_event(
courier_service-1   |              ^^^^^^^^^^^^^^^^^^^^^^^^^^^^^^^
courier_service-1   |   File "/usr/local/lib/python3.11/site-packages/sqlalchemy/engine/default.py", line 729, in _do_ping_w_event
courier_service-1   |     return self.do_ping(dbapi_connection)
courier_service-1   |            ^^^^^^^^^^^^^^^^^^^^^^^^^^^^^^
courier_service-1   |   File "/usr/local/lib/python3.11/site-packages/sqlalchemy/dialects/postgresql/asyncpg.py", line 1160, in do_ping
courier_service-1   |     dbapi_connection.ping()
courier_service-1   |   File "/usr/local/lib/python3.11/site-packages/sqlalchemy/dialects/postgresql/asyncpg.py", line 818, in ping
courier_service-1   |     self._handle_exception(error)
courier_service-1   |   File "/usr/local/lib/python3.11/site-packages/sqlalchemy/dialects/postgresql/asyncpg.py", line 799, in _handle_exception
courier_service-1   |     raise error
courier_service-1   |   File "/usr/local/lib/python3.11/site-packages/sqlalchemy/dialects/postgresql/asyncpg.py", line 816, in ping
courier_service-1   |     _ = self.await_(self._async_ping())
courier_service-1   |         ^^^^^^^^^^^^^^^^^^^^^^^^^^^^^^^
courier_service-1   |   File "/usr/local/lib/python3.11/site-packages/sqlalchemy/util/_concurrency_py3k.py", line 132, in await_only
courier_service-1   |     return current.parent.switch(awaitable)  # type: ignore[no-any-return,attr-defined] # noqa: E501
courier_service-1   |            ^^^^^^^^^^^^^^^^^^^^^^^^^^^^^^^^
courier_service-1   |   File "/usr/local/lib/python3.11/site-packages/sqlalchemy/util/_concurrency_py3k.py", line 196, in greenlet_spawn
courier_service-1   |     value = await result
courier_service-1   |             ^^^^^^^^^^^^
courier_service-1   |   File "/usr/local/lib/python3.11/site-packages/sqlalchemy/dialects/postgresql/asyncpg.py", line 825, in _async_ping
courier_service-1   |     await tr.start()
courier_service-1   |   File "/usr/local/lib/python3.11/site-packages/asyncpg/transaction.py", line 146, in start
courier_service-1   |     await self._connection.execute(query)
courier_service-1   |   File "/usr/local/lib/python3.11/site-packages/asyncpg/connection.py", line 354, in execute
courier_service-1   |     result = await self._protocol.query(query, timeout)
courier_service-1   |              ^^^^^^^^^^^^^^^^^^^^^^^^^^^^^^^^^^^^^^^^^^
courier_service-1   |   File "asyncpg/protocol/protocol.pyx", line 369, in query
courier_service-1   | RuntimeError: Task <Task pending name='starlette.middleware.base.BaseHTTPMiddleware.__call__.<locals>.call_next.<locals>.coro' coro=<BaseHTTPMiddleware.__call__.<locals>.call_next.<locals>.coro() running at /usr/local/lib/python3.11/site-packages/starlette/middleware/base.py:144> cb=[TaskGroup._spawn.<locals>.task_done() at /usr/local/lib/python3.11/site-packages/anyio/_backends/_asyncio.py:821]> got Future <Future pending cb=[BaseProtocol._on_waiter_completed()]> attached to a different loop
courier_service-1   | Exception terminating connection <AdaptedConnection <asyncpg.connection.Connection object at 0x7f46bc3715d0>>
courier_service-1   | Traceback (most recent call last):
courier_service-1   |   File "/usr/local/lib/python3.11/site-packages/sqlalchemy/pool/base.py", line 373, in _close_connection
courier_service-1   |     self._dialect.do_terminate(connection)
courier_service-1   |   File "/usr/local/lib/python3.11/site-packages/sqlalchemy/dialects/postgresql/asyncpg.py", line 1127, in do_terminate
courier_service-1   |     dbapi_connection.terminate()
courier_service-1   |   File "/usr/local/lib/python3.11/site-packages/sqlalchemy/connectors/asyncio.py", line 402, in terminate
courier_service-1   |     self.await_(asyncio.shield(self._terminate_graceful_close()))  # type: ignore[attr-defined] # noqa: E501
courier_service-1   |     ^^^^^^^^^^^^^^^^^^^^^^^^^^^^^^^^^^^^^^^^^^^^^^^^^^^^^^^^^^^^^
courier_service-1   |   File "/usr/local/lib/python3.11/site-packages/sqlalchemy/util/_concurrency_py3k.py", line 132, in await_only
courier_service-1   |     return current.parent.switch(awaitable)  # type: ignore[no-any-return,attr-defined] # noqa: E501
courier_service-1   |            ^^^^^^^^^^^^^^^^^^^^^^^^^^^^^^^^
courier_service-1   |   File "/usr/local/lib/python3.11/site-packages/sqlalchemy/util/_concurrency_py3k.py", line 196, in greenlet_spawn
courier_service-1   |     value = await result
courier_service-1   |             ^^^^^^^^^^^^
courier_service-1   |   File "/usr/local/lib/python3.11/site-packages/sqlalchemy/dialects/postgresql/asyncpg.py", line 912, in _terminate_graceful_close
courier_service-1   |     await self._connection.close(timeout=2)
courier_service-1   |   File "/usr/local/lib/python3.11/site-packages/asyncpg/connection.py", line 1513, in close
courier_service-1   |     await self._protocol.close(timeout)
courier_service-1   |   File "asyncpg/protocol/protocol.pyx", line 618, in close
courier_service-1   | RuntimeError: Task <Task pending name='Task-852' coro=<AsyncAdapt_asyncpg_connection._terminate_graceful_close() running at /usr/local/lib/python3.11/site-packages/sqlalchemy/dialects/postgresql/asyncpg.py:912> cb=[shield.<locals>._inner_done_callback() at /usr/local/lib/python3.11/asyncio/tasks.py:891]> got Future <Future pending> attached to a different loop
courier_service-1   | Future exception was never retrieved
courier_service-1   | future: <Future finished exception=InternalClientError('got result for unknown protocol state 3')>
courier_service-1   | Traceback (most recent call last):
courier_service-1   |   File "asyncpg/protocol/protocol.pyx", line 892, in asyncpg.protocol.protocol.BaseProtocol._dispatch_result
courier_service-1   | asyncpg.exceptions._base.InternalClientError: got result for unknown protocol state 3
courier_service-1   | Ответ assign для заказа 7: 500 - {"detail":"Assignment error: 500: Failed to get couriers"}
courier_service-1   | Маршрут для заказа 6: 35 -> 22 = [35, 22]
courier_service-1   | [CourierEmulator] move error for courier 4: Task <Task pending name='Task-851' coro=<CourierEmulator._move_along_route() running at /app/courier_service/courier_service.py:139> cb=[_run_until_complete_cb() at /usr/local/lib/python3.11/asyncio/base_events.py:181]> got Future <Future pending cb=[BaseProtocol._on_waiter_completed()]> attached to a different loop
courier_service-1   | INFO:     172.18.0.6:38638 - "GET /api/couriers/ HTTP/1.1" 200 OK
courier_service-1   | Ответ assign для заказа 6: 200 - {"status":"no_couriers_available"}
courier_service-1   | INFO:     172.18.0.8:44266 - "GET /api/couriers/ HTTP/1.1" 200 OK
courier_service-1   | Exception terminating connection <AdaptedConnection <asyncpg.connection.Connection object at 0x7f46bc325f30>>
courier_service-1   | Traceback (most recent call last):
courier_service-1   |   File "/usr/local/lib/python3.11/site-packages/sqlalchemy/pool/base.py", line 373, in _close_connection
courier_service-1   |     self._dialect.do_terminate(connection)
courier_service-1   |   File "/usr/local/lib/python3.11/site-packages/sqlalchemy/dialects/postgresql/asyncpg.py", line 1127, in do_terminate
courier_service-1   |     dbapi_connection.terminate()
courier_service-1   |   File "/usr/local/lib/python3.11/site-packages/sqlalchemy/connectors/asyncio.py", line 402, in terminate
courier_service-1   |     self.await_(asyncio.shield(self._terminate_graceful_close()))  # type: ignore[attr-defined] # noqa: E501
courier_service-1   |     ^^^^^^^^^^^^^^^^^^^^^^^^^^^^^^^^^^^^^^^^^^^^^^^^^^^^^^^^^^^^^
courier_service-1   |   File "/usr/local/lib/python3.11/site-packages/sqlalchemy/util/_concurrency_py3k.py", line 132, in await_only
courier_service-1   |     return current.parent.switch(awaitable)  # type: ignore[no-any-return,attr-defined] # noqa: E501
courier_service-1   |            ^^^^^^^^^^^^^^^^^^^^^^^^^^^^^^^^
courier_service-1   |   File "/usr/local/lib/python3.11/site-packages/sqlalchemy/util/_concurrency_py3k.py", line 196, in greenlet_spawn
courier_service-1   |     value = await result
courier_service-1   |             ^^^^^^^^^^^^
courier_service-1   |   File "/usr/local/lib/python3.11/site-packages/sqlalchemy/dialects/postgresql/asyncpg.py", line 912, in _terminate_graceful_close
courier_service-1   |     await self._connection.close(timeout=2)
courier_service-1   |   File "/usr/local/lib/python3.11/site-packages/asyncpg/connection.py", line 1513, in close
courier_service-1   |     await self._protocol.close(timeout)
courier_service-1   |   File "asyncpg/protocol/protocol.pyx", line 618, in close
courier_service-1   | RuntimeError: Task <Task pending name='Task-866' coro=<AsyncAdapt_asyncpg_connection._terminate_graceful_close() running at /usr/local/lib/python3.11/site-packages/sqlalchemy/dialects/postgresql/asyncpg.py:912> cb=[shield.<locals>._inner_done_callback() at /usr/local/lib/python3.11/asyncio/tasks.py:891]> got Future <Future pending> attached to a different loop
courier_service-1   | Future exception was never retrieved
courier_service-1   | future: <Future finished exception=InternalClientError('got result for unknown protocol state 3')>
courier_service-1   | Traceback (most recent call last):
courier_service-1   |   File "asyncpg/protocol/protocol.pyx", line 892, in asyncpg.protocol.protocol.BaseProtocol._dispatch_result
courier_service-1   | asyncpg.exceptions._base.InternalClientError: got result for unknown protocol state 3
courier_service-1   | [CourierEmulator] move error for courier 5: Task <Task pending name='Task-865' coro=<CourierEmulator._move_along_route() running at /app/courier_service/courier_service.py:139> cb=[_run_until_complete_cb() at /usr/local/lib/python3.11/asyncio/base_events.py:181]> got Future <Future pending cb=[BaseProtocol._on_waiter_completed()]> attached to a different loop
courier_service-1   | INFO:     172.18.0.8:44268 - "GET /api/couriers/ HTTP/1.1" 200 OK
courier_service-1   | Future exception was never retrieved
courier_service-1   | future: <Future finished exception=InternalClientError('got result for unknown protocol state 3')>
courier_service-1   | Traceback (most recent call last):
courier_service-1   |   File "asyncpg/protocol/protocol.pyx", line 892, in asyncpg.protocol.protocol.BaseProtocol._dispatch_result
courier_service-1   | asyncpg.exceptions._base.InternalClientError: got result for unknown protocol state 3
courier_service-1   | Exception terminating connection <AdaptedConnection <asyncpg.connection.Connection object at 0x7f46bc3271f0>>
courier_service-1   | Traceback (most recent call last):
courier_service-1   |   File "/usr/local/lib/python3.11/site-packages/sqlalchemy/pool/base.py", line 373, in _close_connection
courier_service-1   |     self._dialect.do_terminate(connection)
courier_service-1   |   File "/usr/local/lib/python3.11/site-packages/sqlalchemy/dialects/postgresql/asyncpg.py", line 1127, in do_terminate
courier_service-1   |     dbapi_connection.terminate()
courier_service-1   |   File "/usr/local/lib/python3.11/site-packages/sqlalchemy/connectors/asyncio.py", line 402, in terminate
courier_service-1   |     self.await_(asyncio.shield(self._terminate_graceful_close()))  # type: ignore[attr-defined] # noqa: E501
courier_service-1   |     ^^^^^^^^^^^^^^^^^^^^^^^^^^^^^^^^^^^^^^^^^^^^^^^^^^^^^^^^^^^^^
courier_service-1   |   File "/usr/local/lib/python3.11/site-packages/sqlalchemy/util/_concurrency_py3k.py", line 132, in await_only
courier_service-1   |     return current.parent.switch(awaitable)  # type: ignore[no-any-return,attr-defined] # noqa: E501
courier_service-1   |            ^^^^^^^^^^^^^^^^^^^^^^^^^^^^^^^^
courier_service-1   |   File "/usr/local/lib/python3.11/site-packages/sqlalchemy/util/_concurrency_py3k.py", line 196, in greenlet_spawn
courier_service-1   |     value = await result
courier_service-1   |             ^^^^^^^^^^^^
courier_service-1   |   File "/usr/local/lib/python3.11/site-packages/sqlalchemy/dialects/postgresql/asyncpg.py", line 912, in _terminate_graceful_close
courier_service-1   |     await self._connection.close(timeout=2)
courier_service-1   |   File "/usr/local/lib/python3.11/site-packages/asyncpg/connection.py", line 1513, in close
courier_service-1   |     await self._protocol.close(timeout)
courier_service-1   |   File "asyncpg/protocol/protocol.pyx", line 618, in close
courier_service-1   | RuntimeError: Task <Task pending name='Task-871' coro=<AsyncAdapt_asyncpg_connection._terminate_graceful_close() running at /usr/local/lib/python3.11/site-packages/sqlalchemy/dialects/postgresql/asyncpg.py:912> cb=[shield.<locals>._inner_done_callback() at /usr/local/lib/python3.11/asyncio/tasks.py:891]> got Future <Future pending> attached to a different loop
courier_service-1   | Future exception was never retrieved
courier_service-1   | future: <Future finished exception=InternalClientError('got result for unknown protocol state 3')>
courier_service-1   | Traceback (most recent call last):
courier_service-1   |   File "asyncpg/protocol/protocol.pyx", line 892, in asyncpg.protocol.protocol.BaseProtocol._dispatch_result
courier_service-1   | asyncpg.exceptions._base.InternalClientError: got result for unknown protocol state 3
courier_service-1   | Future exception was never retrieved
courier_service-1   | future: <Future finished exception=InternalClientError('got result for unknown protocol state 3')>
courier_service-1   | Traceback (most recent call last):
courier_service-1   |   File "asyncpg/protocol/protocol.pyx", line 892, in asyncpg.protocol.protocol.BaseProtocol._dispatch_result
courier_service-1   | asyncpg.exceptions._base.InternalClientError: got result for unknown protocol state 3
courier_service-1   | Exception terminating connection <AdaptedConnection <asyncpg.connection.Connection object at 0x7f46bc3258a0>>
courier_service-1   | Traceback (most recent call last):
courier_service-1   |   File "/usr/local/lib/python3.11/site-packages/sqlalchemy/pool/base.py", line 373, in _close_connection
courier_service-1   |     self._dialect.do_terminate(connection)
courier_service-1   |   File "/usr/local/lib/python3.11/site-packages/sqlalchemy/dialects/postgresql/asyncpg.py", line 1127, in do_terminate
courier_service-1   |     dbapi_connection.terminate()
courier_service-1   |   File "/usr/local/lib/python3.11/site-packages/sqlalchemy/connectors/asyncio.py", line 402, in terminate
courier_service-1   |     self.await_(asyncio.shield(self._terminate_graceful_close()))  # type: ignore[attr-defined] # noqa: E501
courier_service-1   |     ^^^^^^^^^^^^^^^^^^^^^^^^^^^^^^^^^^^^^^^^^^^^^^^^^^^^^^^^^^^^^
courier_service-1   |   File "/usr/local/lib/python3.11/site-packages/sqlalchemy/util/_concurrency_py3k.py", line 132, in await_only
courier_service-1   |     return current.parent.switch(awaitable)  # type: ignore[no-any-return,attr-defined] # noqa: E501
courier_service-1   |            ^^^^^^^^^^^^^^^^^^^^^^^^^^^^^^^^
courier_service-1   |   File "/usr/local/lib/python3.11/site-packages/sqlalchemy/util/_concurrency_py3k.py", line 196, in greenlet_spawn
courier_service-1   |     value = await result
courier_service-1   |             ^^^^^^^^^^^^
courier_service-1   |   File "/usr/local/lib/python3.11/site-packages/sqlalchemy/dialects/postgresql/asyncpg.py", line 912, in _terminate_graceful_close
courier_service-1   |     await self._connection.close(timeout=2)
courier_service-1   |   File "/usr/local/lib/python3.11/site-packages/asyncpg/connection.py", line 1513, in close
courier_service-1   |     await self._protocol.close(timeout)
courier_service-1   |   File "asyncpg/protocol/protocol.pyx", line 618, in close
courier_service-1   | RuntimeError: Task <Task pending name='Task-878' coro=<AsyncAdapt_asyncpg_connection._terminate_graceful_close() running at /usr/local/lib/python3.11/site-packages/sqlalchemy/dialects/postgresql/asyncpg.py:912> cb=[shield.<locals>._inner_done_callback() at /usr/local/lib/python3.11/asyncio/tasks.py:891]> got Future <Future pending> attached to a different loop
courier_service-1   | Future exception was never retrieved
courier_service-1   | future: <Future finished exception=InternalClientError('got result for unknown protocol state 3')>
courier_service-1   | Traceback (most recent call last):
courier_service-1   |   File "asyncpg/protocol/protocol.pyx", line 892, in asyncpg.protocol.protocol.BaseProtocol._dispatch_result
courier_service-1   | asyncpg.exceptions._base.InternalClientError: got result for unknown protocol state 3
courier_service-1   | Exception terminating connection <AdaptedConnection <asyncpg.connection.Connection object at 0x7f46bc327b50>>
courier_service-1   | Traceback (most recent call last):
courier_service-1   |   File "/usr/local/lib/python3.11/site-packages/sqlalchemy/pool/base.py", line 373, in _close_connection
courier_service-1   |     self._dialect.do_terminate(connection)
courier_service-1   |   File "/usr/local/lib/python3.11/site-packages/sqlalchemy/dialects/postgresql/asyncpg.py", line 1127, in do_terminate
courier_service-1   |     dbapi_connection.terminate()
courier_service-1   |   File "/usr/local/lib/python3.11/site-packages/sqlalchemy/connectors/asyncio.py", line 402, in terminate
courier_service-1   |     self.await_(asyncio.shield(self._terminate_graceful_close()))  # type: ignore[attr-defined] # noqa: E501
courier_service-1   |     ^^^^^^^^^^^^^^^^^^^^^^^^^^^^^^^^^^^^^^^^^^^^^^^^^^^^^^^^^^^^^
courier_service-1   |   File "/usr/local/lib/python3.11/site-packages/sqlalchemy/util/_concurrency_py3k.py", line 132, in await_only
courier_service-1   |     return current.parent.switch(awaitable)  # type: ignore[no-any-return,attr-defined] # noqa: E501
courier_service-1   |            ^^^^^^^^^^^^^^^^^^^^^^^^^^^^^^^^
courier_service-1   |   File "/usr/local/lib/python3.11/site-packages/sqlalchemy/util/_concurrency_py3k.py", line 196, in greenlet_spawn
courier_service-1   |     value = await result
courier_service-1   |             ^^^^^^^^^^^^
courier_service-1   |   File "/usr/local/lib/python3.11/site-packages/sqlalchemy/dialects/postgresql/asyncpg.py", line 912, in _terminate_graceful_close
courier_service-1   |     await self._connection.close(timeout=2)
courier_service-1   |   File "/usr/local/lib/python3.11/site-packages/asyncpg/connection.py", line 1513, in close
courier_service-1   |     await self._protocol.close(timeout)
courier_service-1   |   File "asyncpg/protocol/protocol.pyx", line 618, in close
courier_service-1   | RuntimeError: Task <Task pending name='Task-885' coro=<AsyncAdapt_asyncpg_connection._terminate_graceful_close() running at /usr/local/lib/python3.11/site-packages/sqlalchemy/dialects/postgresql/asyncpg.py:912> cb=[shield.<locals>._inner_done_callback() at /usr/local/lib/python3.11/asyncio/tasks.py:891]> got Future <Future pending> attached to a different loop
courier_service-1   | Future exception was never retrieved
courier_service-1   | future: <Future finished exception=InternalClientError('got result for unknown protocol state 3')>
courier_service-1   | Traceback (most recent call last):
courier_service-1   |   File "asyncpg/protocol/protocol.pyx", line 892, in asyncpg.protocol.protocol.BaseProtocol._dispatch_result
courier_service-1   | asyncpg.exceptions._base.InternalClientError: got result for unknown protocol state 3
courier_service-1   | Exception terminating connection <AdaptedConnection <asyncpg.connection.Connection object at 0x7f46bc2f8f40>>
courier_service-1   | Traceback (most recent call last):
courier_service-1   |   File "/usr/local/lib/python3.11/site-packages/sqlalchemy/pool/base.py", line 373, in _close_connection
courier_service-1   |     self._dialect.do_terminate(connection)
courier_service-1   |   File "/usr/local/lib/python3.11/site-packages/sqlalchemy/dialects/postgresql/asyncpg.py", line 1127, in do_terminate
courier_service-1   |     dbapi_connection.terminate()
courier_service-1   |   File "/usr/local/lib/python3.11/site-packages/sqlalchemy/connectors/asyncio.py", line 402, in terminate
courier_service-1   |     self.await_(asyncio.shield(self._terminate_graceful_close()))  # type: ignore[attr-defined] # noqa: E501
courier_service-1   |     ^^^^^^^^^^^^^^^^^^^^^^^^^^^^^^^^^^^^^^^^^^^^^^^^^^^^^^^^^^^^^
courier_service-1   |   File "/usr/local/lib/python3.11/site-packages/sqlalchemy/util/_concurrency_py3k.py", line 132, in await_only
courier_service-1   |     return current.parent.switch(awaitable)  # type: ignore[no-any-return,attr-defined] # noqa: E501
courier_service-1   |            ^^^^^^^^^^^^^^^^^^^^^^^^^^^^^^^^
courier_service-1   |   File "/usr/local/lib/python3.11/site-packages/sqlalchemy/util/_concurrency_py3k.py", line 196, in greenlet_spawn
courier_service-1   |     value = await result
courier_service-1   |             ^^^^^^^^^^^^
courier_service-1   |   File "/usr/local/lib/python3.11/site-packages/sqlalchemy/dialects/postgresql/asyncpg.py", line 912, in _terminate_graceful_close
courier_service-1   |     await self._connection.close(timeout=2)
courier_service-1   |   File "/usr/local/lib/python3.11/site-packages/asyncpg/connection.py", line 1513, in close
courier_service-1   |     await self._protocol.close(timeout)
courier_service-1   |   File "asyncpg/protocol/protocol.pyx", line 618, in close
courier_service-1   | RuntimeError: Task <Task pending name='Task-892' coro=<AsyncAdapt_asyncpg_connection._terminate_graceful_close() running at /usr/local/lib/python3.11/site-packages/sqlalchemy/dialects/postgresql/asyncpg.py:912> cb=[shield.<locals>._inner_done_callback() at /usr/local/lib/python3.11/asyncio/tasks.py:891]> got Future <Future pending> attached to a different loop
courier_service-1   | Exception terminating connection <AdaptedConnection <asyncpg.connection.Connection object at 0x7f46bc326b60>>
courier_service-1   | Traceback (most recent call last):
courier_service-1   |   File "/usr/local/lib/python3.11/site-packages/sqlalchemy/pool/base.py", line 373, in _close_connection
courier_service-1   |     self._dialect.do_terminate(connection)
courier_service-1   |   File "/usr/local/lib/python3.11/site-packages/sqlalchemy/dialects/postgresql/asyncpg.py", line 1127, in do_terminate
courier_service-1   |     dbapi_connection.terminate()
courier_service-1   |   File "/usr/local/lib/python3.11/site-packages/sqlalchemy/connectors/asyncio.py", line 402, in terminate
courier_service-1   |     self.await_(asyncio.shield(self._terminate_graceful_close()))  # type: ignore[attr-defined] # noqa: E501
courier_service-1   |     ^^^^^^^^^^^^^^^^^^^^^^^^^^^^^^^^^^^^^^^^^^^^^^^^^^^^^^^^^^^^^
courier_service-1   |   File "/usr/local/lib/python3.11/site-packages/sqlalchemy/util/_concurrency_py3k.py", line 132, in await_only
courier_service-1   |     return current.parent.switch(awaitable)  # type: ignore[no-any-return,attr-defined] # noqa: E501
courier_service-1   |            ^^^^^^^^^^^^^^^^^^^^^^^^^^^^^^^^
courier_service-1   |   File "/usr/local/lib/python3.11/site-packages/sqlalchemy/util/_concurrency_py3k.py", line 196, in greenlet_spawn
courier_service-1   |     value = await result
courier_service-1   |             ^^^^^^^^^^^^
courier_service-1   |   File "/usr/local/lib/python3.11/site-packages/sqlalchemy/dialects/postgresql/asyncpg.py", line 912, in _terminate_graceful_close
courier_service-1   |     await self._connection.close(timeout=2)
courier_service-1   |   File "/usr/local/lib/python3.11/site-packages/asyncpg/connection.py", line 1513, in close
courier_service-1   |     await self._protocol.close(timeout)
courier_service-1   |   File "asyncpg/protocol/protocol.pyx", line 618, in close
courier_service-1   | RuntimeError: Task <Task pending name='Task-901' coro=<AsyncAdapt_asyncpg_connection._terminate_graceful_close() running at /usr/local/lib/python3.11/site-packages/sqlalchemy/dialects/postgresql/asyncpg.py:912> cb=[shield.<locals>._inner_done_callback() at /usr/local/lib/python3.11/asyncio/tasks.py:891]> got Future <Future pending> attached to a different loop
courier_service-1   | [CourierEmulator] move error for courier 3: Task <Task pending name='Task-870' coro=<CourierEmulator._move_along_route() running at /app/courier_service/courier_service.py:139> cb=[_run_until_complete_cb() at /usr/local/lib/python3.11/asyncio/base_events.py:181]> got Future <Future pending cb=[BaseProtocol._on_waiter_completed()]> attached to a different loop
courier_service-1   | [CourierEmulator] move error for courier 1: Task <Task pending name='Task-877' coro=<CourierEmulator._move_along_route() running at /app/courier_service/courier_service.py:139> cb=[_run_until_complete_cb() at /usr/local/lib/python3.11/asyncio/base_events.py:181]> got Future <Future pending cb=[BaseProtocol._on_waiter_completed()]> attached to a different loop
courier_service-1   | [CourierEmulator] move error for courier 5: Task <Task pending name='Task-884' coro=<CourierEmulator._move_along_route() running at /app/courier_service/courier_service.py:139> cb=[_run_until_complete_cb() at /usr/local/lib/python3.11/asyncio/base_events.py:181]> got Future <Future pending cb=[BaseProtocol._on_waiter_completed()]> attached to a different loop
courier_service-1   | [CourierEmulator] move error for courier 2: Task <Task pending name='Task-891' coro=<CourierEmulator._move_along_route() running at /app/courier_service/courier_service.py:139> cb=[_run_until_complete_cb() at /usr/local/lib/python3.11/asyncio/base_events.py:181]> got Future <Future pending cb=[BaseProtocol._on_waiter_completed()]> attached to a different loop
courier_service-1   | Найдено 15 заказов без курьеров
courier_service-1   | Маршрут для заказа 20: 23 -> 44 = [23, 13, 44]
courier_service-1   | INFO:     172.18.0.6:38648 - "GET /api/couriers/ HTTP/1.1" 500 Internal Server Error
courier_service-1   | ERROR:    Exception in ASGI application
courier_service-1   | Traceback (most recent call last):
courier_service-1   |   File "/usr/local/lib/python3.11/site-packages/uvicorn/protocols/http/httptools_impl.py", line 421, in run_asgi
courier_service-1   |     result = await app(  # type: ignore[func-returns-value]
courier_service-1   |              ^^^^^^^^^^^^^^^^^^^^^^^^^^^^^^^^^^^^^^^^^^^^^^
courier_service-1   |   File "/usr/local/lib/python3.11/site-packages/uvicorn/middleware/proxy_headers.py", line 56, in __call__
courier_service-1   |     return await self.app(scope, receive, send)
courier_service-1   |            ^^^^^^^^^^^^^^^^^^^^^^^^^^^^^^^^^^^^
courier_service-1   |   File "/usr/local/lib/python3.11/site-packages/fastapi/applications.py", line 1159, in __call__
courier_service-1   |     await super().__call__(scope, receive, send)
courier_service-1   |   File "/usr/local/lib/python3.11/site-packages/starlette/applications.py", line 90, in __call__
courier_service-1   |     await self.middleware_stack(scope, receive, send)
courier_service-1   |   File "/usr/local/lib/python3.11/site-packages/starlette/middleware/errors.py", line 186, in __call__
courier_service-1   |     raise exc
courier_service-1   |   File "/usr/local/lib/python3.11/site-packages/starlette/middleware/errors.py", line 164, in __call__
courier_service-1   |     await self.app(scope, receive, _send)
courier_service-1   |   File "/usr/local/lib/python3.11/site-packages/starlette/middleware/base.py", line 191, in __call__
courier_service-1   |     with recv_stream, send_stream, collapse_excgroups():
courier_service-1   |   File "/usr/local/lib/python3.11/contextlib.py", line 158, in __exit__
courier_service-1   |     self.gen.throw(typ, value, traceback)
courier_service-1   |   File "/usr/local/lib/python3.11/site-packages/starlette/_utils.py", line 87, in collapse_excgroups
courier_service-1   |     raise exc
courier_service-1   |   File "/usr/local/lib/python3.11/site-packages/starlette/middleware/base.py", line 193, in __call__
courier_service-1   |     response = await self.dispatch_func(request, call_next)
courier_service-1   |                ^^^^^^^^^^^^^^^^^^^^^^^^^^^^^^^^^^^^^^^^^^^^
courier_service-1   |   File "/app/courier_service/main.py", line 137, in prometheus_middleware
courier_service-1   |     response = await call_next(request)
courier_service-1   |                ^^^^^^^^^^^^^^^^^^^^^^^^
courier_service-1   |   File "/usr/local/lib/python3.11/site-packages/starlette/middleware/base.py", line 168, in call_next
courier_service-1   |     raise app_exc from app_exc.__cause__ or app_exc.__context__
courier_service-1   |   File "/usr/local/lib/python3.11/site-packages/starlette/middleware/base.py", line 144, in coro
courier_service-1   |     await self.app(scope, receive_or_disconnect, send_no_error)
courier_service-1   |   File "/usr/local/lib/python3.11/site-packages/starlette/middleware/exceptions.py", line 63, in __call__
courier_service-1   |     await wrap_app_handling_exceptions(self.app, conn)(scope, receive, send)
courier_service-1   |   File "/usr/local/lib/python3.11/site-packages/starlette/_exception_handler.py", line 53, in wrapped_app
courier_service-1   |     raise exc
courier_service-1   |   File "/usr/local/lib/python3.11/site-packages/starlette/_exception_handler.py", line 42, in wrapped_app
courier_service-1   |     await app(scope, receive, sender)
courier_service-1   |   File "/usr/local/lib/python3.11/site-packages/fastapi/middleware/asyncexitstack.py", line 18, in __call__
courier_service-1   |     await self.app(scope, receive, send)
courier_service-1   |   File "/usr/local/lib/python3.11/site-packages/starlette/routing.py", line 660, in __call__
courier_service-1   |     await self.middleware_stack(scope, receive, send)
courier_service-1   |   File "/usr/local/lib/python3.11/site-packages/starlette/routing.py", line 680, in app
courier_service-1   |     await route.handle(scope, receive, send)
courier_service-1   |   File "/usr/local/lib/python3.11/site-packages/starlette/routing.py", line 276, in handle
courier_service-1   |     await self.app(scope, receive, send)
courier_service-1   |   File "/usr/local/lib/python3.11/site-packages/fastapi/routing.py", line 134, in app
courier_service-1   |     await wrap_app_handling_exceptions(app, request)(scope, receive, send)
courier_service-1   |   File "/usr/local/lib/python3.11/site-packages/starlette/_exception_handler.py", line 53, in wrapped_app
courier_service-1   |     raise exc
courier_service-1   |   File "/usr/local/lib/python3.11/site-packages/starlette/_exception_handler.py", line 42, in wrapped_app
courier_service-1   |     await app(scope, receive, sender)
courier_service-1   |   File "/usr/local/lib/python3.11/site-packages/fastapi/routing.py", line 120, in app
courier_service-1   |     response = await f(request)
courier_service-1   |                ^^^^^^^^^^^^^^^^
courier_service-1   |   File "/usr/local/lib/python3.11/site-packages/fastapi/routing.py", line 674, in app
courier_service-1   |     raw_response = await run_endpoint_function(
courier_service-1   |                    ^^^^^^^^^^^^^^^^^^^^^^^^^^^^
courier_service-1   |   File "/usr/local/lib/python3.11/site-packages/fastapi/routing.py", line 328, in run_endpoint_function
courier_service-1   |     return await dependant.call(**values)
courier_service-1   |            ^^^^^^^^^^^^^^^^^^^^^^^^^^^^^^
courier_service-1   |   File "/app/courier_service/routes.py", line 245, in list_couriers
courier_service-1   |     couriers = await service.get_all_couriers()
courier_service-1   |                ^^^^^^^^^^^^^^^^^^^^^^^^^^^^^^^^
courier_service-1   |   File "/app/courier_service/courier_service.py", line 370, in get_all_couriers
courier_service-1   |     result = await self.session.execute(select(Courier).execution_options(populate_existing=True))
courier_service-1   |              ^^^^^^^^^^^^^^^^^^^^^^^^^^^^^^^^^^^^^^^^^^^^^^^^^^^^^^^^^^^^^^^^^^^^^^^^^^^^^^^^^^^^^
courier_service-1   |   File "/usr/local/lib/python3.11/site-packages/sqlalchemy/ext/asyncio/session.py", line 449, in execute
courier_service-1   |     result = await greenlet_spawn(
courier_service-1   |              ^^^^^^^^^^^^^^^^^^^^^
courier_service-1   |   File "/usr/local/lib/python3.11/site-packages/sqlalchemy/util/_concurrency_py3k.py", line 201, in greenlet_spawn
courier_service-1   |     result = context.throw(*sys.exc_info())
courier_service-1   |              ^^^^^^^^^^^^^^^^^^^^^^^^^^^^^^
courier_service-1   |   File "/usr/local/lib/python3.11/site-packages/sqlalchemy/orm/session.py", line 2351, in execute
courier_service-1   |     return self._execute_internal(
courier_service-1   |            ^^^^^^^^^^^^^^^^^^^^^^^
courier_service-1   |   File "/usr/local/lib/python3.11/site-packages/sqlalchemy/orm/session.py", line 2239, in _execute_internal
courier_service-1   |     conn = self._connection_for_bind(bind)
courier_service-1   |            ^^^^^^^^^^^^^^^^^^^^^^^^^^^^^^^
courier_service-1   |   File "/usr/local/lib/python3.11/site-packages/sqlalchemy/orm/session.py", line 2108, in _connection_for_bind
courier_service-1   |     return trans._connection_for_bind(engine, execution_options)
courier_service-1   |            ^^^^^^^^^^^^^^^^^^^^^^^^^^^^^^^^^^^^^^^^^^^^^^^^^^^^^
courier_service-1   |   File "<string>", line 2, in _connection_for_bind
courier_service-1   |   File "/usr/local/lib/python3.11/site-packages/sqlalchemy/orm/state_changes.py", line 137, in _go
courier_service-1   |     ret_value = fn(self, *arg, **kw)
courier_service-1   |                 ^^^^^^^^^^^^^^^^^^^^
courier_service-1   |   File "/usr/local/lib/python3.11/site-packages/sqlalchemy/orm/session.py", line 1187, in _connection_for_bind
courier_service-1   |     conn = bind.connect()
courier_service-1   |            ^^^^^^^^^^^^^^
courier_service-1   |   File "/usr/local/lib/python3.11/site-packages/sqlalchemy/engine/base.py", line 3293, in connect
courier_service-1   |     return self._connection_cls(self)
courier_service-1   |            ^^^^^^^^^^^^^^^^^^^^^^^^^^
courier_service-1   |   File "/usr/local/lib/python3.11/site-packages/sqlalchemy/engine/base.py", line 143, in __init__
courier_service-1   |     self._dbapi_connection = engine.raw_connection()
courier_service-1   |                              ^^^^^^^^^^^^^^^^^^^^^^^
courier_service-1   |   File "/usr/local/lib/python3.11/site-packages/sqlalchemy/engine/base.py", line 3317, in raw_connection
courier_service-1   |     return self.pool.connect()
courier_service-1   |            ^^^^^^^^^^^^^^^^^^^
courier_service-1   |   File "/usr/local/lib/python3.11/site-packages/sqlalchemy/pool/base.py", line 448, in connect
courier_service-1   |     return _ConnectionFairy._checkout(self)
courier_service-1   |            ^^^^^^^^^^^^^^^^^^^^^^^^^^^^^^^^
courier_service-1   |   File "/usr/local/lib/python3.11/site-packages/sqlalchemy/pool/base.py", line 1371, in _checkout
courier_service-1   |     with util.safe_reraise():
courier_service-1   |   File "/usr/local/lib/python3.11/site-packages/sqlalchemy/util/langhelpers.py", line 121, in __exit__
courier_service-1   |     raise exc_value.with_traceback(exc_tb)
courier_service-1   |   File "/usr/local/lib/python3.11/site-packages/sqlalchemy/pool/base.py", line 1309, in _checkout
courier_service-1   |     result = pool._dialect._do_ping_w_event(
courier_service-1   |              ^^^^^^^^^^^^^^^^^^^^^^^^^^^^^^^
courier_service-1   |   File "/usr/local/lib/python3.11/site-packages/sqlalchemy/engine/default.py", line 729, in _do_ping_w_event
courier_service-1   |     return self.do_ping(dbapi_connection)
courier_service-1   |            ^^^^^^^^^^^^^^^^^^^^^^^^^^^^^^
courier_service-1   |   File "/usr/local/lib/python3.11/site-packages/sqlalchemy/dialects/postgresql/asyncpg.py", line 1160, in do_ping
courier_service-1   |     dbapi_connection.ping()
courier_service-1   |   File "/usr/local/lib/python3.11/site-packages/sqlalchemy/dialects/postgresql/asyncpg.py", line 818, in ping
courier_service-1   |     self._handle_exception(error)
courier_service-1   |   File "/usr/local/lib/python3.11/site-packages/sqlalchemy/dialects/postgresql/asyncpg.py", line 799, in _handle_exception
courier_service-1   |     raise error
courier_service-1   |   File "/usr/local/lib/python3.11/site-packages/sqlalchemy/dialects/postgresql/asyncpg.py", line 816, in ping
courier_service-1   |     _ = self.await_(self._async_ping())
courier_service-1   |         ^^^^^^^^^^^^^^^^^^^^^^^^^^^^^^^
courier_service-1   |   File "/usr/local/lib/python3.11/site-packages/sqlalchemy/util/_concurrency_py3k.py", line 132, in await_only
courier_service-1   |     return current.parent.switch(awaitable)  # type: ignore[no-any-return,attr-defined] # noqa: E501
courier_service-1   |            ^^^^^^^^^^^^^^^^^^^^^^^^^^^^^^^^
courier_service-1   |   File "/usr/local/lib/python3.11/site-packages/sqlalchemy/util/_concurrency_py3k.py", line 196, in greenlet_spawn
courier_service-1   |     value = await result
courier_service-1   |             ^^^^^^^^^^^^
courier_service-1   |   File "/usr/local/lib/python3.11/site-packages/sqlalchemy/dialects/postgresql/asyncpg.py", line 825, in _async_ping
courier_service-1   |     await tr.start()
courier_service-1   |   File "/usr/local/lib/python3.11/site-packages/asyncpg/transaction.py", line 146, in start
courier_service-1   |     await self._connection.execute(query)
courier_service-1   |   File "/usr/local/lib/python3.11/site-packages/asyncpg/connection.py", line 354, in execute
courier_service-1   |     result = await self._protocol.query(query, timeout)
courier_service-1   |              ^^^^^^^^^^^^^^^^^^^^^^^^^^^^^^^^^^^^^^^^^^
courier_service-1   |   File "asyncpg/protocol/protocol.pyx", line 369, in query
courier_service-1   | RuntimeError: Task <Task pending name='starlette.middleware.base.BaseHTTPMiddleware.__call__.<locals>.call_next.<locals>.coro' coro=<BaseHTTPMiddleware.__call__.<locals>.call_next.<locals>.coro() running at /usr/local/lib/python3.11/site-packages/starlette/middleware/base.py:144> cb=[TaskGroup._spawn.<locals>.task_done() at /usr/local/lib/python3.11/site-packages/anyio/_backends/_asyncio.py:821]> got Future <Future pending cb=[BaseProtocol._on_waiter_completed()]> attached to a different loop
courier_service-1   | Future exception was never retrieved
courier_service-1   | future: <Future finished exception=InternalClientError('got result for unknown protocol state 3')>
courier_service-1   | Traceback (most recent call last):
courier_service-1   |   File "asyncpg/protocol/protocol.pyx", line 892, in asyncpg.protocol.protocol.BaseProtocol._dispatch_result
courier_service-1   | asyncpg.exceptions._base.InternalClientError: got result for unknown protocol state 3
courier_service-1   | Exception terminating connection <AdaptedConnection <asyncpg.connection.Connection object at 0x7f46bc324400>>
courier_service-1   | Traceback (most recent call last):
courier_service-1   |   File "/usr/local/lib/python3.11/site-packages/sqlalchemy/pool/base.py", line 373, in _close_connection
courier_service-1   |     self._dialect.do_terminate(connection)
courier_service-1   |   File "/usr/local/lib/python3.11/site-packages/sqlalchemy/dialects/postgresql/asyncpg.py", line 1127, in do_terminate
courier_service-1   |     dbapi_connection.terminate()
courier_service-1   |   File "/usr/local/lib/python3.11/site-packages/sqlalchemy/connectors/asyncio.py", line 402, in terminate
courier_service-1   |     self.await_(asyncio.shield(self._terminate_graceful_close()))  # type: ignore[attr-defined] # noqa: E501
courier_service-1   |     ^^^^^^^^^^^^^^^^^^^^^^^^^^^^^^^^^^^^^^^^^^^^^^^^^^^^^^^^^^^^^
courier_service-1   |   File "/usr/local/lib/python3.11/site-packages/sqlalchemy/util/_concurrency_py3k.py", line 132, in await_only
courier_service-1   |     return current.parent.switch(awaitable)  # type: ignore[no-any-return,attr-defined] # noqa: E501
courier_service-1   |            ^^^^^^^^^^^^^^^^^^^^^^^^^^^^^^^^
courier_service-1   |   File "/usr/local/lib/python3.11/site-packages/sqlalchemy/util/_concurrency_py3k.py", line 196, in greenlet_spawn
courier_service-1   |     value = await result
courier_service-1   |             ^^^^^^^^^^^^
courier_service-1   |   File "/usr/local/lib/python3.11/site-packages/sqlalchemy/dialects/postgresql/asyncpg.py", line 912, in _terminate_graceful_close
courier_service-1   |     await self._connection.close(timeout=2)
courier_service-1   |   File "/usr/local/lib/python3.11/site-packages/asyncpg/connection.py", line 1513, in close
courier_service-1   |     await self._protocol.close(timeout)
courier_service-1   |   File "asyncpg/protocol/protocol.pyx", line 618, in close
courier_service-1   | RuntimeError: Task <Task pending name='Task-907' coro=<AsyncAdapt_asyncpg_connection._terminate_graceful_close() running at /usr/local/lib/python3.11/site-packages/sqlalchemy/dialects/postgresql/asyncpg.py:912> cb=[shield.<locals>._inner_done_callback() at /usr/local/lib/python3.11/asyncio/tasks.py:891]> got Future <Future pending> attached to a different loop
courier_service-1   | Ответ assign для заказа 20: 500 - {"detail":"Assignment error: 500: Failed to get couriers"}
courier_service-1   | Маршрут для заказа 19: 6 -> 21 = [6, 22, 21]
courier_service-1   | [CourierEmulator] move error for courier 4: Task <Task pending name='Task-906' coro=<CourierEmulator._move_along_route() running at /app/courier_service/courier_service.py:139> cb=[_run_until_complete_cb() at /usr/local/lib/python3.11/asyncio/base_events.py:181]> got Future <Future pending cb=[BaseProtocol._on_waiter_completed()]> attached to a different loop
courier_service-1   | INFO:     172.18.0.6:38658 - "GET /api/couriers/ HTTP/1.1" 200 OK
courier_service-1   | Ответ assign для заказа 19: 200 - {"status":"no_couriers_available"}
courier_service-1   | Маршрут для заказа 18: 39 -> 48 = [39, 42, 40, 24, 46, 38, 48]
courier_service-1   | INFO:     172.18.0.6:38664 - "GET /api/couriers/ HTTP/1.1" 200 OK
courier_service-1   | Ответ assign для заказа 18: 200 - {"status":"no_couriers_available"}
courier_service-1   | Маршрут для заказа 17: 22 -> 25 = [22, 1, 25]
courier_service-1   | INFO:     172.18.0.6:38672 - "GET /api/couriers/ HTTP/1.1" 200 OK
courier_service-1   | Ответ assign для заказа 17: 200 - {"status":"no_couriers_available"}
courier_service-1   | Маршрут для заказа 16: 5 -> 2 = [5, 29, 34, 42, 40, 24, 7, 2]
courier_service-1   | INFO:     172.18.0.6:38676 - "GET /api/couriers/ HTTP/1.1" 200 OK
courier_service-1   | Ответ assign для заказа 16: 200 - {"status":"no_couriers_available"}
courier_service-1   | Маршрут для заказа 15: 38 -> 29 = [38, 46, 24, 40, 42, 34, 29]
courier_service-1   | INFO:     172.18.0.6:38682 - "GET /api/couriers/ HTTP/1.1" 200 OK
courier_service-1   | Ответ assign для заказа 15: 200 - {"status":"no_couriers_available"}
courier_service-1   | Маршрут для заказа 14: 21 -> 6 = [21, 22, 6]
courier_service-1   | INFO:     172.18.0.6:38696 - "GET /api/couriers/ HTTP/1.1" 200 OK
courier_service-1   | Ответ assign для заказа 14: 200 - {"status":"no_couriers_available"}
courier_service-1   | Маршрут для заказа 13: 4 -> 33 = [4, 33]
courier_service-1   | INFO:     172.18.0.6:38710 - "GET /api/couriers/ HTTP/1.1" 200 OK
courier_service-1   | Ответ assign для заказа 13: 200 - {"status":"no_couriers_available"}
courier_service-1   | Маршрут для заказа 12: 37 -> 10 = [37, 7, 2, 10]
courier_service-1   | INFO:     172.18.0.6:38726 - "GET /api/couriers/ HTTP/1.1" 200 OK
courier_service-1   | Ответ assign для заказа 12: 200 - {"status":"no_couriers_available"}
courier_service-1   | Маршрут для заказа 11: 20 -> 37 = [20, 37]
courier_service-1   | INFO:     172.18.0.6:38728 - "GET /api/couriers/ HTTP/1.1" 200 OK
courier_service-1   | Ответ assign для заказа 11: 200 - {"status":"no_couriers_available"}
courier_service-1   | Маршрут для заказа 10: 3 -> 14 = [3, 14]
courier_service-1   | INFO:     172.18.0.6:38738 - "GET /api/couriers/ HTTP/1.1" 200 OK
courier_service-1   | Ответ assign для заказа 10: 200 - {"status":"no_couriers_available"}
courier_service-1   | Маршрут для заказа 9: 36 -> 41 = [36, 41]
courier_service-1   | INFO:     172.18.0.6:38748 - "GET /api/couriers/ HTTP/1.1" 200 OK
courier_service-1   | Ответ assign для заказа 9: 200 - {"status":"no_couriers_available"}
courier_service-1   | Маршрут для заказа 8: 19 -> 18 = [19, 18]
courier_service-1   | INFO:     172.18.0.6:38754 - "GET /api/couriers/ HTTP/1.1" 200 OK
courier_service-1   | Ответ assign для заказа 8: 200 - {"status":"no_couriers_available"}
courier_service-1   | Маршрут для заказа 7: 2 -> 45 = [2, 7, 24, 40, 42, 34, 29, 5, 45]
courier_service-1   | INFO:     172.18.0.8:44276 - "GET /api/couriers/ HTTP/1.1" 200 OK
courier_service-1   | INFO:     172.18.0.6:38770 - "GET /api/couriers/ HTTP/1.1" 200 OK
courier_service-1   | Ответ assign для заказа 7: 200 - {"status":"no_couriers_available"}
courier_service-1   | Маршрут для заказа 6: 35 -> 22 = [35, 22]
courier_service-1   | INFO:     172.18.0.6:38774 - "GET /api/couriers/ HTTP/1.1" 200 OK
courier_service-1   | INFO:     172.18.0.8:44282 - "GET /api/couriers/ HTTP/1.1" 200 OK
courier_service-1   | Exception terminating connection <AdaptedConnection <asyncpg.connection.Connection object at 0x7f46bc3257b0>>
courier_service-1   | Traceback (most recent call last):
courier_service-1   |   File "/usr/local/lib/python3.11/site-packages/sqlalchemy/pool/base.py", line 373, in _close_connection
courier_service-1   |     self._dialect.do_terminate(connection)
courier_service-1   |   File "/usr/local/lib/python3.11/site-packages/sqlalchemy/dialects/postgresql/asyncpg.py", line 1127, in do_terminate
courier_service-1   |     dbapi_connection.terminate()
courier_service-1   |   File "/usr/local/lib/python3.11/site-packages/sqlalchemy/connectors/asyncio.py", line 402, in terminate
courier_service-1   |     self.await_(asyncio.shield(self._terminate_graceful_close()))  # type: ignore[attr-defined] # noqa: E501
courier_service-1   |     ^^^^^^^^^^^^^^^^^^^^^^^^^^^^^^^^^^^^^^^^^^^^^^^^^^^^^^^^^^^^^
courier_service-1   |   File "/usr/local/lib/python3.11/site-packages/sqlalchemy/util/_concurrency_py3k.py", line 132, in await_only
courier_service-1   |     return current.parent.switch(awaitable)  # type: ignore[no-any-return,attr-defined] # noqa: E501
courier_service-1   |            ^^^^^^^^^^^^^^^^^^^^^^^^^^^^^^^^
courier_service-1   |   File "/usr/local/lib/python3.11/site-packages/sqlalchemy/util/_concurrency_py3k.py", line 196, in greenlet_spawn
courier_service-1   |     value = await result
courier_service-1   |             ^^^^^^^^^^^^
courier_service-1   |   File "/usr/local/lib/python3.11/site-packages/sqlalchemy/dialects/postgresql/asyncpg.py", line 912, in _terminate_graceful_close
courier_service-1   |     await self._connection.close(timeout=2)
courier_service-1   |   File "/usr/local/lib/python3.11/site-packages/asyncpg/connection.py", line 1513, in close
courier_service-1   |     await self._protocol.close(timeout)
courier_service-1   |   File "asyncpg/protocol/protocol.pyx", line 618, in close
courier_service-1   | RuntimeError: Task <Task pending name='Task-960' coro=<AsyncAdapt_asyncpg_connection._terminate_graceful_close() running at /usr/local/lib/python3.11/site-packages/sqlalchemy/dialects/postgresql/asyncpg.py:912> cb=[shield.<locals>._inner_done_callback() at /usr/local/lib/python3.11/asyncio/tasks.py:891]> got Future <Future pending> attached to a different loop
courier_service-1   | Future exception was never retrieved
courier_service-1   | future: <Future finished exception=InternalClientError('got result for unknown protocol state 3')>
courier_service-1   | Traceback (most recent call last):
courier_service-1   |   File "asyncpg/protocol/protocol.pyx", line 892, in asyncpg.protocol.protocol.BaseProtocol._dispatch_result
courier_service-1   | asyncpg.exceptions._base.InternalClientError: got result for unknown protocol state 3
courier_service-1   | Future exception was never retrieved
courier_service-1   | future: <Future finished exception=InternalClientError('got result for unknown protocol state 3')>
courier_service-1   | Traceback (most recent call last):
courier_service-1   |   File "asyncpg/protocol/protocol.pyx", line 892, in asyncpg.protocol.protocol.BaseProtocol._dispatch_result
courier_service-1   | asyncpg.exceptions._base.InternalClientError: got result for unknown protocol state 3
courier_service-1   | Exception terminating connection <AdaptedConnection <asyncpg.connection.Connection object at 0x7f46bc370040>>
courier_service-1   | Traceback (most recent call last):
courier_service-1   |   File "/usr/local/lib/python3.11/site-packages/sqlalchemy/pool/base.py", line 373, in _close_connection
courier_service-1   |     self._dialect.do_terminate(connection)
courier_service-1   |   File "/usr/local/lib/python3.11/site-packages/sqlalchemy/dialects/postgresql/asyncpg.py", line 1127, in do_terminate
courier_service-1   |     dbapi_connection.terminate()
courier_service-1   |   File "/usr/local/lib/python3.11/site-packages/sqlalchemy/connectors/asyncio.py", line 402, in terminate
courier_service-1   |     self.await_(asyncio.shield(self._terminate_graceful_close()))  # type: ignore[attr-defined] # noqa: E501
courier_service-1   |     ^^^^^^^^^^^^^^^^^^^^^^^^^^^^^^^^^^^^^^^^^^^^^^^^^^^^^^^^^^^^^
courier_service-1   |   File "/usr/local/lib/python3.11/site-packages/sqlalchemy/util/_concurrency_py3k.py", line 132, in await_only
courier_service-1   |     return current.parent.switch(awaitable)  # type: ignore[no-any-return,attr-defined] # noqa: E501
courier_service-1   |            ^^^^^^^^^^^^^^^^^^^^^^^^^^^^^^^^
courier_service-1   |   File "/usr/local/lib/python3.11/site-packages/sqlalchemy/util/_concurrency_py3k.py", line 196, in greenlet_spawn
courier_service-1   |     value = await result
courier_service-1   |             ^^^^^^^^^^^^
courier_service-1   |   File "/usr/local/lib/python3.11/site-packages/sqlalchemy/dialects/postgresql/asyncpg.py", line 912, in _terminate_graceful_close
courier_service-1   |     await self._connection.close(timeout=2)
courier_service-1   |   File "/usr/local/lib/python3.11/site-packages/asyncpg/connection.py", line 1513, in close
courier_service-1   |     await self._protocol.close(timeout)
courier_service-1   |   File "asyncpg/protocol/protocol.pyx", line 618, in close
courier_service-1   | RuntimeError: Task <Task pending name='Task-964' coro=<AsyncAdapt_asyncpg_connection._terminate_graceful_close() running at /usr/local/lib/python3.11/site-packages/sqlalchemy/dialects/postgresql/asyncpg.py:912> cb=[shield.<locals>._inner_done_callback() at /usr/local/lib/python3.11/asyncio/tasks.py:891]> got Future <Future pending> attached to a different loop
courier_service-1   | Future exception was never retrieved
courier_service-1   | future: <Future finished exception=InternalClientError('got result for unknown protocol state 3')>
courier_service-1   | Traceback (most recent call last):
courier_service-1   |   File "asyncpg/protocol/protocol.pyx", line 892, in asyncpg.protocol.protocol.BaseProtocol._dispatch_result
courier_service-1   | asyncpg.exceptions._base.InternalClientError: got result for unknown protocol state 3
courier_service-1   | Exception terminating connection <AdaptedConnection <asyncpg.connection.Connection object at 0x7f46bc4bb100>>
courier_service-1   | Traceback (most recent call last):
courier_service-1   |   File "/usr/local/lib/python3.11/site-packages/sqlalchemy/pool/base.py", line 373, in _close_connection
courier_service-1   |     self._dialect.do_terminate(connection)
courier_service-1   |   File "/usr/local/lib/python3.11/site-packages/sqlalchemy/dialects/postgresql/asyncpg.py", line 1127, in do_terminate
courier_service-1   |     dbapi_connection.terminate()
courier_service-1   |   File "/usr/local/lib/python3.11/site-packages/sqlalchemy/connectors/asyncio.py", line 402, in terminate
courier_service-1   |     self.await_(asyncio.shield(self._terminate_graceful_close()))  # type: ignore[attr-defined] # noqa: E501
courier_service-1   |     ^^^^^^^^^^^^^^^^^^^^^^^^^^^^^^^^^^^^^^^^^^^^^^^^^^^^^^^^^^^^^
courier_service-1   |   File "/usr/local/lib/python3.11/site-packages/sqlalchemy/util/_concurrency_py3k.py", line 132, in await_only
courier_service-1   |     return current.parent.switch(awaitable)  # type: ignore[no-any-return,attr-defined] # noqa: E501
courier_service-1   |            ^^^^^^^^^^^^^^^^^^^^^^^^^^^^^^^^
courier_service-1   |   File "/usr/local/lib/python3.11/site-packages/sqlalchemy/util/_concurrency_py3k.py", line 196, in greenlet_spawn
courier_service-1   |     value = await result
courier_service-1   |             ^^^^^^^^^^^^
courier_service-1   |   File "/usr/local/lib/python3.11/site-packages/sqlalchemy/dialects/postgresql/asyncpg.py", line 912, in _terminate_graceful_close
courier_service-1   |     await self._connection.close(timeout=2)
courier_service-1   |   File "/usr/local/lib/python3.11/site-packages/asyncpg/connection.py", line 1513, in close
courier_service-1   |     await self._protocol.close(timeout)
courier_service-1   |   File "asyncpg/protocol/protocol.pyx", line 618, in close
courier_service-1   | RuntimeError: Task <Task pending name='Task-968' coro=<AsyncAdapt_asyncpg_connection._terminate_graceful_close() running at /usr/local/lib/python3.11/site-packages/sqlalchemy/dialects/postgresql/asyncpg.py:912> cb=[shield.<locals>._inner_done_callback() at /usr/local/lib/python3.11/asyncio/tasks.py:891]> got Future <Future pending> attached to a different loop
courier_service-1   | Future exception was never retrieved
courier_service-1   | future: <Future finished exception=InternalClientError('got result for unknown protocol state 3')>
courier_service-1   | Traceback (most recent call last):
courier_service-1   |   File "asyncpg/protocol/protocol.pyx", line 892, in asyncpg.protocol.protocol.BaseProtocol._dispatch_result
courier_service-1   | asyncpg.exceptions._base.InternalClientError: got result for unknown protocol state 3
courier_service-1   | Future exception was never retrieved
courier_service-1   | future: <Future finished exception=InternalClientError('got result for unknown protocol state 3')>
courier_service-1   | Traceback (most recent call last):
courier_service-1   |   File "asyncpg/protocol/protocol.pyx", line 892, in asyncpg.protocol.protocol.BaseProtocol._dispatch_result
courier_service-1   | asyncpg.exceptions._base.InternalClientError: got result for unknown protocol state 3
courier_service-1   | Exception terminating connection <AdaptedConnection <asyncpg.connection.Connection object at 0x7f46bc3732e0>>
courier_service-1   | Traceback (most recent call last):
courier_service-1   |   File "/usr/local/lib/python3.11/site-packages/sqlalchemy/pool/base.py", line 373, in _close_connection
courier_service-1   |     self._dialect.do_terminate(connection)
courier_service-1   |   File "/usr/local/lib/python3.11/site-packages/sqlalchemy/dialects/postgresql/asyncpg.py", line 1127, in do_terminate
courier_service-1   |     dbapi_connection.terminate()
courier_service-1   |   File "/usr/local/lib/python3.11/site-packages/sqlalchemy/connectors/asyncio.py", line 402, in terminate
courier_service-1   |     self.await_(asyncio.shield(self._terminate_graceful_close()))  # type: ignore[attr-defined] # noqa: E501
courier_service-1   |     ^^^^^^^^^^^^^^^^^^^^^^^^^^^^^^^^^^^^^^^^^^^^^^^^^^^^^^^^^^^^^
courier_service-1   |   File "/usr/local/lib/python3.11/site-packages/sqlalchemy/util/_concurrency_py3k.py", line 132, in await_only
courier_service-1   |     return current.parent.switch(awaitable)  # type: ignore[no-any-return,attr-defined] # noqa: E501
courier_service-1   |            ^^^^^^^^^^^^^^^^^^^^^^^^^^^^^^^^
courier_service-1   |   File "/usr/local/lib/python3.11/site-packages/sqlalchemy/util/_concurrency_py3k.py", line 196, in greenlet_spawn
courier_service-1   |     value = await result
courier_service-1   |             ^^^^^^^^^^^^
courier_service-1   |   File "/usr/local/lib/python3.11/site-packages/sqlalchemy/dialects/postgresql/asyncpg.py", line 912, in _terminate_graceful_close
courier_service-1   |     await self._connection.close(timeout=2)
courier_service-1   |   File "/usr/local/lib/python3.11/site-packages/asyncpg/connection.py", line 1513, in close
courier_service-1   |     await self._protocol.close(timeout)
courier_service-1   |   File "asyncpg/protocol/protocol.pyx", line 618, in close
courier_service-1   | RuntimeError: Task <Task pending name='Task-981' coro=<AsyncAdapt_asyncpg_connection._terminate_graceful_close() running at /usr/local/lib/python3.11/site-packages/sqlalchemy/dialects/postgresql/asyncpg.py:912> cb=[shield.<locals>._inner_done_callback() at /usr/local/lib/python3.11/asyncio/tasks.py:891]> got Future <Future pending> attached to a different loop
